{
  "name": "assays_vertical_1_ec_av__Coma{'max_n': 0, 'strategy': 'COMA_OPT'}",
  "matches": {
    "(('assays_vertical_1_ec_av_source', 'assay_id'), ('assays_vertical_1_ec_av_target', 'assay_id'))": 0.8106407,
    "(('assays_vertical_1_ec_av_source', 'doc_id'), ('assays_vertical_1_ec_av_target', 'src_id'))": 0.5606117
  },
  "metrics": {
    "precision": 0.5,
    "recall": 1.0,
    "f1_score": 0.6666666666666666,
    "precision_at_10_percent": 1.0,
    "precision_at_20_percent": 1.0,
    "precision_at_30_percent": 1.0,
    "precision_at_40_percent": 1.0,
    "precision_at_50_percent": 1.0,
    "precision_at_60_percent": 0.5,
    "precision_at_70_percent": 0.5,
    "precision_at_80_percent": 0.5,
    "precision_at_90_percent": 0.5,
    "recall_at_sizeof_ground_truth": 1.0
  },
  "run_times": {
    "total_time": 0.9473287769997114,
    "algorithm_time": 0.9473142469996674
  }
}