{
  "name": "assays_both_50_70_ac1_ev__Coma{'max_n': 0, 'strategy': 'COMA_OPT'}",
  "matches": {
    "(('assays_both_50_70_ac1_ev_source', 'assay_subcellular_fraction'), ('assays_both_50_70_ac1_ev_target', 'assays_assay_subcellular_fraction'))": 0.8612764,
    "(('assays_both_50_70_ac1_ev_source', 'assay_test_type'), ('assays_both_50_70_ac1_ev_target', 'assays_assay_test_type'))": 0.8344952,
    "(('assays_both_50_70_ac1_ev_source', 'assay_cell_type'), ('assays_both_50_70_ac1_ev_target', 'assays_assay_cell_type'))": 0.8344952,
    "(('assays_both_50_70_ac1_ev_source', 'assay_organism'), ('assays_both_50_70_ac1_ev_target', 'assays_assay_organism'))": 0.8307209,
    "(('assays_both_50_70_ac1_ev_source', 'assay_category'), ('assays_both_50_70_ac1_ev_target', 'assays_assay_category'))": 0.8307209,
    "(('assays_both_50_70_ac1_ev_source', 'assay_strain'), ('assays_both_50_70_ac1_ev_target', 'assays_assay_strain'))": 0.82196486,
    "(('assays_both_50_70_ac1_ev_source', 'assay_type'), ('assays_both_50_70_ac1_ev_target', 'assays_assay_type'))": 0.81105995,
    "(('assays_both_50_70_ac1_ev_source', 'assay_id'), ('assays_both_50_70_ac1_ev_target', 'assays_assay_id'))": 0.79699063,
    "(('assays_both_50_70_ac1_ev_source', 'relationship_type'), ('assays_both_50_70_ac1_ev_target', 'assays_relationship_type'))": 0.7602663,
    "(('assays_both_50_70_ac1_ev_source', 'src_assay_id'), ('assays_both_50_70_ac1_ev_target', 'assays_src_assay_id'))": 0.74859524,
    "(('assays_both_50_70_ac1_ev_source', 'description'), ('assays_both_50_70_ac1_ev_target', 'assays_description'))": 0.710256,
    "(('assays_both_50_70_ac1_ev_source', 'curated_by'), ('assays_both_50_70_ac1_ev_target', 'assays_curated_by'))": 0.69844043,
    "(('assays_both_50_70_ac1_ev_source', 'tissue_id'), ('assays_both_50_70_ac1_ev_target', 'assays_tissue_id'))": 0.6850964
  },
  "metrics": {
    "precision": 1.0,
    "recall": 0.8125,
    "f1_score": 0.896551724137931,
    "precision_at_10_percent": 1.0,
    "precision_at_20_percent": 1.0,
    "precision_at_30_percent": 1.0,
    "precision_at_40_percent": 1.0,
    "precision_at_50_percent": 1.0,
    "precision_at_60_percent": 1.0,
    "precision_at_70_percent": 1.0,
    "precision_at_80_percent": 1.0,
    "precision_at_90_percent": 1.0,
    "recall_at_sizeof_ground_truth": 0.8125
  },
  "run_times": {
    "total_time": 1.0270500280003034,
    "algorithm_time": 1.0270363859999634
  }
}