{
  "name": "assays_both_0_70_ec_ev__Coma{'max_n': 0, 'strategy': 'COMA_OPT'}",
  "matches": {
    "(('assays_both_0_70_ec_ev_source', 'assay_subcellular_fraction'), ('assays_both_0_70_ec_ev_target', 'assay_subcellular_fraction'))": 0.9420817,
    "(('assays_both_0_70_ec_ev_source', 'relationship_type'), ('assays_both_0_70_ec_ev_target', 'relationship_type'))": 0.9381029,
    "(('assays_both_0_70_ec_ev_source', 'assay_test_type'), ('assays_both_0_70_ec_ev_target', 'assay_test_type'))": 0.9340113,
    "(('assays_both_0_70_ec_ev_source', 'assay_tax_id'), ('assays_both_0_70_ec_ev_target', 'assay_tax_id'))": 0.933461,
    "(('assays_both_0_70_ec_ev_source', 'description'), ('assays_both_0_70_ec_ev_target', 'description'))": 0.9330862,
    "(('assays_both_0_70_ec_ev_source', 'assay_category'), ('assays_both_0_70_ec_ev_target', 'assay_category'))": 0.9330862,
    "(('assays_both_0_70_ec_ev_source', 'curated_by'), ('assays_both_0_70_ec_ev_target', 'curated_by'))": 0.93212,
    "(('assays_both_0_70_ec_ev_source', 'bao_format'), ('assays_both_0_70_ec_ev_target', 'bao_format'))": 0.93212,
    "(('assays_both_0_70_ec_ev_source', 'tissue_id'), ('assays_both_0_70_ec_ev_target', 'tissue_id'))": 0.9311099,
    "(('assays_both_0_70_ec_ev_source', 'assay_tissue'), ('assays_both_0_70_ec_ev_target', 'assay_tissue'))": 0.9311099,
    "(('assays_both_0_70_ec_ev_source', 'assay_strain'), ('assays_both_0_70_ec_ev_target', 'assay_strain'))": 0.9311099,
    "(('assays_both_0_70_ec_ev_source', 'assay_type'), ('assays_both_0_70_ec_ev_target', 'assay_type'))": 0.9289454,
    "(('assays_both_0_70_ec_ev_source', 'cell_id'), ('assays_both_0_70_ec_ev_target', 'cell_id'))": 0.9289454,
    "(('assays_both_0_70_ec_ev_source', 'src_id'), ('assays_both_0_70_ec_ev_target', 'src_id'))": 0.92778397,
    "(('assays_both_0_70_ec_ev_source', 'assay_id'), ('assays_both_0_70_ec_ev_target', 'assay_id'))": 0.92656446,
    "(('assays_both_0_70_ec_ev_source', 'tid'), ('assays_both_0_70_ec_ev_target', 'tid'))": 0.9239329
  },
  "metrics": {
    "precision": 1.0,
    "recall": 1.0,
    "f1_score": 1.0,
    "precision_at_10_percent": 1.0,
    "precision_at_20_percent": 1.0,
    "precision_at_30_percent": 1.0,
    "precision_at_40_percent": 1.0,
    "precision_at_50_percent": 1.0,
    "precision_at_60_percent": 1.0,
    "precision_at_70_percent": 1.0,
    "precision_at_80_percent": 1.0,
    "precision_at_90_percent": 1.0,
    "recall_at_sizeof_ground_truth": 1.0
  },
  "run_times": {
    "total_time": 1.207204983000338,
    "algorithm_time": 1.2071919230002095
  }
}