{
  "name": "assays_horizontal_100_ac5_av__Coma{'max_n': 0, 'strategy': 'COMA_OPT_INST'}",
  "matches": {
    "(('assays_horizontal_100_ac5_av_source', 'assay_test_type'), ('assays_horizontal_100_ac5_av_target', 'assays_ss_tst_tp'))": 0.56325614,
    "(('assays_horizontal_100_ac5_av_source', 'assay_organism'), ('assays_horizontal_100_ac5_av_target', 'assays_ss_rgnsm'))": 0.5316949,
    "(('assays_horizontal_100_ac5_av_source', 'src_id'), ('assays_horizontal_100_ac5_av_target', 'assays_src_d'))": 0.5282131,
    "(('assays_horizontal_100_ac5_av_source', 'assay_tax_id'), ('assays_horizontal_100_ac5_av_target', 'assays_ss_tx_d'))": 0.5260756,
    "(('assays_horizontal_100_ac5_av_source', 'assay_subcellular_fraction'), ('assays_horizontal_100_ac5_av_target', 'assays_ss_sbclllr_frctn'))": 0.47415376,
    "(('assays_horizontal_100_ac5_av_source', 'assay_strain'), ('assays_horizontal_100_ac5_av_target', 'assays_ss_strn'))": 0.43789798,
    "(('assays_horizontal_100_ac5_av_source', 'curated_by'), ('assays_horizontal_100_ac5_av_target', 'assays_crtd_b'))": 0.43338338,
    "(('assays_horizontal_100_ac5_av_source', 'assay_type'), ('assays_horizontal_100_ac5_av_target', 'assays_ss_tp'))": 0.40889987,
    "(('assays_horizontal_100_ac5_av_source', 'assay_tissue'), ('assays_horizontal_100_ac5_av_target', 'assays_ss_tss'))": 0.39857396,
    "(('assays_horizontal_100_ac5_av_source', 'bao_format'), ('assays_horizontal_100_ac5_av_target', 'assays_b_frmt'))": 0.37178335,
    "(('assays_horizontal_100_ac5_av_source', 'relationship_type'), ('assays_horizontal_100_ac5_av_target', 'assays_rltnshp_tp'))": 0.3678815,
    "(('assays_horizontal_100_ac5_av_source', 'assay_cell_type'), ('assays_horizontal_100_ac5_av_target', 'assays_ss_cll_tp'))": 0.3650871
  },
  "metrics": {
    "precision": 1.0,
    "recall": 0.5217391304347826,
    "f1_score": 0.6857142857142856,
    "precision_at_10_percent": 1.0,
    "precision_at_20_percent": 1.0,
    "precision_at_30_percent": 1.0,
    "precision_at_40_percent": 1.0,
    "precision_at_50_percent": 1.0,
    "precision_at_60_percent": 1.0,
    "precision_at_70_percent": 1.0,
    "precision_at_80_percent": 1.0,
    "precision_at_90_percent": 1.0,
    "recall_at_sizeof_ground_truth": 0.5217391304347826
  },
  "run_times": {
    "total_time": 81.97714024200002,
    "algorithm_time": 81.977111003
  }
}