{
  "name": "assays_both_0_50_ec_ev__Coma{'max_n': 0, 'strategy': 'COMA_OPT_INST'}",
  "matches": {
    "(('assays_both_0_50_ec_ev_source', 'curated_by'), ('assays_both_0_50_ec_ev_target', 'curated_by'))": 0.9252044,
    "(('assays_both_0_50_ec_ev_source', 'assay_tax_id'), ('assays_both_0_50_ec_ev_target', 'assay_tax_id'))": 0.880599,
    "(('assays_both_0_50_ec_ev_source', 'confidence_score'), ('assays_both_0_50_ec_ev_target', 'confidence_score'))": 0.86088735,
    "(('assays_both_0_50_ec_ev_source', 'assay_tissue'), ('assays_both_0_50_ec_ev_target', 'assay_tissue'))": 0.7799163,
    "(('assays_both_0_50_ec_ev_source', 'tissue_id'), ('assays_both_0_50_ec_ev_target', 'tissue_id'))": 0.7788662,
    "(('assays_both_0_50_ec_ev_source', 'assay_cell_type'), ('assays_both_0_50_ec_ev_target', 'assay_cell_type'))": 0.72671735,
    "(('assays_both_0_50_ec_ev_source', 'assay_category'), ('assays_both_0_50_ec_ev_target', 'assay_category'))": 0.7259773,
    "(('assays_both_0_50_ec_ev_source', 'assay_strain'), ('assays_both_0_50_ec_ev_target', 'assay_strain'))": 0.7243963,
    "(('assays_both_0_50_ec_ev_source', 'cell_id'), ('assays_both_0_50_ec_ev_target', 'cell_id'))": 0.7226647,
    "(('assays_both_0_50_ec_ev_source', 'doc_id'), ('assays_both_0_50_ec_ev_target', 'doc_id'))": 0.7219356,
    "(('assays_both_0_50_ec_ev_source', 'assay_id'), ('assays_both_0_50_ec_ev_target', 'assay_id'))": 0.7207599
  },
  "metrics": {
    "precision": 1.0,
    "recall": 1.0,
    "f1_score": 1.0,
    "precision_at_10_percent": 1.0,
    "precision_at_20_percent": 1.0,
    "precision_at_30_percent": 1.0,
    "precision_at_40_percent": 1.0,
    "precision_at_50_percent": 1.0,
    "precision_at_60_percent": 1.0,
    "precision_at_70_percent": 1.0,
    "precision_at_80_percent": 1.0,
    "precision_at_90_percent": 1.0,
    "recall_at_sizeof_ground_truth": 1.0
  },
  "run_times": {
    "total_time": 29.477283022000847,
    "algorithm_time": 29.477269253000486
  }
}