{
  "name": "assays_both_0_50_ac4_ev__Coma{'max_n': 0, 'strategy': 'COMA_OPT_INST'}",
  "matches": {
    "(('assays_both_0_50_ac4_ev_source', 'assay_tax_id'), ('assays_both_0_50_ac4_ev_target', 'assays_ASSTI'))": 0.50938207,
    "(('assays_both_0_50_ac4_ev_source', 'assay_id'), ('assays_both_0_50_ac4_ev_target', 'assays_SRI'))": 0.48894507,
    "(('assays_both_0_50_ac4_ev_source', 'curated_by'), ('assays_both_0_50_ac4_ev_target', 'assays_CURB'))": 0.4297142,
    "(('assays_both_0_50_ac4_ev_source', 'assay_tissue'), ('assays_both_0_50_ac4_ev_target', 'assays_TISI'))": 0.41577992
  },
  "metrics": {
    "precision": 0.5,
    "recall": 0.18181818181818182,
    "f1_score": 0.26666666666666666,
    "precision_at_10_percent": 1.0,
    "precision_at_20_percent": 1.0,
    "precision_at_30_percent": 0.5,
    "precision_at_40_percent": 0.5,
    "precision_at_50_percent": 0.5,
    "precision_at_60_percent": 0.6666666666666666,
    "precision_at_70_percent": 0.6666666666666666,
    "precision_at_80_percent": 0.5,
    "precision_at_90_percent": 0.5,
    "recall_at_sizeof_ground_truth": 0.18181818181818182
  },
  "run_times": {
    "total_time": 47.16953681099949,
    "algorithm_time": 47.1695212199993
  }
}