{
  "name": "assays_both_50_70_ac3_ev__Coma{'max_n': 0, 'strategy': 'COMA_OPT_INST'}",
  "matches": {
    "(('assays_both_50_70_ac3_ev_source', 'src_id'), ('assays_both_50_70_ac3_ev_target', 'src_d'))": 0.6603473,
    "(('assays_both_50_70_ac3_ev_source', 'assay_test_type'), ('assays_both_50_70_ac3_ev_target', 'ss_tst_tp'))": 0.42471996,
    "(('assays_both_50_70_ac3_ev_source', 'bao_format'), ('assays_both_50_70_ac3_ev_target', 'b_frmt'))": 0.39038122,
    "(('assays_both_50_70_ac3_ev_source', 'assay_organism'), ('assays_both_50_70_ac3_ev_target', 'ss_rgnsm'))": 0.3879849,
    "(('assays_both_50_70_ac3_ev_source', 'chembl_id'), ('assays_both_50_70_ac3_ev_target', 'chmbl_d'))": 0.38531452,
    "(('assays_both_50_70_ac3_ev_source', 'relationship_type'), ('assays_both_50_70_ac3_ev_target', 'rltnshp_tp'))": 0.37082356,
    "(('assays_both_50_70_ac3_ev_source', 'assay_subcellular_fraction'), ('assays_both_50_70_ac3_ev_target', 'ss_sbclllr_frctn'))": 0.36629108,
    "(('assays_both_50_70_ac3_ev_source', 'assay_tax_id'), ('assays_both_50_70_ac3_ev_target', 'ss_tx_d'))": 0.3655301,
    "(('assays_both_50_70_ac3_ev_source', 'description'), ('assays_both_50_70_ac3_ev_target', 'dscrptn'))": 0.3195368,
    "(('assays_both_50_70_ac3_ev_source', 'tissue_id'), ('assays_both_50_70_ac3_ev_target', 'tss_d'))": 0.31826925,
    "(('assays_both_50_70_ac3_ev_source', 'tid'), ('assays_both_50_70_ac3_ev_target', 'tss_d'))": 0.31788906
  },
  "metrics": {
    "precision": 0.9090909090909091,
    "recall": 0.625,
    "f1_score": 0.7407407407407406,
    "precision_at_10_percent": 1.0,
    "precision_at_20_percent": 1.0,
    "precision_at_30_percent": 1.0,
    "precision_at_40_percent": 1.0,
    "precision_at_50_percent": 1.0,
    "precision_at_60_percent": 1.0,
    "precision_at_70_percent": 1.0,
    "precision_at_80_percent": 1.0,
    "precision_at_90_percent": 1.0,
    "recall_at_sizeof_ground_truth": 0.625
  },
  "run_times": {
    "total_time": 57.0146214790002,
    "algorithm_time": 57.01460449099977
  }
}