{
  "name": "assays_vertical_1_ac2_av__Coma{'max_n': 0, 'strategy': 'COMA_OPT_INST'}",
  "matches": {
    "(('assays_vertical_1_ac2_av_source', 'assay_id'), ('assays_vertical_1_ac2_av_target', 'ASSI'))": 0.5198294
  },
  "metrics": {
    "precision": 1.0,
    "recall": 1.0,
    "f1_score": 1.0,
    "precision_at_10_percent": 1.0,
    "precision_at_20_percent": 1.0,
    "precision_at_30_percent": 1.0,
    "precision_at_40_percent": 1.0,
    "precision_at_50_percent": 1.0,
    "precision_at_60_percent": 1.0,
    "precision_at_70_percent": 1.0,
    "precision_at_80_percent": 1.0,
    "precision_at_90_percent": 1.0,
    "recall_at_sizeof_ground_truth": 1.0
  },
  "run_times": {
    "total_time": 18.02029785800005,
    "algorithm_time": 18.020283391000703
  }
}