{
  "name": "assays_both_0_30_ac5_av__Coma{'max_n': 0, 'strategy': 'COMA_OPT_INST'}",
  "matches": {
    "(('assays_both_0_30_ac5_av_source', 'assay_id'), ('assays_both_0_30_ac5_av_target', 'assays_src_d'))": 0.51788765,
    "(('assays_both_0_30_ac5_av_source', 'assay_strain'), ('assays_both_0_30_ac5_av_target', 'assays_ss_strn'))": 0.4397079
  },
  "metrics": {
    "precision": 0.5,
    "recall": 0.16666666666666666,
    "f1_score": 0.25,
    "precision_at_10_percent": 0.0,
    "precision_at_20_percent": 0.0,
    "precision_at_30_percent": 0.0,
    "precision_at_40_percent": 0.0,
    "precision_at_50_percent": 0.0,
    "precision_at_60_percent": 0.5,
    "precision_at_70_percent": 0.5,
    "precision_at_80_percent": 0.5,
    "precision_at_90_percent": 0.5,
    "recall_at_sizeof_ground_truth": 0.16666666666666666
  },
  "run_times": {
    "total_time": 20.45498678200056,
    "algorithm_time": 20.454972206000093
  }
}