{
  "name": "assays_both_0_50_ac2_ev__Coma{'max_n': 0, 'strategy': 'COMA_OPT_INST'}",
  "matches": {
    "(('assays_both_0_50_ac2_ev_source', 'assay_subcellular_fraction'), ('assays_both_0_50_ac2_ev_target', 'ASSUBCELFRAC'))": 0.51419514,
    "(('assays_both_0_50_ac2_ev_source', 'curated_by'), ('assays_both_0_50_ac2_ev_target', 'CUB'))": 0.4790567,
    "(('assays_both_0_50_ac2_ev_source', 'assay_organism'), ('assays_both_0_50_ac2_ev_target', 'ASORG'))": 0.44366223,
    "(('assays_both_0_50_ac2_ev_source', 'bao_format'), ('assays_both_0_50_ac2_ev_target', 'BAFO'))": 0.4106958,
    "(('assays_both_0_50_ac2_ev_source', 'tid'), ('assays_both_0_50_ac2_ev_target', 'Ti'))": 0.3986289,
    "(('assays_both_0_50_ac2_ev_source', 'description'), ('assays_both_0_50_ac2_ev_target', 'Desc'))": 0.3961895,
    "(('assays_both_0_50_ac2_ev_source', 'tissue_id'), ('assays_both_0_50_ac2_ev_target', 'TISI'))": 0.38529128,
    "(('assays_both_0_50_ac2_ev_source', 'assay_id'), ('assays_both_0_50_ac2_ev_target', 'ASSI'))": 0.34317437,
    "(('assays_both_0_50_ac2_ev_source', 'assay_tissue'), ('assays_both_0_50_ac2_ev_target', 'ASTI'))": 0.32049593
  },
  "metrics": {
    "precision": 1.0,
    "recall": 0.8181818181818182,
    "f1_score": 0.9,
    "precision_at_10_percent": 1.0,
    "precision_at_20_percent": 1.0,
    "precision_at_30_percent": 1.0,
    "precision_at_40_percent": 1.0,
    "precision_at_50_percent": 1.0,
    "precision_at_60_percent": 1.0,
    "precision_at_70_percent": 1.0,
    "precision_at_80_percent": 1.0,
    "precision_at_90_percent": 1.0,
    "recall_at_sizeof_ground_truth": 0.8181818181818182
  },
  "run_times": {
    "total_time": 40.554602810998404,
    "algorithm_time": 40.55458598199948
  }
}