{
  "name": "assays_both_0_50_ac5_ev__Coma{'max_n': 0, 'strategy': 'COMA_OPT_INST'}",
  "matches": {
    "(('assays_both_0_50_ac5_ev_source', 'assay_test_type'), ('assays_both_0_50_ac5_ev_target', 'assays_ss_tst_tp'))": 0.5576477,
    "(('assays_both_0_50_ac5_ev_source', 'assay_organism'), ('assays_both_0_50_ac5_ev_target', 'assays_ss_rgnsm'))": 0.5261878,
    "(('assays_both_0_50_ac5_ev_source', 'src_id'), ('assays_both_0_50_ac5_ev_target', 'assays_src_d'))": 0.52340406,
    "(('assays_both_0_50_ac5_ev_source', 'assay_subcellular_fraction'), ('assays_both_0_50_ac5_ev_target', 'assays_ss_sbclllr_frctn'))": 0.46821818,
    "(('assays_both_0_50_ac5_ev_source', 'relationship_type'), ('assays_both_0_50_ac5_ev_target', 'assays_rltnshp_tp'))": 0.3615934
  },
  "metrics": {
    "precision": 1.0,
    "recall": 0.45454545454545453,
    "f1_score": 0.625,
    "precision_at_10_percent": 1.0,
    "precision_at_20_percent": 1.0,
    "precision_at_30_percent": 1.0,
    "precision_at_40_percent": 1.0,
    "precision_at_50_percent": 1.0,
    "precision_at_60_percent": 1.0,
    "precision_at_70_percent": 1.0,
    "precision_at_80_percent": 1.0,
    "precision_at_90_percent": 1.0,
    "recall_at_sizeof_ground_truth": 0.45454545454545453
  },
  "run_times": {
    "total_time": 27.098908545000086,
    "algorithm_time": 27.09889382199981
  }
}