{
  "name": "assays_vertical_50_ac2_av__Coma{'max_n': 0, 'strategy': 'COMA_OPT'}",
  "matches": {
    "(('assays_vertical_50_ac2_av_source', 'variant_id'), ('assays_vertical_50_ac2_av_target', 'VARII'))": 0.4610543,
    "(('assays_vertical_50_ac2_av_source', 'assay_organism'), ('assays_vertical_50_ac2_av_target', 'ASSORGA'))": 0.45695016,
    "(('assays_vertical_50_ac2_av_source', 'assay_id'), ('assays_vertical_50_ac2_av_target', 'ASSI'))": 0.44077522,
    "(('assays_vertical_50_ac2_av_source', 'tid'), ('assays_vertical_50_ac2_av_target', 'TISI'))": 0.43724486,
    "(('assays_vertical_50_ac2_av_source', 'confidence_score'), ('assays_vertical_50_ac2_av_target', 'CONFISC'))": 0.43367815,
    "(('assays_vertical_50_ac2_av_source', 'relationship_type'), ('assays_vertical_50_ac2_av_target', 'RELATT'))": 0.42655563,
    "(('assays_vertical_50_ac2_av_source', 'chembl_id'), ('assays_vertical_50_ac2_av_target', 'CHEI'))": 0.42533168,
    "(('assays_vertical_50_ac2_av_source', 'doc_id'), ('assays_vertical_50_ac2_av_target', 'DOI'))": 0.41784105,
    "(('assays_vertical_50_ac2_av_source', 'assay_category'), ('assays_vertical_50_ac2_av_target', 'ASTY'))": 0.3813971,
    "(('assays_vertical_50_ac2_av_source', 'src_id'), ('assays_vertical_50_ac2_av_target', 'SI'))": 0.33823192
  },
  "metrics": {
    "precision": 0.8,
    "recall": 0.7272727272727273,
    "f1_score": 0.761904761904762,
    "precision_at_10_percent": 1.0,
    "precision_at_20_percent": 1.0,
    "precision_at_30_percent": 1.0,
    "precision_at_40_percent": 0.75,
    "precision_at_50_percent": 0.8,
    "precision_at_60_percent": 0.8333333333333334,
    "precision_at_70_percent": 0.8571428571428571,
    "precision_at_80_percent": 0.875,
    "precision_at_90_percent": 0.7777777777777778,
    "recall_at_sizeof_ground_truth": 0.7272727272727273
  },
  "run_times": {
    "total_time": 1.0272382989987818,
    "algorithm_time": 1.027222835999055
  }
}