{
  "name": "assays_vertical_50_ac4_ev__Coma{'max_n': 0, 'strategy': 'COMA_OPT_INST'}",
  "matches": {
    "(('assays_vertical_50_ac4_ev_source', 'assay_id'), ('assays_vertical_50_ac4_ev_target', 'assays_ASI'))": 0.59429115,
    "(('assays_vertical_50_ac4_ev_source', 'assay_tissue'), ('assays_vertical_50_ac4_ev_target', 'assays_ASTIS'))": 0.57882214,
    "(('assays_vertical_50_ac4_ev_source', 'assay_tax_id'), ('assays_vertical_50_ac4_ev_target', 'assays_ASSTAI'))": 0.5502507,
    "(('assays_vertical_50_ac4_ev_source', 'assay_organism'), ('assays_vertical_50_ac4_ev_target', 'assays_ASSOR'))": 0.539415,
    "(('assays_vertical_50_ac4_ev_source', 'curated_by'), ('assays_vertical_50_ac4_ev_target', 'assays_CURAB'))": 0.4644876,
    "(('assays_vertical_50_ac4_ev_source', 'tid'), ('assays_vertical_50_ac4_ev_target', 'assays_Ti'))": 0.45937485,
    "(('assays_vertical_50_ac4_ev_source', 'doc_id'), ('assays_vertical_50_ac4_ev_target', 'assays_DI'))": 0.40449953,
    "(('assays_vertical_50_ac4_ev_source', 'chembl_id'), ('assays_vertical_50_ac4_ev_target', 'assays_CHI'))": 0.3985047,
    "(('assays_vertical_50_ac4_ev_source', 'assay_strain'), ('assays_vertical_50_ac4_ev_target', 'assays_ASSTR'))": 0.38671944
  },
  "metrics": {
    "precision": 1.0,
    "recall": 0.8181818181818182,
    "f1_score": 0.9,
    "precision_at_10_percent": 1.0,
    "precision_at_20_percent": 1.0,
    "precision_at_30_percent": 1.0,
    "precision_at_40_percent": 1.0,
    "precision_at_50_percent": 1.0,
    "precision_at_60_percent": 1.0,
    "precision_at_70_percent": 1.0,
    "precision_at_80_percent": 1.0,
    "precision_at_90_percent": 1.0,
    "recall_at_sizeof_ground_truth": 0.8181818181818182
  },
  "run_times": {
    "total_time": 33.546936373999415,
    "algorithm_time": 33.546921061999456
  }
}