{
  "name": "assays_both_0_70_ac5_av__Coma{'max_n': 0, 'strategy': 'COMA_OPT_INST'}",
  "matches": {
    "(('assays_both_0_70_ac5_av_source', 'src_id'), ('assays_both_0_70_ac5_av_target', 'assays_src_d'))": 0.52378,
    "(('assays_both_0_70_ac5_av_source', 'assay_organism'), ('assays_both_0_70_ac5_av_target', 'assays_ss_rgnsm'))": 0.3722418,
    "(('assays_both_0_70_ac5_av_source', 'assay_cell_type'), ('assays_both_0_70_ac5_av_target', 'assays_ss_cll_tp'))": 0.35982832,
    "(('assays_both_0_70_ac5_av_source', 'assay_test_type'), ('assays_both_0_70_ac5_av_target', 'assays_ss_tst_tp'))": 0.35982832
  },
  "metrics": {
    "precision": 1.0,
    "recall": 0.25,
    "f1_score": 0.4,
    "precision_at_10_percent": 1.0,
    "precision_at_20_percent": 1.0,
    "precision_at_30_percent": 1.0,
    "precision_at_40_percent": 1.0,
    "precision_at_50_percent": 1.0,
    "precision_at_60_percent": 1.0,
    "precision_at_70_percent": 1.0,
    "precision_at_80_percent": 1.0,
    "precision_at_90_percent": 1.0,
    "recall_at_sizeof_ground_truth": 0.25
  },
  "run_times": {
    "total_time": 82.36520228100017,
    "algorithm_time": 82.36518643899944
  }
}