{
  "name": "assays_vertical_50_ac5_ev__Coma{'max_n': 0, 'strategy': 'COMA_OPT'}",
  "matches": {
    "(('assays_vertical_50_ac5_ev_source', 'assay_id'), ('assays_vertical_50_ac5_ev_target', 'assays_td'))": 0.5645065,
    "(('assays_vertical_50_ac5_ev_source', 'assay_strain'), ('assays_vertical_50_ac5_ev_target', 'assays_ss_strn'))": 0.54972064,
    "(('assays_vertical_50_ac5_ev_source', 'assay_test_type'), ('assays_vertical_50_ac5_ev_target', 'assays_ss_tst_tp'))": 0.45805544
  },
  "metrics": {
    "precision": 0.6666666666666666,
    "recall": 0.18181818181818182,
    "f1_score": 0.28571428571428575,
    "precision_at_10_percent": 0.0,
    "precision_at_20_percent": 0.0,
    "precision_at_30_percent": 0.0,
    "precision_at_40_percent": 0.5,
    "precision_at_50_percent": 0.5,
    "precision_at_60_percent": 0.5,
    "precision_at_70_percent": 0.6666666666666666,
    "precision_at_80_percent": 0.6666666666666666,
    "precision_at_90_percent": 0.6666666666666666,
    "recall_at_sizeof_ground_truth": 0.18181818181818182
  },
  "run_times": {
    "total_time": 1.0186658279999392,
    "algorithm_time": 1.0186502569995355
  }
}