{
  "name": "assays_both_0_30_ec_av__Coma{'max_n': 0, 'strategy': 'COMA_OPT_INST'}",
  "matches": {
    "(('assays_both_0_30_ec_av_source', 'assay_subcellular_fraction'), ('assays_both_0_30_ec_av_target', 'assay_subcellular_fraction'))": 0.7066642,
    "(('assays_both_0_30_ec_av_source', 'assay_test_type'), ('assays_both_0_30_ec_av_target', 'assay_test_type'))": 0.7002078,
    "(('assays_both_0_30_ec_av_source', 'curated_by'), ('assays_both_0_30_ec_av_target', 'curated_by'))": 0.6986948,
    "(('assays_both_0_30_ec_av_source', 'assay_strain'), ('assays_both_0_30_ec_av_target', 'assay_strain'))": 0.69788677,
    "(('assays_both_0_30_ec_av_source', 'chembl_id'), ('assays_both_0_30_ec_av_target', 'chembl_id'))": 0.69788677,
    "(('assays_both_0_30_ec_av_source', 'assay_id'), ('assays_both_0_30_ec_av_target', 'assay_id'))": 0.6942504
  },
  "metrics": {
    "precision": 1.0,
    "recall": 1.0,
    "f1_score": 1.0,
    "precision_at_10_percent": 1.0,
    "precision_at_20_percent": 1.0,
    "precision_at_30_percent": 1.0,
    "precision_at_40_percent": 1.0,
    "precision_at_50_percent": 1.0,
    "precision_at_60_percent": 1.0,
    "precision_at_70_percent": 1.0,
    "precision_at_80_percent": 1.0,
    "precision_at_90_percent": 1.0,
    "recall_at_sizeof_ground_truth": 1.0
  },
  "run_times": {
    "total_time": 26.42529548099992,
    "algorithm_time": 26.42528201800087
  }
}