{
  "name": "assays_vertical_30_ac4_ev__Coma{'max_n': 0, 'strategy': 'COMA_OPT'}",
  "matches": {
    "(('assays_vertical_30_ac4_ev_source', 'assay_id'), ('assays_vertical_30_ac4_ev_target', 'assays_Ti'))": 0.5098097,
    "(('assays_vertical_30_ac4_ev_source', 'assay_id'), ('assays_vertical_30_ac4_ev_target', 'assays_CI'))": 0.5098097,
    "(('assays_vertical_30_ac4_ev_source', 'assay_tissue'), ('assays_vertical_30_ac4_ev_target', 'assays_Ti'))": 0.50940114
  },
  "metrics": {
    "precision": 0.0,
    "recall": 0.0,
    "f1_score": 0,
    "precision_at_10_percent": 0.0,
    "precision_at_20_percent": 0.0,
    "precision_at_30_percent": 0.0,
    "precision_at_40_percent": 0.0,
    "precision_at_50_percent": 0.0,
    "precision_at_60_percent": 0.0,
    "precision_at_70_percent": 0.0,
    "precision_at_80_percent": 0.0,
    "precision_at_90_percent": 0.0,
    "recall_at_sizeof_ground_truth": 0.0
  },
  "run_times": {
    "total_time": 0.9974224679990584,
    "algorithm_time": 0.9974049969987391
  }
}