{
  "name": "assays_both_50_50_ac5_av__Coma{'max_n': 0, 'strategy': 'COMA_OPT'}",
  "matches": {
    "(('assays_both_50_50_ac5_av_source', 'assay_id'), ('assays_both_50_50_ac5_av_target', 'assays_td'))": 0.55562025,
    "(('assays_both_50_50_ac5_av_source', 'assay_strain'), ('assays_both_50_50_ac5_av_target', 'assays_ss_strn'))": 0.54096663,
    "(('assays_both_50_50_ac5_av_source', 'assay_test_type'), ('assays_both_50_50_ac5_av_target', 'assays_ss_tst_tp'))": 0.44860476,
    "(('assays_both_50_50_ac5_av_source', 'assay_cell_type'), ('assays_both_50_50_ac5_av_target', 'assays_ss_cll_tp'))": 0.44860476
  },
  "metrics": {
    "precision": 0.75,
    "recall": 0.2727272727272727,
    "f1_score": 0.39999999999999997,
    "precision_at_10_percent": 0.0,
    "precision_at_20_percent": 0.0,
    "precision_at_30_percent": 0.5,
    "precision_at_40_percent": 0.5,
    "precision_at_50_percent": 0.5,
    "precision_at_60_percent": 0.6666666666666666,
    "precision_at_70_percent": 0.6666666666666666,
    "precision_at_80_percent": 0.75,
    "precision_at_90_percent": 0.75,
    "recall_at_sizeof_ground_truth": 0.2727272727272727
  },
  "run_times": {
    "total_time": 1.0797427400011657,
    "algorithm_time": 1.079727227001058
  }
}