{
  "name": "assays_vertical_30_ac1_av__Coma{'max_n': 0, 'strategy': 'COMA_OPT_INST'}",
  "matches": {
    "(('assays_vertical_30_ac1_av_source', 'assay_type'), ('assays_vertical_30_ac1_av_target', 'assays_assay_type'))": 0.8270339,
    "(('assays_vertical_30_ac1_av_source', 'assay_id'), ('assays_vertical_30_ac1_av_target', 'assays_assay_id'))": 0.8158563,
    "(('assays_vertical_30_ac1_av_source', 'assay_test_type'), ('assays_vertical_30_ac1_av_target', 'assays_assay_test_type'))": 0.64562696,
    "(('assays_vertical_30_ac1_av_source', 'tid'), ('assays_vertical_30_ac1_av_target', 'assays_tid'))": 0.6132897,
    "(('assays_vertical_30_ac1_av_source', 'bao_format'), ('assays_vertical_30_ac1_av_target', 'assays_bao_format'))": 0.5369804,
    "(('assays_vertical_30_ac1_av_source', 'curated_by'), ('assays_vertical_30_ac1_av_target', 'assays_curated_by'))": 0.5369804,
    "(('assays_vertical_30_ac1_av_source', 'assay_tissue'), ('assays_vertical_30_ac1_av_target', 'assays_tissue_id'))": 0.5155656
  },
  "metrics": {
    "precision": 0.8571428571428571,
    "recall": 1.0,
    "f1_score": 0.923076923076923,
    "precision_at_10_percent": 1.0,
    "precision_at_20_percent": 1.0,
    "precision_at_30_percent": 1.0,
    "precision_at_40_percent": 1.0,
    "precision_at_50_percent": 1.0,
    "precision_at_60_percent": 1.0,
    "precision_at_70_percent": 1.0,
    "precision_at_80_percent": 1.0,
    "precision_at_90_percent": 0.8571428571428571,
    "recall_at_sizeof_ground_truth": 1.0
  },
  "run_times": {
    "total_time": 30.579010718000063,
    "algorithm_time": 30.57899558799909
  }
}