{
  "name": "assays_both_0_50_ac2_av__Coma{'max_n': 0, 'strategy': 'COMA_OPT'}",
  "matches": {
    "(('assays_both_0_50_ac2_av_source', 'assay_id'), ('assays_both_0_50_ac2_av_target', 'ASSTY'))": 0.40889275,
    "(('assays_both_0_50_ac2_av_source', 'chembl_id'), ('assays_both_0_50_ac2_av_target', 'CHEI'))": 0.40664148,
    "(('assays_both_0_50_ac2_av_source', 'tissue_id'), ('assays_both_0_50_ac2_av_target', 'TISI'))": 0.40664148,
    "(('assays_both_0_50_ac2_av_source', 'cell_id'), ('assays_both_0_50_ac2_av_target', 'CEI'))": 0.3731715,
    "(('assays_both_0_50_ac2_av_source', 'assay_tissue'), ('assays_both_0_50_ac2_av_target', 'ASTIS'))": 0.37104446,
    "(('assays_both_0_50_ac2_av_source', 'src_assay_id'), ('assays_both_0_50_ac2_av_target', 'SRI'))": 0.3335205,
    "(('assays_both_0_50_ac2_av_source', 'doc_id'), ('assays_both_0_50_ac2_av_target', 'DI'))": 0.32833266
  },
  "metrics": {
    "precision": 0.7142857142857143,
    "recall": 0.45454545454545453,
    "f1_score": 0.5555555555555556,
    "precision_at_10_percent": 0.0,
    "precision_at_20_percent": 0.5,
    "precision_at_30_percent": 0.6666666666666666,
    "precision_at_40_percent": 0.6666666666666666,
    "precision_at_50_percent": 0.75,
    "precision_at_60_percent": 0.8,
    "precision_at_70_percent": 0.8,
    "precision_at_80_percent": 0.6666666666666666,
    "precision_at_90_percent": 0.7142857142857143,
    "recall_at_sizeof_ground_truth": 0.45454545454545453
  },
  "run_times": {
    "total_time": 0.9004703170012363,
    "algorithm_time": 0.9004565240011289
  }
}