{
  "name": "assays_both_50_50_ac1_ev__Coma{'max_n': 0, 'strategy': 'COMA_OPT'}",
  "matches": {
    "(('assays_both_50_50_ac1_ev_source', 'assay_cell_type'), ('assays_both_50_50_ac1_ev_target', 'assays_assay_cell_type'))": 0.8260344,
    "(('assays_both_50_50_ac1_ev_source', 'assay_category'), ('assays_both_50_50_ac1_ev_target', 'assays_assay_category'))": 0.8221854,
    "(('assays_both_50_50_ac1_ev_source', 'assay_tissue'), ('assays_both_50_50_ac1_ev_target', 'assays_assay_tissue'))": 0.8132647,
    "(('assays_both_50_50_ac1_ev_source', 'assay_strain'), ('assays_both_50_50_ac1_ev_target', 'assays_assay_strain'))": 0.8132647,
    "(('assays_both_50_50_ac1_ev_source', 'assay_type'), ('assays_both_50_50_ac1_ev_target', 'assays_assay_type'))": 0.8021717,
    "(('assays_both_50_50_ac1_ev_source', 'assay_id'), ('assays_both_50_50_ac1_ev_target', 'assays_assay_id'))": 0.7878859,
    "(('assays_both_50_50_ac1_ev_source', 'confidence_score'), ('assays_both_50_50_ac1_ev_target', 'assays_confidence_score'))": 0.7452353,
    "(('assays_both_50_50_ac1_ev_source', 'src_assay_id'), ('assays_both_50_50_ac1_ev_target', 'assays_src_assay_id'))": 0.7394011,
    "(('assays_both_50_50_ac1_ev_source', 'bao_format'), ('assays_both_50_50_ac1_ev_target', 'assays_bao_format'))": 0.6916021,
    "(('assays_both_50_50_ac1_ev_source', 'variant_id'), ('assays_both_50_50_ac1_ev_target', 'assays_variant_id'))": 0.68945205,
    "(('assays_both_50_50_ac1_ev_source', 'chembl_id'), ('assays_both_50_50_ac1_ev_target', 'assays_chembl_id'))": 0.67600846
  },
  "metrics": {
    "precision": 1.0,
    "recall": 1.0,
    "f1_score": 1.0,
    "precision_at_10_percent": 1.0,
    "precision_at_20_percent": 1.0,
    "precision_at_30_percent": 1.0,
    "precision_at_40_percent": 1.0,
    "precision_at_50_percent": 1.0,
    "precision_at_60_percent": 1.0,
    "precision_at_70_percent": 1.0,
    "precision_at_80_percent": 1.0,
    "precision_at_90_percent": 1.0,
    "recall_at_sizeof_ground_truth": 1.0
  },
  "run_times": {
    "total_time": 1.0364819330006867,
    "algorithm_time": 1.0364673340009176
  }
}