{
  "name": "assays_both_0_70_ac4_ev__Coma{'max_n': 0, 'strategy': 'COMA_OPT_INST'}",
  "matches": {
    "(('assays_both_0_70_ac4_ev_source', 'assay_type'), ('assays_both_0_70_ac4_ev_target', 'assay_type'))": 0.6937069,
    "(('assays_both_0_70_ac4_ev_source', 'assay_organism'), ('assays_both_0_70_ac4_ev_target', 'assays_ASSORG'))": 0.5312563,
    "(('assays_both_0_70_ac4_ev_source', 'assay_tax_id'), ('assays_both_0_70_ac4_ev_target', 'assays_ASSTI'))": 0.5240568,
    "(('assays_both_0_70_ac4_ev_source', 'assay_id'), ('assays_both_0_70_ac4_ev_target', 'assays_SRI'))": 0.5036198
  },
  "metrics": {
    "precision": 0.75,
    "recall": 0.1875,
    "f1_score": 0.3,
    "precision_at_10_percent": 1.0,
    "precision_at_20_percent": 1.0,
    "precision_at_30_percent": 1.0,
    "precision_at_40_percent": 1.0,
    "precision_at_50_percent": 1.0,
    "precision_at_60_percent": 1.0,
    "precision_at_70_percent": 1.0,
    "precision_at_80_percent": 0.75,
    "precision_at_90_percent": 0.75,
    "recall_at_sizeof_ground_truth": 0.1875
  },
  "run_times": {
    "total_time": 39.68044560299859,
    "algorithm_time": 39.680431715998566
  }
}