{
  "name": "assays_both_50_70_ac4_av__Coma{'max_n': 0, 'strategy': 'COMA_OPT'}",
  "matches": {
    "(('assays_both_50_70_ac4_av_source', 'assay_id'), ('assays_both_50_70_ac4_av_target', 'assays_T'))": 0.51220584,
    "(('assays_both_50_70_ac4_av_source', 'assay_subcellular_fraction'), ('assays_both_50_70_ac4_av_target', 'assays_ASSSUBCEFRAC'))": 0.45111728
  },
  "metrics": {
    "precision": 0.5,
    "recall": 0.0625,
    "f1_score": 0.1111111111111111,
    "precision_at_10_percent": 0.0,
    "precision_at_20_percent": 0.0,
    "precision_at_30_percent": 0.0,
    "precision_at_40_percent": 0.0,
    "precision_at_50_percent": 0.0,
    "precision_at_60_percent": 0.5,
    "precision_at_70_percent": 0.5,
    "precision_at_80_percent": 0.5,
    "precision_at_90_percent": 0.5,
    "recall_at_sizeof_ground_truth": 0.0625
  },
  "run_times": {
    "total_time": 1.0226077010011068,
    "algorithm_time": 1.0225923400012107
  }
}