{
  "name": "assays_horizontal_100_ac4_ev__Coma{'max_n': 0, 'strategy': 'COMA_OPT_INST'}",
  "matches": {
    "(('assays_horizontal_100_ac4_ev_source', 'assay_test_type'), ('assays_horizontal_100_ac4_ev_target', 'assays_ASSTT'))": 0.5360444,
    "(('assays_horizontal_100_ac4_ev_source', 'assay_subcellular_fraction'), ('assays_horizontal_100_ac4_ev_target', 'assays_ASSSUBCELFR'))": 0.51302564,
    "(('assays_horizontal_100_ac4_ev_source', 'assay_tax_id'), ('assays_horizontal_100_ac4_ev_target', 'assays_ASTAI'))": 0.5086939,
    "(('assays_horizontal_100_ac4_ev_source', 'assay_id'), ('assays_horizontal_100_ac4_ev_target', 'assays_SI'))": 0.5054794,
    "(('assays_horizontal_100_ac4_ev_source', 'assay_organism'), ('assays_horizontal_100_ac4_ev_target', 'assays_ASOR'))": 0.49818358,
    "(('assays_horizontal_100_ac4_ev_source', 'assay_tissue'), ('assays_horizontal_100_ac4_ev_target', 'assays_ASSTIS'))": 0.4384993,
    "(('assays_horizontal_100_ac4_ev_source', 'assay_type'), ('assays_horizontal_100_ac4_ev_target', 'assays_ASST'))": 0.4257931,
    "(('assays_horizontal_100_ac4_ev_source', 'relationship_type'), ('assays_horizontal_100_ac4_ev_target', 'assays_RELATITY'))": 0.42234716,
    "(('assays_horizontal_100_ac4_ev_source', 'curated_by'), ('assays_horizontal_100_ac4_ev_target', 'assays_CUB'))": 0.40180698,
    "(('assays_horizontal_100_ac4_ev_source', 'assay_strain'), ('assays_horizontal_100_ac4_ev_target', 'assays_ASSTR'))": 0.39078388
  },
  "metrics": {
    "precision": 0.9,
    "recall": 0.391304347826087,
    "f1_score": 0.5454545454545454,
    "precision_at_10_percent": 1.0,
    "precision_at_20_percent": 1.0,
    "precision_at_30_percent": 1.0,
    "precision_at_40_percent": 0.75,
    "precision_at_50_percent": 0.8,
    "precision_at_60_percent": 0.8333333333333334,
    "precision_at_70_percent": 0.8571428571428571,
    "precision_at_80_percent": 0.875,
    "precision_at_90_percent": 0.8888888888888888,
    "recall_at_sizeof_ground_truth": 0.391304347826087
  },
  "run_times": {
    "total_time": 83.861298487,
    "algorithm_time": 83.861280723
  }
}