{
  "name": "assays_horizontal_0_ec_av__Coma{'max_n': 0, 'strategy': 'COMA_OPT_INST'}",
  "matches": {
    "(('assays_horizontal_0_ec_av_source', 'curated_by'), ('assays_horizontal_0_ec_av_target', 'curated_by'))": 0.9666666,
    "(('assays_horizontal_0_ec_av_source', 'assay_test_type'), ('assays_horizontal_0_ec_av_target', 'assay_test_type'))": 0.966169,
    "(('assays_horizontal_0_ec_av_source', 'assay_subcellular_fraction'), ('assays_horizontal_0_ec_av_target', 'assay_subcellular_fraction'))": 0.9350608,
    "(('assays_horizontal_0_ec_av_source', 'assay_tax_id'), ('assays_horizontal_0_ec_av_target', 'assay_tax_id'))": 0.9220638,
    "(('assays_horizontal_0_ec_av_source', 'assay_organism'), ('assays_horizontal_0_ec_av_target', 'assay_organism'))": 0.9216688,
    "(('assays_horizontal_0_ec_av_source', 'bao_format'), ('assays_horizontal_0_ec_av_target', 'bao_format'))": 0.90506667,
    "(('assays_horizontal_0_ec_av_source', 'relationship_type'), ('assays_horizontal_0_ec_av_target', 'relationship_type'))": 0.9024091,
    "(('assays_horizontal_0_ec_av_source', 'assay_tissue'), ('assays_horizontal_0_ec_av_target', 'assay_tissue'))": 0.82151335,
    "(('assays_horizontal_0_ec_av_source', 'tissue_id'), ('assays_horizontal_0_ec_av_target', 'tissue_id'))": 0.8204273,
    "(('assays_horizontal_0_ec_av_source', 'assay_type'), ('assays_horizontal_0_ec_av_target', 'assay_type'))": 0.81024444,
    "(('assays_horizontal_0_ec_av_source', 'description'), ('assays_horizontal_0_ec_av_target', 'description'))": 0.8042822,
    "(('assays_horizontal_0_ec_av_source', 'confidence_score'), ('assays_horizontal_0_ec_av_target', 'confidence_score'))": 0.77037036,
    "(('assays_horizontal_0_ec_av_source', 'assay_cell_type'), ('assays_horizontal_0_ec_av_target', 'assay_cell_type'))": 0.768,
    "(('assays_horizontal_0_ec_av_source', 'assay_category'), ('assays_horizontal_0_ec_av_target', 'assay_category'))": 0.767347,
    "(('assays_horizontal_0_ec_av_source', 'variant_id'), ('assays_horizontal_0_ec_av_target', 'variant_id'))": 0.76666665,
    "(('assays_horizontal_0_ec_av_source', 'assay_strain'), ('assays_horizontal_0_ec_av_target', 'assay_strain'))": 0.7659575,
    "(('assays_horizontal_0_ec_av_source', 'chembl_id'), ('assays_horizontal_0_ec_av_target', 'chembl_id'))": 0.7659575,
    "(('assays_horizontal_0_ec_av_source', 'src_assay_id'), ('assays_horizontal_0_ec_av_target', 'src_assay_id'))": 0.7644445,
    "(('assays_horizontal_0_ec_av_source', 'cell_id'), ('assays_horizontal_0_ec_av_target', 'cell_id'))": 0.7644445,
    "(('assays_horizontal_0_ec_av_source', 'doc_id'), ('assays_horizontal_0_ec_av_target', 'doc_id'))": 0.76363635,
    "(('assays_horizontal_0_ec_av_source', 'src_id'), ('assays_horizontal_0_ec_av_target', 'src_id'))": 0.76363635,
    "(('assays_horizontal_0_ec_av_source', 'assay_id'), ('assays_horizontal_0_ec_av_target', 'assay_id'))": 0.7627907,
    "(('assays_horizontal_0_ec_av_source', 'tid'), ('assays_horizontal_0_ec_av_target', 'tid'))": 0.7609756
  },
  "metrics": {
    "precision": 1.0,
    "recall": 1.0,
    "f1_score": 1.0,
    "precision_at_10_percent": 1.0,
    "precision_at_20_percent": 1.0,
    "precision_at_30_percent": 1.0,
    "precision_at_40_percent": 1.0,
    "precision_at_50_percent": 1.0,
    "precision_at_60_percent": 1.0,
    "precision_at_70_percent": 1.0,
    "precision_at_80_percent": 1.0,
    "precision_at_90_percent": 1.0,
    "recall_at_sizeof_ground_truth": 1.0
  },
  "run_times": {
    "total_time": 74.09519203200034,
    "algorithm_time": 74.09517560399945
  }
}