{
  "name": "assays_horizontal_0_ac1_ev__Coma{'max_n': 0, 'strategy': 'COMA_OPT_INST'}",
  "matches": {
    "(('assays_horizontal_0_ac1_ev_source', 'assay_test_type'), ('assays_horizontal_0_ac1_ev_target', 'assays_assay_test_type'))": 0.8739732,
    "(('assays_horizontal_0_ac1_ev_source', 'assay_subcellular_fraction'), ('assays_horizontal_0_ac1_ev_target', 'assays_assay_subcellular_fraction'))": 0.85809916,
    "(('assays_horizontal_0_ac1_ev_source', 'assay_organism'), ('assays_horizontal_0_ac1_ev_target', 'assays_assay_organism'))": 0.8271594,
    "(('assays_horizontal_0_ac1_ev_source', 'assay_tax_id'), ('assays_horizontal_0_ac1_ev_target', 'assays_assay_tax_id'))": 0.82202494,
    "(('assays_horizontal_0_ac1_ev_source', 'curated_by'), ('assays_horizontal_0_ac1_ev_target', 'assays_curated_by'))": 0.7673465,
    "(('assays_horizontal_0_ac1_ev_source', 'relationship_type'), ('assays_horizontal_0_ac1_ev_target', 'assays_relationship_type'))": 0.7479165,
    "(('assays_horizontal_0_ac1_ev_source', 'confidence_score'), ('assays_horizontal_0_ac1_ev_target', 'assays_confidence_score'))": 0.7427422,
    "(('assays_horizontal_0_ac1_ev_source', 'assay_tissue'), ('assays_horizontal_0_ac1_ev_target', 'assays_assay_tissue'))": 0.7215045,
    "(('assays_horizontal_0_ac1_ev_source', 'src_id'), ('assays_horizontal_0_ac1_ev_target', 'assays_src_id'))": 0.71449935,
    "(('assays_horizontal_0_ac1_ev_source', 'bao_format'), ('assays_horizontal_0_ac1_ev_target', 'assays_bao_format'))": 0.7057465,
    "(('assays_horizontal_0_ac1_ev_source', 'assay_type'), ('assays_horizontal_0_ac1_ev_target', 'assays_assay_type'))": 0.7031566,
    "(('assays_horizontal_0_ac1_ev_source', 'assay_cell_type'), ('assays_horizontal_0_ac1_ev_target', 'assays_assay_cell_type'))": 0.67580414,
    "(('assays_horizontal_0_ac1_ev_source', 'assay_category'), ('assays_horizontal_0_ac1_ev_target', 'assays_assay_category'))": 0.67283756,
    "(('assays_horizontal_0_ac1_ev_source', 'assay_strain'), ('assays_horizontal_0_ac1_ev_target', 'assays_assay_strain'))": 0.6659487,
    "(('assays_horizontal_0_ac1_ev_source', 'description'), ('assays_horizontal_0_ac1_ev_target', 'assays_description'))": 0.6136645,
    "(('assays_horizontal_0_ac1_ev_source', 'tissue_id'), ('assays_horizontal_0_ac1_ev_target', 'assays_tissue_id'))": 0.6112114,
    "(('assays_horizontal_0_ac1_ev_source', 'src_assay_id'), ('assays_horizontal_0_ac1_ev_target', 'assays_src_assay_id'))": 0.60761535,
    "(('assays_horizontal_0_ac1_ev_source', 'variant_id'), ('assays_horizontal_0_ac1_ev_target', 'assays_variant_id'))": 0.56734645,
    "(('assays_horizontal_0_ac1_ev_source', 'chembl_id'), ('assays_horizontal_0_ac1_ev_target', 'assays_chembl_id'))": 0.55674154
  },
  "metrics": {
    "precision": 1.0,
    "recall": 0.8260869565217391,
    "f1_score": 0.9047619047619047,
    "precision_at_10_percent": 1.0,
    "precision_at_20_percent": 1.0,
    "precision_at_30_percent": 1.0,
    "precision_at_40_percent": 1.0,
    "precision_at_50_percent": 1.0,
    "precision_at_60_percent": 1.0,
    "precision_at_70_percent": 1.0,
    "precision_at_80_percent": 1.0,
    "precision_at_90_percent": 1.0,
    "recall_at_sizeof_ground_truth": 0.8260869565217391
  },
  "run_times": {
    "total_time": 89.44361866999998,
    "algorithm_time": 89.443599027
  }
}