{
  "name": "assays_both_0_1_ac1_ev__Coma{'max_n': 0, 'strategy': 'COMA_OPT'}",
  "matches": {
    "(('assays_both_0_1_ac1_ev_source', 'assay_id'), ('assays_both_0_1_ac1_ev_target', 'assays_assay_id'))": 0.7461877,
    "(('assays_both_0_1_ac1_ev_source', 'assay_tissue'), ('assays_both_0_1_ac1_ev_target', 'assays_tissue_id'))": 0.6197988,
    "(('assays_both_0_1_ac1_ev_source', 'assay_type'), ('assays_both_0_1_ac1_ev_target', 'assays_relationship_type'))": 0.5593456
  },
  "metrics": {
    "precision": 0.3333333333333333,
    "recall": 1.0,
    "f1_score": 0.5,
    "precision_at_10_percent": 1.0,
    "precision_at_20_percent": 1.0,
    "precision_at_30_percent": 1.0,
    "precision_at_40_percent": 0.5,
    "precision_at_50_percent": 0.5,
    "precision_at_60_percent": 0.5,
    "precision_at_70_percent": 0.3333333333333333,
    "precision_at_80_percent": 0.3333333333333333,
    "precision_at_90_percent": 0.3333333333333333,
    "recall_at_sizeof_ground_truth": 1.0
  },
  "run_times": {
    "total_time": 1.0332318860000669,
    "algorithm_time": 1.0332179859997268
  }
}