{
  "name": "assays_both_0_50_ac2_ev__Coma{'max_n': 0, 'strategy': 'COMA_OPT'}",
  "matches": {
    "(('assays_both_0_50_ac2_ev_source', 'tid'), ('assays_both_0_50_ac2_ev_target', 'Ti'))": 0.49828613,
    "(('assays_both_0_50_ac2_ev_source', 'description'), ('assays_both_0_50_ac2_ev_target', 'Desc'))": 0.44940805,
    "(('assays_both_0_50_ac2_ev_source', 'assay_subcellular_fraction'), ('assays_both_0_50_ac2_ev_target', 'ASSUBCELFRAC'))": 0.44113103,
    "(('assays_both_0_50_ac2_ev_source', 'assay_id'), ('assays_both_0_50_ac2_ev_target', 'ASSI'))": 0.42896795,
    "(('assays_both_0_50_ac2_ev_source', 'curated_by'), ('assays_both_0_50_ac2_ev_target', 'CUB'))": 0.3488209,
    "(('assays_both_0_50_ac2_ev_source', 'bao_format'), ('assays_both_0_50_ac2_ev_target', 'BAFO'))": 0.34036976
  },
  "metrics": {
    "precision": 1.0,
    "recall": 0.5454545454545454,
    "f1_score": 0.7058823529411764,
    "precision_at_10_percent": 1.0,
    "precision_at_20_percent": 1.0,
    "precision_at_30_percent": 1.0,
    "precision_at_40_percent": 1.0,
    "precision_at_50_percent": 1.0,
    "precision_at_60_percent": 1.0,
    "precision_at_70_percent": 1.0,
    "precision_at_80_percent": 1.0,
    "precision_at_90_percent": 1.0,
    "recall_at_sizeof_ground_truth": 0.5454545454545454
  },
  "run_times": {
    "total_time": 1.1206111289993714,
    "algorithm_time": 1.120594883999729
  }
}