{
  "name": "assays_horizontal_0_ac5_ev__Coma{'max_n': 0, 'strategy': 'COMA_OPT'}",
  "matches": {
    "(('assays_horizontal_0_ac5_ev_source', 'assay_id'), ('assays_horizontal_0_ac5_ev_target', 'assays_td'))": 0.5593145,
    "(('assays_horizontal_0_ac5_ev_source', 'assay_strain'), ('assays_horizontal_0_ac5_ev_target', 'assays_ss_strn'))": 0.5445016,
    "(('assays_horizontal_0_ac5_ev_source', 'assay_organism'), ('assays_horizontal_0_ac5_ev_target', 'assays_ss_rgnsm'))": 0.46848005,
    "(('assays_horizontal_0_ac5_ev_source', 'assay_test_type'), ('assays_horizontal_0_ac5_ev_target', 'assays_ss_tst_tp'))": 0.4530585,
    "(('assays_horizontal_0_ac5_ev_source', 'assay_cell_type'), ('assays_horizontal_0_ac5_ev_target', 'assays_ss_cll_tp'))": 0.4530585
  },
  "metrics": {
    "precision": 0.8,
    "recall": 0.17391304347826086,
    "f1_score": 0.2857142857142857,
    "precision_at_10_percent": 0.0,
    "precision_at_20_percent": 0.0,
    "precision_at_30_percent": 0.5,
    "precision_at_40_percent": 0.5,
    "precision_at_50_percent": 0.6666666666666666,
    "precision_at_60_percent": 0.6666666666666666,
    "precision_at_70_percent": 0.75,
    "precision_at_80_percent": 0.75,
    "precision_at_90_percent": 0.8,
    "recall_at_sizeof_ground_truth": 0.17391304347826086
  },
  "run_times": {
    "total_time": 2.138231209999958,
    "algorithm_time": 2.1382013630000074
  }
}