{
  "name": "assays_vertical_50_ec_av__Coma{'max_n': 0, 'strategy': 'COMA_OPT_INST'}",
  "matches": {
    "(('assays_vertical_50_ec_av_source', 'confidence_score'), ('assays_vertical_50_ec_av_target', 'confidence_score'))": 0.928641,
    "(('assays_vertical_50_ec_av_source', 'assay_type'), ('assays_vertical_50_ec_av_target', 'assay_type'))": 0.9224661,
    "(('assays_vertical_50_ec_av_source', 'assay_id'), ('assays_vertical_50_ec_av_target', 'assay_id'))": 0.9207345,
    "(('assays_vertical_50_ec_av_source', 'tid'), ('assays_vertical_50_ec_av_target', 'tid'))": 0.91882974,
    "(('assays_vertical_50_ec_av_source', 'assay_cell_type'), ('assays_vertical_50_ec_av_target', 'assay_cell_type'))": 0.8023356,
    "(('assays_vertical_50_ec_av_source', 'cell_id'), ('assays_vertical_50_ec_av_target', 'cell_id'))": 0.7301583,
    "(('assays_vertical_50_ec_av_source', 'assay_test_type'), ('assays_vertical_50_ec_av_target', 'assay_test_type'))": 0.7261766,
    "(('assays_vertical_50_ec_av_source', 'assay_tax_id'), ('assays_vertical_50_ec_av_target', 'assay_tax_id'))": 0.7258627,
    "(('assays_vertical_50_ec_av_source', 'description'), ('assays_vertical_50_ec_av_target', 'description'))": 0.7254964,
    "(('assays_vertical_50_ec_av_source', 'assay_category'), ('assays_vertical_50_ec_av_target', 'assay_category'))": 0.7254964,
    "(('assays_vertical_50_ec_av_source', 'src_assay_id'), ('assays_vertical_50_ec_av_target', 'src_assay_id'))": 0.7224661
  },
  "metrics": {
    "precision": 1.0,
    "recall": 1.0,
    "f1_score": 1.0,
    "precision_at_10_percent": 1.0,
    "precision_at_20_percent": 1.0,
    "precision_at_30_percent": 1.0,
    "precision_at_40_percent": 1.0,
    "precision_at_50_percent": 1.0,
    "precision_at_60_percent": 1.0,
    "precision_at_70_percent": 1.0,
    "precision_at_80_percent": 1.0,
    "precision_at_90_percent": 1.0,
    "recall_at_sizeof_ground_truth": 1.0
  },
  "run_times": {
    "total_time": 40.09158282700082,
    "algorithm_time": 40.091567192001094
  }
}