{
  "name": "assays_vertical_1_ec_av__Coma{'max_n': 0, 'strategy': 'COMA_OPT_INST'}",
  "matches": {
    "(('assays_vertical_1_ec_av_source', 'assay_id'), ('assays_vertical_1_ec_av_target', 'assay_id'))": 0.84851253
  },
  "metrics": {
    "precision": 1.0,
    "recall": 1.0,
    "f1_score": 1.0,
    "precision_at_10_percent": 1.0,
    "precision_at_20_percent": 1.0,
    "precision_at_30_percent": 1.0,
    "precision_at_40_percent": 1.0,
    "precision_at_50_percent": 1.0,
    "precision_at_60_percent": 1.0,
    "precision_at_70_percent": 1.0,
    "precision_at_80_percent": 1.0,
    "precision_at_90_percent": 1.0,
    "recall_at_sizeof_ground_truth": 1.0
  },
  "run_times": {
    "total_time": 17.73142167900005,
    "algorithm_time": 17.731406269000217
  }
}