{
  "name": "assays_vertical_30_ac1_ev__Coma{'max_n': 0, 'strategy': 'COMA_OPT_INST'}",
  "matches": {
    "(('assays_vertical_30_ac1_ev_source', 'assay_organism'), ('assays_vertical_30_ac1_ev_target', 'assays_assay_organism'))": 0.8404539,
    "(('assays_vertical_30_ac1_ev_source', 'assay_id'), ('assays_vertical_30_ac1_ev_target', 'assays_assay_id'))": 0.8136754,
    "(('assays_vertical_30_ac1_ev_source', 'confidence_score'), ('assays_vertical_30_ac1_ev_target', 'assays_confidence_score'))": 0.7788621,
    "(('assays_vertical_30_ac1_ev_source', 'tissue_id'), ('assays_vertical_30_ac1_ev_target', 'assays_tissue_id'))": 0.72416055,
    "(('assays_vertical_30_ac1_ev_source', 'doc_id'), ('assays_vertical_30_ac1_ev_target', 'assays_doc_id'))": 0.69128877,
    "(('assays_vertical_30_ac1_ev_source', 'src_id'), ('assays_vertical_30_ac1_ev_target', 'assays_src_id'))": 0.68180263,
    "(('assays_vertical_30_ac1_ev_source', 'assay_type'), ('assays_vertical_30_ac1_ev_target', 'assays_relationship_type'))": 0.4653326
  },
  "metrics": {
    "precision": 0.8571428571428571,
    "recall": 1.0,
    "f1_score": 0.923076923076923,
    "precision_at_10_percent": 1.0,
    "precision_at_20_percent": 1.0,
    "precision_at_30_percent": 1.0,
    "precision_at_40_percent": 1.0,
    "precision_at_50_percent": 1.0,
    "precision_at_60_percent": 1.0,
    "precision_at_70_percent": 1.0,
    "precision_at_80_percent": 1.0,
    "precision_at_90_percent": 0.8571428571428571,
    "recall_at_sizeof_ground_truth": 1.0
  },
  "run_times": {
    "total_time": 27.31371851199947,
    "algorithm_time": 27.313703691999763
  }
}