{
  "name": "assays_horizontal_0_ac2_av__Coma{'max_n': 0, 'strategy': 'COMA_OPT'}",
  "matches": {
    "(('assays_horizontal_0_ac2_av_source', 'description'), ('assays_horizontal_0_ac2_av_target', 'Descri'))": 0.5504252,
    "(('assays_horizontal_0_ac2_av_source', 'tid'), ('assays_horizontal_0_ac2_av_target', 'Ti'))": 0.5172473,
    "(('assays_horizontal_0_ac2_av_source', 'assay_id'), ('assays_horizontal_0_ac2_av_target', 'ASST'))": 0.4482329,
    "(('assays_horizontal_0_ac2_av_source', 'confidence_score'), ('assays_horizontal_0_ac2_av_target', 'CONFSCO'))": 0.44112486,
    "(('assays_horizontal_0_ac2_av_source', 'assay_organism'), ('assays_horizontal_0_ac2_av_target', 'ASORGA'))": 0.4299453,
    "(('assays_horizontal_0_ac2_av_source', 'relationship_type'), ('assays_horizontal_0_ac2_av_target', 'RELATTY'))": 0.42573842,
    "(('assays_horizontal_0_ac2_av_source', 'doc_id'), ('assays_horizontal_0_ac2_av_target', 'DOI'))": 0.42532793,
    "(('assays_horizontal_0_ac2_av_source', 'bao_format'), ('assays_horizontal_0_ac2_av_target', 'BAFOR'))": 0.4104381,
    "(('assays_horizontal_0_ac2_av_source', 'assay_tissue'), ('assays_horizontal_0_ac2_av_target', 'ASSSUBCFR'))": 0.4089214,
    "(('assays_horizontal_0_ac2_av_source', 'cell_id'), ('assays_horizontal_0_ac2_av_target', 'CEI'))": 0.39949384,
    "(('assays_horizontal_0_ac2_av_source', 'src_assay_id'), ('assays_horizontal_0_ac2_av_target', 'SRASSI'))": 0.38719365,
    "(('assays_horizontal_0_ac2_av_source', 'chembl_id'), ('assays_horizontal_0_ac2_av_target', 'CHI'))": 0.37772256,
    "(('assays_horizontal_0_ac2_av_source', 'curated_by'), ('assays_horizontal_0_ac2_av_target', 'CUB'))": 0.36847708,
    "(('assays_horizontal_0_ac2_av_source', 'variant_id'), ('assays_horizontal_0_ac2_av_target', 'VAI'))": 0.36847708
  },
  "metrics": {
    "precision": 0.8571428571428571,
    "recall": 0.5217391304347826,
    "f1_score": 0.6486486486486486,
    "precision_at_10_percent": 1.0,
    "precision_at_20_percent": 0.6666666666666666,
    "precision_at_30_percent": 0.8,
    "precision_at_40_percent": 0.8333333333333334,
    "precision_at_50_percent": 0.8571428571428571,
    "precision_at_60_percent": 0.7777777777777778,
    "precision_at_70_percent": 0.8,
    "precision_at_80_percent": 0.8333333333333334,
    "precision_at_90_percent": 0.8461538461538461,
    "recall_at_sizeof_ground_truth": 0.5217391304347826
  },
  "run_times": {
    "total_time": 2.133887208000033,
    "algorithm_time": 2.133868026000016
  }
}