{
  "name": "assays_horizontal_50_ac4_ev__Coma{'max_n': 0, 'strategy': 'COMA_OPT_INST'}",
  "matches": {
    "(('assays_horizontal_50_ac4_ev_source', 'assay_test_type'), ('assays_horizontal_50_ac4_ev_target', 'assays_ASTTY'))": 0.52801096,
    "(('assays_horizontal_50_ac4_ev_source', 'assay_tax_id'), ('assays_horizontal_50_ac4_ev_target', 'assays_ASSTI'))": 0.5132564,
    "(('assays_horizontal_50_ac4_ev_source', 'assay_id'), ('assays_horizontal_50_ac4_ev_target', 'assays_SI'))": 0.5032474,
    "(('assays_horizontal_50_ac4_ev_source', 'assay_organism'), ('assays_horizontal_50_ac4_ev_target', 'assays_ASSOR'))": 0.49584064,
    "(('assays_horizontal_50_ac4_ev_source', 'assay_subcellular_fraction'), ('assays_horizontal_50_ac4_ev_target', 'assays_ASSUBFRA'))": 0.48514444,
    "(('assays_horizontal_50_ac4_ev_source', 'confidence_score'), ('assays_horizontal_50_ac4_ev_target', 'assays_CONFISCO'))": 0.4467121,
    "(('assays_horizontal_50_ac4_ev_source', 'assay_tissue'), ('assays_horizontal_50_ac4_ev_target', 'assays_ASTIS'))": 0.43626088,
    "(('assays_horizontal_50_ac4_ev_source', 'curated_by'), ('assays_horizontal_50_ac4_ev_target', 'assays_CURB'))": 0.43418425,
    "(('assays_horizontal_50_ac4_ev_source', 'assay_type'), ('assays_horizontal_50_ac4_ev_target', 'assays_ASST'))": 0.42353982
  },
  "metrics": {
    "precision": 0.8888888888888888,
    "recall": 0.34782608695652173,
    "f1_score": 0.5,
    "precision_at_10_percent": 1.0,
    "precision_at_20_percent": 1.0,
    "precision_at_30_percent": 0.6666666666666666,
    "precision_at_40_percent": 0.75,
    "precision_at_50_percent": 0.8,
    "precision_at_60_percent": 0.8333333333333334,
    "precision_at_70_percent": 0.8571428571428571,
    "precision_at_80_percent": 0.875,
    "precision_at_90_percent": 0.8888888888888888,
    "recall_at_sizeof_ground_truth": 0.34782608695652173
  },
  "run_times": {
    "total_time": 80.68198402999997,
    "algorithm_time": 80.68196512199995
  }
}