{
  "name": "assays_horizontal_100_ac1_av__Coma{'max_n': 0, 'strategy': 'COMA_OPT'}",
  "matches": {
    "(('assays_horizontal_100_ac1_av_source', 'assay_subcellular_fraction'), ('assays_horizontal_100_ac1_av_target', 'assays_assay_subcellular_fraction'))": 0.8720192,
    "(('assays_horizontal_100_ac1_av_source', 'assay_test_type'), ('assays_horizontal_100_ac1_av_target', 'assays_assay_test_type'))": 0.84623504,
    "(('assays_horizontal_100_ac1_av_source', 'assay_cell_type'), ('assays_horizontal_100_ac1_av_target', 'assays_assay_cell_type'))": 0.84623504,
    "(('assays_horizontal_100_ac1_av_source', 'assay_category'), ('assays_horizontal_100_ac1_av_target', 'assays_assay_category'))": 0.84258544,
    "(('assays_horizontal_100_ac1_av_source', 'assay_organism'), ('assays_horizontal_100_ac1_av_target', 'assays_assay_organism'))": 0.84258544,
    "(('assays_horizontal_100_ac1_av_source', 'assay_tax_id'), ('assays_horizontal_100_ac1_av_target', 'assays_assay_tax_id'))": 0.8362237,
    "(('assays_horizontal_100_ac1_av_source', 'assay_strain'), ('assays_horizontal_100_ac1_av_target', 'assays_assay_strain'))": 0.8341025,
    "(('assays_horizontal_100_ac1_av_source', 'assay_tissue'), ('assays_horizontal_100_ac1_av_target', 'assays_assay_tissue'))": 0.8341025,
    "(('assays_horizontal_100_ac1_av_source', 'assay_type'), ('assays_horizontal_100_ac1_av_target', 'assays_assay_type'))": 0.8235073,
    "(('assays_horizontal_100_ac1_av_source', 'assay_id'), ('assays_horizontal_100_ac1_av_target', 'assays_assay_id'))": 0.80979085,
    "(('assays_horizontal_100_ac1_av_source', 'relationship_type'), ('assays_horizontal_100_ac1_av_target', 'assays_relationship_type'))": 0.77200747,
    "(('assays_horizontal_100_ac1_av_source', 'confidence_score'), ('assays_horizontal_100_ac1_av_target', 'assays_confidence_score'))": 0.7655921,
    "(('assays_horizontal_100_ac1_av_source', 'src_assay_id'), ('assays_horizontal_100_ac1_av_target', 'assays_src_assay_id'))": 0.7616025,
    "(('assays_horizontal_100_ac1_av_source', 'description'), ('assays_horizontal_100_ac1_av_target', 'assays_description'))": 0.72276604,
    "(('assays_horizontal_100_ac1_av_source', 'curated_by'), ('assays_horizontal_100_ac1_av_target', 'assays_curated_by'))": 0.7111062,
    "(('assays_horizontal_100_ac1_av_source', 'bao_format'), ('assays_horizontal_100_ac1_av_target', 'assays_bao_format'))": 0.7111062,
    "(('assays_horizontal_100_ac1_av_source', 'variant_id'), ('assays_horizontal_100_ac1_av_target', 'assays_variant_id'))": 0.7111062,
    "(('assays_horizontal_100_ac1_av_source', 'chembl_id'), ('assays_horizontal_100_ac1_av_target', 'assays_chembl_id'))": 0.6979277,
    "(('assays_horizontal_100_ac1_av_source', 'tissue_id'), ('assays_horizontal_100_ac1_av_target', 'assays_tissue_id'))": 0.6979277
  },
  "metrics": {
    "precision": 1.0,
    "recall": 0.8260869565217391,
    "f1_score": 0.9047619047619047,
    "precision_at_10_percent": 1.0,
    "precision_at_20_percent": 1.0,
    "precision_at_30_percent": 1.0,
    "precision_at_40_percent": 1.0,
    "precision_at_50_percent": 1.0,
    "precision_at_60_percent": 1.0,
    "precision_at_70_percent": 1.0,
    "precision_at_80_percent": 1.0,
    "precision_at_90_percent": 1.0,
    "recall_at_sizeof_ground_truth": 0.8260869565217391
  },
  "run_times": {
    "total_time": 2.1570205670000178,
    "algorithm_time": 2.1570030419999853
  }
}