{
  "name": "assays_both_50_30_ac5_av__Coma{'max_n': 0, 'strategy': 'COMA_OPT'}",
  "matches": {
    "(('assays_both_50_30_ac5_av_source', 'assay_id'), ('assays_both_50_30_ac5_av_target', 'assays_td'))": 0.56242615,
    "(('assays_both_50_30_ac5_av_source', 'assay_organism'), ('assays_both_50_30_ac5_av_target', 'assays_ss_rgnsm'))": 0.47126815,
    "(('assays_both_50_30_ac5_av_source', 'assay_strain'), ('assays_both_50_30_ac5_av_target', 'assays_dscrptn'))": 0.4590325
  },
  "metrics": {
    "precision": 0.3333333333333333,
    "recall": 0.16666666666666666,
    "f1_score": 0.2222222222222222,
    "precision_at_10_percent": 0.0,
    "precision_at_20_percent": 0.0,
    "precision_at_30_percent": 0.0,
    "precision_at_40_percent": 0.5,
    "precision_at_50_percent": 0.5,
    "precision_at_60_percent": 0.5,
    "precision_at_70_percent": 0.3333333333333333,
    "precision_at_80_percent": 0.3333333333333333,
    "precision_at_90_percent": 0.3333333333333333,
    "recall_at_sizeof_ground_truth": 0.16666666666666666
  },
  "run_times": {
    "total_time": 0.9152313840004354,
    "algorithm_time": 0.9152171180012374
  }
}