{
  "name": "assays_both_0_1_ac4_ev__Coma{'max_n': 0, 'strategy': 'COMA_OPT_INST'}",
  "matches": {
    "(('assays_both_0_1_ac4_ev_source', 'assay_id'), ('assays_both_0_1_ac4_ev_target', 'assays_SI'))": 0.5053868,
    "(('assays_both_0_1_ac4_ev_source', 'assay_tissue'), ('assays_both_0_1_ac4_ev_target', 'assays_TISI'))": 0.42197976
  },
  "metrics": {
    "precision": 0.0,
    "recall": 0.0,
    "f1_score": 0,
    "precision_at_10_percent": 0.0,
    "precision_at_20_percent": 0.0,
    "precision_at_30_percent": 0.0,
    "precision_at_40_percent": 0.0,
    "precision_at_50_percent": 0.0,
    "precision_at_60_percent": 0.0,
    "precision_at_70_percent": 0.0,
    "precision_at_80_percent": 0.0,
    "precision_at_90_percent": 0.0,
    "recall_at_sizeof_ground_truth": 0.0
  },
  "run_times": {
    "total_time": 17.6874812749993,
    "algorithm_time": 17.687466551000398
  }
}