{
  "name": "assays_both_0_30_ac4_ev__Coma{'max_n': 0, 'strategy': 'COMA_OPT'}",
  "matches": {
    "(('assays_both_0_30_ac4_ev_source', 'assay_id'), ('assays_both_0_30_ac4_ev_target', 'assays_Ti'))": 0.49714446,
    "(('assays_both_0_30_ac4_ev_source', 'assay_id'), ('assays_both_0_30_ac4_ev_target', 'assays_SI'))": 0.49714446
  },
  "metrics": {
    "precision": 0.0,
    "recall": 0.0,
    "f1_score": 0,
    "precision_at_10_percent": 0.0,
    "precision_at_20_percent": 0.0,
    "precision_at_30_percent": 0.0,
    "precision_at_40_percent": 0.0,
    "precision_at_50_percent": 0.0,
    "precision_at_60_percent": 0.0,
    "precision_at_70_percent": 0.0,
    "precision_at_80_percent": 0.0,
    "precision_at_90_percent": 0.0,
    "recall_at_sizeof_ground_truth": 0.0
  },
  "run_times": {
    "total_time": 1.012152817000242,
    "algorithm_time": 1.012137925999923
  }
}