{
  "name": "assays_both_50_70_ac1_av__Coma{'max_n': 0, 'strategy': 'COMA_OPT'}",
  "matches": {
    "(('assays_both_50_70_ac1_av_source', 'assay_subcellular_fraction'), ('assays_both_50_70_ac1_av_target', 'assays_assay_subcellular_fraction'))": 0.8583026,
    "(('assays_both_50_70_ac1_av_source', 'assay_test_type'), ('assays_both_50_70_ac1_av_target', 'assays_assay_test_type'))": 0.8315214,
    "(('assays_both_50_70_ac1_av_source', 'assay_organism'), ('assays_both_50_70_ac1_av_target', 'assays_assay_organism'))": 0.8277471,
    "(('assays_both_50_70_ac1_av_source', 'assay_tax_id'), ('assays_both_50_70_ac1_av_target', 'assays_assay_tax_id'))": 0.82126045,
    "(('assays_both_50_70_ac1_av_source', 'assay_tissue'), ('assays_both_50_70_ac1_av_target', 'assays_assay_tissue'))": 0.81899107,
    "(('assays_both_50_70_ac1_av_source', 'assay_type'), ('assays_both_50_70_ac1_av_target', 'assays_assay_type'))": 0.80808616,
    "(('assays_both_50_70_ac1_av_source', 'assay_id'), ('assays_both_50_70_ac1_av_target', 'assays_assay_id'))": 0.79401684,
    "(('assays_both_50_70_ac1_av_source', 'relationship_type'), ('assays_both_50_70_ac1_av_target', 'assays_relationship_type'))": 0.7572925,
    "(('assays_both_50_70_ac1_av_source', 'confidence_score'), ('assays_both_50_70_ac1_av_target', 'assays_confidence_score'))": 0.75076604,
    "(('assays_both_50_70_ac1_av_source', 'src_assay_id'), ('assays_both_50_70_ac1_av_target', 'assays_src_assay_id'))": 0.74562144,
    "(('assays_both_50_70_ac1_av_source', 'description'), ('assays_both_50_70_ac1_av_target', 'assays_description'))": 0.7072822,
    "(('assays_both_50_70_ac1_av_source', 'variant_id'), ('assays_both_50_70_ac1_av_target', 'assays_variant_id'))": 0.69546664,
    "(('assays_both_50_70_ac1_av_source', 'tissue_id'), ('assays_both_50_70_ac1_av_target', 'assays_tissue_id'))": 0.6821226,
    "(('assays_both_50_70_ac1_av_source', 'chembl_id'), ('assays_both_50_70_ac1_av_target', 'assays_chembl_id'))": 0.6821226
  },
  "metrics": {
    "precision": 1.0,
    "recall": 0.875,
    "f1_score": 0.9333333333333333,
    "precision_at_10_percent": 1.0,
    "precision_at_20_percent": 1.0,
    "precision_at_30_percent": 1.0,
    "precision_at_40_percent": 1.0,
    "precision_at_50_percent": 1.0,
    "precision_at_60_percent": 1.0,
    "precision_at_70_percent": 1.0,
    "precision_at_80_percent": 1.0,
    "precision_at_90_percent": 1.0,
    "recall_at_sizeof_ground_truth": 0.875
  },
  "run_times": {
    "total_time": 1.010679914999855,
    "algorithm_time": 1.0106648509990919
  }
}