{
  "name": "assays_both_0_50_ac4_av__Coma{'max_n': 0, 'strategy': 'COMA_OPT_INST'}",
  "matches": {
    "(('assays_both_0_50_ac4_av_source', 'assay_id'), ('assays_both_0_50_ac4_av_target', 'assays_SRI'))": 0.49105746,
    "(('assays_both_0_50_ac4_av_source', 'assay_type'), ('assays_both_0_50_ac4_av_target', 'assays_AST'))": 0.42160589,
    "(('assays_both_0_50_ac4_av_source', 'assay_organism'), ('assays_both_0_50_ac4_av_target', 'assays_ASORGA'))": 0.39558417,
    "(('assays_both_0_50_ac4_av_source', 'assay_tissue'), ('assays_both_0_50_ac4_av_target', 'assays_TII'))": 0.39205298,
    "(('assays_both_0_50_ac4_av_source', 'assay_strain'), ('assays_both_0_50_ac4_av_target', 'assays_ASSSTR'))": 0.37886617,
    "(('assays_both_0_50_ac4_av_source', 'assay_subcellular_fraction'), ('assays_both_0_50_ac4_av_target', 'assays_ASSUBCELFRA'))": 0.37339
  },
  "metrics": {
    "precision": 0.6666666666666666,
    "recall": 0.36363636363636365,
    "f1_score": 0.4705882352941177,
    "precision_at_10_percent": 0.0,
    "precision_at_20_percent": 0.5,
    "precision_at_30_percent": 0.5,
    "precision_at_40_percent": 0.6666666666666666,
    "precision_at_50_percent": 0.6666666666666666,
    "precision_at_60_percent": 0.5,
    "precision_at_70_percent": 0.6,
    "precision_at_80_percent": 0.6,
    "precision_at_90_percent": 0.6666666666666666,
    "recall_at_sizeof_ground_truth": 0.36363636363636365
  },
  "run_times": {
    "total_time": 33.4526304280007,
    "algorithm_time": 33.45261326400032
  }
}