{
  "name": "assays_both_0_50_ac3_ev__Coma{'max_n': 0, 'strategy': 'COMA_OPT_INST'}",
  "matches": {
    "(('assays_both_0_50_ac3_ev_source', 'src_id'), ('assays_both_0_50_ac3_ev_target', 'src_d'))": 0.66383904,
    "(('assays_both_0_50_ac3_ev_source', 'curated_by'), ('assays_both_0_50_ac3_ev_target', 'crtd_b'))": 0.45504752,
    "(('assays_both_0_50_ac3_ev_source', 'bao_format'), ('assays_both_0_50_ac3_ev_target', 'b_frmt'))": 0.3934475,
    "(('assays_both_0_50_ac3_ev_source', 'tid'), ('assays_both_0_50_ac3_ev_target', 'td'))": 0.39322934,
    "(('assays_both_0_50_ac3_ev_source', 'assay_organism'), ('assays_both_0_50_ac3_ev_target', 'ss_rgnsm'))": 0.39110762,
    "(('assays_both_0_50_ac3_ev_source', 'chembl_id'), ('assays_both_0_50_ac3_ev_target', 'chmbl_d'))": 0.3886839,
    "(('assays_both_0_50_ac3_ev_source', 'relationship_type'), ('assays_both_0_50_ac3_ev_target', 'rltnshp_tp'))": 0.3738659,
    "(('assays_both_0_50_ac3_ev_source', 'assay_tax_id'), ('assays_both_0_50_ac3_ev_target', 'ss_tx_d'))": 0.3686974,
    "(('assays_both_0_50_ac3_ev_source', 'variant_id'), ('assays_both_0_50_ac3_ev_target', 'vrnt_d'))": 0.29959297
  },
  "metrics": {
    "precision": 1.0,
    "recall": 0.8181818181818182,
    "f1_score": 0.9,
    "precision_at_10_percent": 1.0,
    "precision_at_20_percent": 1.0,
    "precision_at_30_percent": 1.0,
    "precision_at_40_percent": 1.0,
    "precision_at_50_percent": 1.0,
    "precision_at_60_percent": 1.0,
    "precision_at_70_percent": 1.0,
    "precision_at_80_percent": 1.0,
    "precision_at_90_percent": 1.0,
    "recall_at_sizeof_ground_truth": 0.8181818181818182
  },
  "run_times": {
    "total_time": 39.99851422900065,
    "algorithm_time": 39.99850085300022
  }
}