{
  "name": "assays_horizontal_50_ec_ev__Coma{'max_n': 0, 'strategy': 'COMA_OPT_INST'}",
  "matches": {
    "(('assays_horizontal_50_ec_ev_source', 'curated_by'), ('assays_horizontal_50_ec_ev_target', 'curated_by'))": 0.96734697,
    "(('assays_horizontal_50_ec_ev_source', 'assay_test_type'), ('assays_horizontal_50_ec_ev_target', 'assay_test_type'))": 0.9667965,
    "(('assays_horizontal_50_ec_ev_source', 'src_id'), ('assays_horizontal_50_ec_ev_target', 'src_id'))": 0.96444446,
    "(('assays_horizontal_50_ec_ev_source', 'assay_subcellular_fraction'), ('assays_horizontal_50_ec_ev_target', 'assay_subcellular_fraction'))": 0.93548393,
    "(('assays_horizontal_50_ec_ev_source', 'assay_tax_id'), ('assays_horizontal_50_ec_ev_target', 'assay_tax_id'))": 0.92274284,
    "(('assays_horizontal_50_ec_ev_source', 'assay_organism'), ('assays_horizontal_50_ec_ev_target', 'assay_organism'))": 0.9223219,
    "(('assays_horizontal_50_ec_ev_source', 'bao_format'), ('assays_horizontal_50_ec_ev_target', 'bao_format'))": 0.90574694,
    "(('assays_horizontal_50_ec_ev_source', 'relationship_type'), ('assays_horizontal_50_ec_ev_target', 'relationship_type'))": 0.90292853,
    "(('assays_horizontal_50_ec_ev_source', 'confidence_score'), ('assays_horizontal_50_ec_ev_target', 'confidence_score'))": 0.9024091,
    "(('assays_horizontal_50_ec_ev_source', 'assay_tissue'), ('assays_horizontal_50_ec_ev_target', 'assay_tissue'))": 0.82222253,
    "(('assays_horizontal_50_ec_ev_source', 'tissue_id'), ('assays_horizontal_50_ec_ev_target', 'tissue_id'))": 0.8211365,
    "(('assays_horizontal_50_ec_ev_source', 'assay_type'), ('assays_horizontal_50_ec_ev_target', 'assay_type'))": 0.8110174,
    "(('assays_horizontal_50_ec_ev_source', 'description'), ('assays_horizontal_50_ec_ev_target', 'description'))": 0.80493146,
    "(('assays_horizontal_50_ec_ev_source', 'assay_cell_type'), ('assays_horizontal_50_ec_ev_target', 'assay_cell_type'))": 0.76862746,
    "(('assays_horizontal_50_ec_ev_source', 'assay_category'), ('assays_horizontal_50_ec_ev_target', 'assay_category'))": 0.768,
    "(('assays_horizontal_50_ec_ev_source', 'variant_id'), ('assays_horizontal_50_ec_ev_target', 'variant_id'))": 0.767347,
    "(('assays_horizontal_50_ec_ev_source', 'assay_strain'), ('assays_horizontal_50_ec_ev_target', 'assay_strain'))": 0.76666665,
    "(('assays_horizontal_50_ec_ev_source', 'chembl_id'), ('assays_horizontal_50_ec_ev_target', 'chembl_id'))": 0.76666665,
    "(('assays_horizontal_50_ec_ev_source', 'src_assay_id'), ('assays_horizontal_50_ec_ev_target', 'src_assay_id'))": 0.7659575,
    "(('assays_horizontal_50_ec_ev_source', 'cell_id'), ('assays_horizontal_50_ec_ev_target', 'cell_id'))": 0.7652174,
    "(('assays_horizontal_50_ec_ev_source', 'doc_id'), ('assays_horizontal_50_ec_ev_target', 'doc_id'))": 0.76464444,
    "(('assays_horizontal_50_ec_ev_source', 'assay_id'), ('assays_horizontal_50_ec_ev_target', 'assay_id'))": 0.76363635,
    "(('assays_horizontal_50_ec_ev_source', 'tid'), ('assays_horizontal_50_ec_ev_target', 'tid'))": 0.7619048
  },
  "metrics": {
    "precision": 1.0,
    "recall": 1.0,
    "f1_score": 1.0,
    "precision_at_10_percent": 1.0,
    "precision_at_20_percent": 1.0,
    "precision_at_30_percent": 1.0,
    "precision_at_40_percent": 1.0,
    "precision_at_50_percent": 1.0,
    "precision_at_60_percent": 1.0,
    "precision_at_70_percent": 1.0,
    "precision_at_80_percent": 1.0,
    "precision_at_90_percent": 1.0,
    "recall_at_sizeof_ground_truth": 1.0
  },
  "run_times": {
    "total_time": 66.84968848399876,
    "algorithm_time": 66.84967402700022
  }
}