{
  "name": "assays_both_50_70_ac1_av__Coma{'max_n': 0, 'strategy': 'COMA_OPT_INST'}",
  "matches": {
    "(('assays_both_50_70_ac1_av_source', 'relationship_type'), ('assays_both_50_70_ac1_av_target', 'assays_relationship_type'))": 0.7373341,
    "(('assays_both_50_70_ac1_av_source', 'confidence_score'), ('assays_both_50_70_ac1_av_target', 'assays_confidence_score'))": 0.73211277,
    "(('assays_both_50_70_ac1_av_source', 'src_id'), ('assays_both_50_70_ac1_av_target', 'assays_src_id'))": 0.70321655,
    "(('assays_both_50_70_ac1_av_source', 'assay_type'), ('assays_both_50_70_ac1_av_target', 'assays_assay_type'))": 0.69226897,
    "(('assays_both_50_70_ac1_av_source', 'assay_subcellular_fraction'), ('assays_both_50_70_ac1_av_target', 'assays_assay_subcellular_fraction'))": 0.68664205,
    "(('assays_both_50_70_ac1_av_source', 'assay_test_type'), ('assays_both_50_70_ac1_av_target', 'assays_assay_test_type'))": 0.6652171,
    "(('assays_both_50_70_ac1_av_source', 'assay_organism'), ('assays_both_50_70_ac1_av_target', 'assays_assay_organism'))": 0.6621977,
    "(('assays_both_50_70_ac1_av_source', 'assay_tax_id'), ('assays_both_50_70_ac1_av_target', 'assays_assay_tax_id'))": 0.65700835,
    "(('assays_both_50_70_ac1_av_source', 'assay_tissue'), ('assays_both_50_70_ac1_av_target', 'assays_assay_tissue'))": 0.65519285,
    "(('assays_both_50_70_ac1_av_source', 'src_assay_id'), ('assays_both_50_70_ac1_av_target', 'assays_src_assay_id'))": 0.5964972,
    "(('assays_both_50_70_ac1_av_source', 'description'), ('assays_both_50_70_ac1_av_target', 'assays_description'))": 0.56582576,
    "(('assays_both_50_70_ac1_av_source', 'variant_id'), ('assays_both_50_70_ac1_av_target', 'assays_variant_id'))": 0.5563733,
    "(('assays_both_50_70_ac1_av_source', 'tissue_id'), ('assays_both_50_70_ac1_av_target', 'assays_tissue_id'))": 0.54569805,
    "(('assays_both_50_70_ac1_av_source', 'chembl_id'), ('assays_both_50_70_ac1_av_target', 'assays_chembl_id'))": 0.54569805
  },
  "metrics": {
    "precision": 1.0,
    "recall": 0.875,
    "f1_score": 0.9333333333333333,
    "precision_at_10_percent": 1.0,
    "precision_at_20_percent": 1.0,
    "precision_at_30_percent": 1.0,
    "precision_at_40_percent": 1.0,
    "precision_at_50_percent": 1.0,
    "precision_at_60_percent": 1.0,
    "precision_at_70_percent": 1.0,
    "precision_at_80_percent": 1.0,
    "precision_at_90_percent": 1.0,
    "recall_at_sizeof_ground_truth": 0.875
  },
  "run_times": {
    "total_time": 87.85610688999986,
    "algorithm_time": 87.8560920839991
  }
}