{
  "name": "assays_both_0_70_ac4_ev__Coma{'max_n': 0, 'strategy': 'COMA_OPT'}",
  "matches": {
    "(('assays_both_0_70_ac4_ev_source', 'assay_type'), ('assays_both_0_70_ac4_ev_target', 'assay_type'))": 0.80988365
  },
  "metrics": {
    "precision": 1.0,
    "recall": 0.0625,
    "f1_score": 0.11764705882352941,
    "precision_at_10_percent": 1.0,
    "precision_at_20_percent": 1.0,
    "precision_at_30_percent": 1.0,
    "precision_at_40_percent": 1.0,
    "precision_at_50_percent": 1.0,
    "precision_at_60_percent": 1.0,
    "precision_at_70_percent": 1.0,
    "precision_at_80_percent": 1.0,
    "precision_at_90_percent": 1.0,
    "recall_at_sizeof_ground_truth": 0.0625
  },
  "run_times": {
    "total_time": 1.05015788899982,
    "algorithm_time": 1.0501426440005162
  }
}