{
  "name": "assays_both_0_70_ac2_ev__Coma{'max_n': 0, 'strategy': 'COMA_OPT'}",
  "matches": {
    "(('assays_both_0_70_ac2_ev_source', 'tid'), ('assays_both_0_70_ac2_ev_target', 'Ti'))": 0.50032926,
    "(('assays_both_0_70_ac2_ev_source', 'variant_id'), ('assays_both_0_70_ac2_ev_target', 'VARI'))": 0.46515188,
    "(('assays_both_0_70_ac2_ev_source', 'assay_id'), ('assays_both_0_70_ac2_ev_target', 'ASST'))": 0.43101108,
    "(('assays_both_0_70_ac2_ev_source', 'doc_id'), ('assays_both_0_70_ac2_ev_target', 'DOI'))": 0.40801725,
    "(('assays_both_0_70_ac2_ev_source', 'chembl_id'), ('assays_both_0_70_ac2_ev_target', 'CHI'))": 0.36017776,
    "(('assays_both_0_70_ac2_ev_source', 'src_id'), ('assays_both_0_70_ac2_ev_target', 'SI'))": 0.32817018,
    "(('assays_both_0_70_ac2_ev_source', 'src_assay_id'), ('assays_both_0_70_ac2_ev_target', 'SASSI'))": 0.32446346,
    "(('assays_both_0_70_ac2_ev_source', 'cell_id'), ('assays_both_0_70_ac2_ev_target', 'CI'))": 0.31851107
  },
  "metrics": {
    "precision": 0.875,
    "recall": 0.4375,
    "f1_score": 0.5833333333333334,
    "precision_at_10_percent": 1.0,
    "precision_at_20_percent": 1.0,
    "precision_at_30_percent": 0.6666666666666666,
    "precision_at_40_percent": 0.75,
    "precision_at_50_percent": 0.75,
    "precision_at_60_percent": 0.8,
    "precision_at_70_percent": 0.8333333333333334,
    "precision_at_80_percent": 0.8571428571428571,
    "precision_at_90_percent": 0.875,
    "recall_at_sizeof_ground_truth": 0.4375
  },
  "run_times": {
    "total_time": 1.126739612000165,
    "algorithm_time": 1.12672553000084
  }
}