{
  "name": "assays_vertical_70_ac3_av__Coma{'max_n': 0, 'strategy': 'COMA_OPT_INST'}",
  "matches": {
    "(('assays_vertical_70_ac3_av_source', 'src_id'), ('assays_vertical_70_ac3_av_target', 'src_d'))": 0.66810775,
    "(('assays_vertical_70_ac3_av_source', 'tid'), ('assays_vertical_70_ac3_av_target', 'td'))": 0.5978651,
    "(('assays_vertical_70_ac3_av_source', 'doc_id'), ('assays_vertical_70_ac3_av_target', 'dc_d'))": 0.4559185,
    "(('assays_vertical_70_ac3_av_source', 'assay_id'), ('assays_vertical_70_ac3_av_target', 'ss_d'))": 0.4408934,
    "(('assays_vertical_70_ac3_av_source', 'chembl_id'), ('assays_vertical_70_ac3_av_target', 'chmbl_d'))": 0.39399517,
    "(('assays_vertical_70_ac3_av_source', 'assay_type'), ('assays_vertical_70_ac3_av_target', 'ss_tp'))": 0.3815351,
    "(('assays_vertical_70_ac3_av_source', 'cell_id'), ('assays_vertical_70_ac3_av_target', 'cll_d'))": 0.36754912,
    "(('assays_vertical_70_ac3_av_source', 'variant_id'), ('assays_vertical_70_ac3_av_target', 'vrnt_d'))": 0.30449957,
    "(('assays_vertical_70_ac3_av_source', 'assay_strain'), ('assays_vertical_70_ac3_av_target', 'ss_strn'))": 0.2931952,
    "(('assays_vertical_70_ac3_av_source', 'description'), ('assays_vertical_70_ac3_av_target', 'dscrptn'))": 0.29072273,
    "(('assays_vertical_70_ac3_av_source', 'curated_by'), ('assays_vertical_70_ac3_av_target', 'crtd_b'))": 0.2601517,
    "(('assays_vertical_70_ac3_av_source', 'assay_organism'), ('assays_vertical_70_ac3_av_target', 'ss_rgnsm'))": 0.24178171,
    "(('assays_vertical_70_ac3_av_source', 'assay_subcellular_fraction'), ('assays_vertical_70_ac3_av_target', 'ss_sbclllr_frctn'))": 0.21319517
  },
  "metrics": {
    "precision": 1.0,
    "recall": 0.8125,
    "f1_score": 0.896551724137931,
    "precision_at_10_percent": 1.0,
    "precision_at_20_percent": 1.0,
    "precision_at_30_percent": 1.0,
    "precision_at_40_percent": 1.0,
    "precision_at_50_percent": 1.0,
    "precision_at_60_percent": 1.0,
    "precision_at_70_percent": 1.0,
    "precision_at_80_percent": 1.0,
    "precision_at_90_percent": 1.0,
    "recall_at_sizeof_ground_truth": 0.8125
  },
  "run_times": {
    "total_time": 101.06416502299908,
    "algorithm_time": 101.0641492270006
  }
}