{
  "name": "assays_both_50_70_ec_ev__Coma{'max_n': 0, 'strategy': 'COMA_OPT'}",
  "matches": {
    "(('assays_both_50_70_ec_ev_source', 'relationship_type'), ('assays_both_50_70_ec_ev_target', 'relationship_type'))": 0.9359235,
    "(('assays_both_50_70_ec_ev_source', 'assay_test_type'), ('assays_both_50_70_ec_ev_target', 'assay_test_type'))": 0.93199265,
    "(('assays_both_50_70_ec_ev_source', 'assay_tax_id'), ('assays_both_50_70_ec_ev_target', 'assay_tax_id'))": 0.9315245,
    "(('assays_both_50_70_ec_ev_source', 'assay_organism'), ('assays_both_50_70_ec_ev_target', 'assay_organism'))": 0.93110615,
    "(('assays_both_50_70_ec_ev_source', 'assay_category'), ('assays_both_50_70_ec_ev_target', 'assay_category'))": 0.93110615,
    "(('assays_both_50_70_ec_ev_source', 'description'), ('assays_both_50_70_ec_ev_target', 'description'))": 0.93110615,
    "(('assays_both_50_70_ec_ev_source', 'curated_by'), ('assays_both_50_70_ec_ev_target', 'curated_by'))": 0.9301811,
    "(('assays_both_50_70_ec_ev_source', 'variant_id'), ('assays_both_50_70_ec_ev_target', 'variant_id'))": 0.9301811,
    "(('assays_both_50_70_ec_ev_source', 'bao_format'), ('assays_both_50_70_ec_ev_target', 'bao_format'))": 0.9301811,
    "(('assays_both_50_70_ec_ev_source', 'assay_tissue'), ('assays_both_50_70_ec_ev_target', 'assay_tissue'))": 0.9292149,
    "(('assays_both_50_70_ec_ev_source', 'src_assay_id'), ('assays_both_50_70_ec_ev_target', 'src_assay_id'))": 0.9282048,
    "(('assays_both_50_70_ec_ev_source', 'assay_type'), ('assays_both_50_70_ec_ev_target', 'assay_type'))": 0.9271477,
    "(('assays_both_50_70_ec_ev_source', 'src_id'), ('assays_both_50_70_ec_ev_target', 'src_id'))": 0.9260403,
    "(('assays_both_50_70_ec_ev_source', 'doc_id'), ('assays_both_50_70_ec_ev_target', 'doc_id'))": 0.9260403,
    "(('assays_both_50_70_ec_ev_source', 'assay_id'), ('assays_both_50_70_ec_ev_target', 'assay_id'))": 0.92487884,
    "(('assays_both_50_70_ec_ev_source', 'tid'), ('assays_both_50_70_ec_ev_target', 'tid'))": 0.9223773
  },
  "metrics": {
    "precision": 1.0,
    "recall": 1.0,
    "f1_score": 1.0,
    "precision_at_10_percent": 1.0,
    "precision_at_20_percent": 1.0,
    "precision_at_30_percent": 1.0,
    "precision_at_40_percent": 1.0,
    "precision_at_50_percent": 1.0,
    "precision_at_60_percent": 1.0,
    "precision_at_70_percent": 1.0,
    "precision_at_80_percent": 1.0,
    "precision_at_90_percent": 1.0,
    "recall_at_sizeof_ground_truth": 1.0
  },
  "run_times": {
    "total_time": 1.0877096709991747,
    "algorithm_time": 1.0876953119986865
  }
}