{
  "name": "assays_horizontal_100_ac2_av__Coma{'max_n': 0, 'strategy': 'COMA_OPT'}",
  "matches": {
    "(('assays_horizontal_100_ac2_av_source', 'tid'), ('assays_horizontal_100_ac2_av_target', 'Ti'))": 0.5178179,
    "(('assays_horizontal_100_ac2_av_source', 'assay_id'), ('assays_horizontal_100_ac2_av_target', 'ASSI'))": 0.44899607,
    "(('assays_horizontal_100_ac2_av_source', 'relationship_type'), ('assays_horizontal_100_ac2_av_target', 'RELATY'))": 0.43477648,
    "(('assays_horizontal_100_ac2_av_source', 'chembl_id'), ('assays_horizontal_100_ac2_av_target', 'CHEI'))": 0.4335807,
    "(('assays_horizontal_100_ac2_av_source', 'assay_subcellular_fraction'), ('assays_horizontal_100_ac2_av_target', 'ASSSUBCEFRAC'))": 0.432432,
    "(('assays_horizontal_100_ac2_av_source', 'description'), ('assays_horizontal_100_ac2_av_target', 'Des'))": 0.42191273,
    "(('assays_horizontal_100_ac2_av_source', 'curated_by'), ('assays_horizontal_100_ac2_av_target', 'CURB'))": 0.42191273,
    "(('assays_horizontal_100_ac2_av_source', 'src_id'), ('assays_horizontal_100_ac2_av_target', 'SRI'))": 0.41332757,
    "(('assays_horizontal_100_ac2_av_source', 'confidence_score'), ('assays_horizontal_100_ac2_av_target', 'CONSCO'))": 0.40643197,
    "(('assays_horizontal_100_ac2_av_source', 'src_assay_id'), ('assays_horizontal_100_ac2_av_target', 'SRASSI'))": 0.38821054,
    "(('assays_horizontal_100_ac2_av_source', 'variant_id'), ('assays_horizontal_100_ac2_av_target', 'VAI'))": 0.36949396,
    "(('assays_horizontal_100_ac2_av_source', 'bao_format'), ('assays_horizontal_100_ac2_av_target', 'BAFO'))": 0.36114883,
    "(('assays_horizontal_100_ac2_av_source', 'cell_id'), ('assays_horizontal_100_ac2_av_target', 'CI'))": 0.3373202
  },
  "metrics": {
    "precision": 1.0,
    "recall": 0.5652173913043478,
    "f1_score": 0.7222222222222222,
    "precision_at_10_percent": 1.0,
    "precision_at_20_percent": 1.0,
    "precision_at_30_percent": 1.0,
    "precision_at_40_percent": 1.0,
    "precision_at_50_percent": 1.0,
    "precision_at_60_percent": 1.0,
    "precision_at_70_percent": 1.0,
    "precision_at_80_percent": 1.0,
    "precision_at_90_percent": 1.0,
    "recall_at_sizeof_ground_truth": 0.5652173913043478
  },
  "run_times": {
    "total_time": 2.3980335880000325,
    "algorithm_time": 2.398017240999991
  }
}