{
  "name": "assays_horizontal_50_ac2_av__Coma{'max_n': 0, 'strategy': 'COMA_OPT'}",
  "matches": {
    "(('assays_horizontal_50_ac2_av_source', 'tid'), ('assays_horizontal_50_ac2_av_target', 'Ti'))": 0.51687276,
    "(('assays_horizontal_50_ac2_av_source', 'description'), ('assays_horizontal_50_ac2_av_target', 'Descr'))": 0.51092917,
    "(('assays_horizontal_50_ac2_av_source', 'relationship_type'), ('assays_horizontal_50_ac2_av_target', 'RELATITY'))": 0.4569626,
    "(('assays_horizontal_50_ac2_av_source', 'assay_category'), ('assays_horizontal_50_ac2_av_target', 'ASSCATE'))": 0.4538952,
    "(('assays_horizontal_50_ac2_av_source', 'assay_id'), ('assays_horizontal_50_ac2_av_target', 'ASST'))": 0.44795567,
    "(('assays_horizontal_50_ac2_av_source', 'assay_subcellular_fraction'), ('assays_horizontal_50_ac2_av_target', 'ASSUBCELFRA'))": 0.443816,
    "(('assays_horizontal_50_ac2_av_source', 'assay_tissue'), ('assays_horizontal_50_ac2_av_target', 'ASSTIS'))": 0.43598753,
    "(('assays_horizontal_50_ac2_av_source', 'doc_id'), ('assays_horizontal_50_ac2_av_target', 'DOI'))": 0.4250794,
    "(('assays_horizontal_50_ac2_av_source', 'cell_id'), ('assays_horizontal_50_ac2_av_target', 'CEI'))": 0.39927238,
    "(('assays_horizontal_50_ac2_av_source', 'chembl_id'), ('assays_horizontal_50_ac2_av_target', 'CHI'))": 0.37755054,
    "(('assays_horizontal_50_ac2_av_source', 'curated_by'), ('assays_horizontal_50_ac2_av_target', 'CUB'))": 0.36832756,
    "(('assays_horizontal_50_ac2_av_source', 'variant_id'), ('assays_horizontal_50_ac2_av_target', 'VAI'))": 0.36832756,
    "(('assays_horizontal_50_ac2_av_source', 'confidence_score'), ('assays_horizontal_50_ac2_av_target', 'CONSC'))": 0.3670038,
    "(('assays_horizontal_50_ac2_av_source', 'bao_format'), ('assays_horizontal_50_ac2_av_target', 'BAFO'))": 0.35996133,
    "(('assays_horizontal_50_ac2_av_source', 'src_id'), ('assays_horizontal_50_ac2_av_target', 'SI'))": 0.34568292
  },
  "metrics": {
    "precision": 0.9333333333333333,
    "recall": 0.6086956521739131,
    "f1_score": 0.7368421052631579,
    "precision_at_10_percent": 1.0,
    "precision_at_20_percent": 1.0,
    "precision_at_30_percent": 0.8,
    "precision_at_40_percent": 0.8333333333333334,
    "precision_at_50_percent": 0.875,
    "precision_at_60_percent": 0.8888888888888888,
    "precision_at_70_percent": 0.9090909090909091,
    "precision_at_80_percent": 0.9166666666666666,
    "precision_at_90_percent": 0.9285714285714286,
    "recall_at_sizeof_ground_truth": 0.6086956521739131
  },
  "run_times": {
    "total_time": 1.520442940999942,
    "algorithm_time": 1.5204253990000325
  }
}