{
  "name": "assays_both_0_70_ac5_ev__Coma{'max_n': 0, 'strategy': 'COMA_OPT'}",
  "matches": {
    "(('assays_both_0_70_ac5_ev_source', 'assay_id'), ('assays_both_0_70_ac5_ev_target', 'assays_td'))": 0.5542003,
    "(('assays_both_0_70_ac5_ev_source', 'assay_organism'), ('assays_both_0_70_ac5_ev_target', 'assays_ss_rgnsm'))": 0.4628852,
    "(('assays_both_0_70_ac5_ev_source', 'assay_cell_type'), ('assays_both_0_70_ac5_ev_target', 'assays_ss_cll_tp'))": 0.44736838,
    "(('assays_both_0_70_ac5_ev_source', 'assay_subcellular_fraction'), ('assays_both_0_70_ac5_ev_target', 'assays_ss_sbclllr_frctn'))": 0.38171268
  },
  "metrics": {
    "precision": 0.75,
    "recall": 0.1875,
    "f1_score": 0.3,
    "precision_at_10_percent": 0.0,
    "precision_at_20_percent": 0.0,
    "precision_at_30_percent": 0.5,
    "precision_at_40_percent": 0.5,
    "precision_at_50_percent": 0.5,
    "precision_at_60_percent": 0.6666666666666666,
    "precision_at_70_percent": 0.6666666666666666,
    "precision_at_80_percent": 0.75,
    "precision_at_90_percent": 0.75,
    "recall_at_sizeof_ground_truth": 0.1875
  },
  "run_times": {
    "total_time": 0.9004995630002668,
    "algorithm_time": 0.9004845750005188
  }
}