{
  "name": "assays_vertical_70_ac3_av__Coma{'max_n': 0, 'strategy': 'COMA_OPT'}",
  "matches": {
    "(('assays_vertical_70_ac3_av_source', 'src_id'), ('assays_vertical_70_ac3_av_target', 'src_d'))": 0.5851347,
    "(('assays_vertical_70_ac3_av_source', 'tid'), ('assays_vertical_70_ac3_av_target', 'td'))": 0.49733135,
    "(('assays_vertical_70_ac3_av_source', 'chembl_id'), ('assays_vertical_70_ac3_av_target', 'chmbl_d'))": 0.49149397,
    "(('assays_vertical_70_ac3_av_source', 'cell_id'), ('assays_vertical_70_ac3_av_target', 'cll_d'))": 0.42578253,
    "(('assays_vertical_70_ac3_av_source', 'variant_id'), ('assays_vertical_70_ac3_av_target', 'vrnt_d'))": 0.38062444,
    "(('assays_vertical_70_ac3_av_source', 'assay_strain'), ('assays_vertical_70_ac3_av_target', 'ss_strn'))": 0.36649397,
    "(('assays_vertical_70_ac3_av_source', 'description'), ('assays_vertical_70_ac3_av_target', 'dscrptn'))": 0.3634034,
    "(('assays_vertical_70_ac3_av_source', 'curated_by'), ('assays_vertical_70_ac3_av_target', 'crtd_b'))": 0.32518965,
    "(('assays_vertical_70_ac3_av_source', 'assay_organism'), ('assays_vertical_70_ac3_av_target', 'ss_rgnsm'))": 0.30222714,
    "(('assays_vertical_70_ac3_av_source', 'assay_subcellular_fraction'), ('assays_vertical_70_ac3_av_target', 'ss_sbclllr_frctn'))": 0.26649398
  },
  "metrics": {
    "precision": 1.0,
    "recall": 0.625,
    "f1_score": 0.7692307692307693,
    "precision_at_10_percent": 1.0,
    "precision_at_20_percent": 1.0,
    "precision_at_30_percent": 1.0,
    "precision_at_40_percent": 1.0,
    "precision_at_50_percent": 1.0,
    "precision_at_60_percent": 1.0,
    "precision_at_70_percent": 1.0,
    "precision_at_80_percent": 1.0,
    "precision_at_90_percent": 1.0,
    "recall_at_sizeof_ground_truth": 0.625
  },
  "run_times": {
    "total_time": 1.0365661299983913,
    "algorithm_time": 1.0365516419988126
  }
}