{
  "name": "assays_vertical_50_ac1_av__Coma{'max_n': 0, 'strategy': 'COMA_OPT'}",
  "matches": {
    "(('assays_vertical_50_ac1_av_source', 'assay_subcellular_fraction'), ('assays_vertical_50_ac1_av_target', 'assays_assay_subcellular_fraction'))": 0.8557348,
    "(('assays_vertical_50_ac1_av_source', 'assay_test_type'), ('assays_vertical_50_ac1_av_target', 'assays_assay_test_type'))": 0.8292234,
    "(('assays_vertical_50_ac1_av_source', 'assay_cell_type'), ('assays_vertical_50_ac1_av_target', 'assays_assay_cell_type'))": 0.8292234,
    "(('assays_vertical_50_ac1_av_source', 'assay_category'), ('assays_vertical_50_ac1_av_target', 'assays_assay_category'))": 0.8254831,
    "(('assays_vertical_50_ac1_av_source', 'assay_tissue'), ('assays_vertical_50_ac1_av_target', 'assays_assay_tissue'))": 0.8168018,
    "(('assays_vertical_50_ac1_av_source', 'assay_strain'), ('assays_vertical_50_ac1_av_target', 'assays_assay_strain'))": 0.8168018,
    "(('assays_vertical_50_ac1_av_source', 'assay_type'), ('assays_vertical_50_ac1_av_target', 'assays_assay_type'))": 0.805982,
    "(('assays_vertical_50_ac1_av_source', 'assay_id'), ('assays_vertical_50_ac1_av_target', 'assays_assay_id'))": 0.79201007,
    "(('assays_vertical_50_ac1_av_source', 'relationship_type'), ('assays_vertical_50_ac1_av_target', 'assays_relationship_type'))": 0.75499,
    "(('assays_vertical_50_ac1_av_source', 'description'), ('assays_vertical_50_ac1_av_target', 'assays_description'))": 0.7051884
  },
  "metrics": {
    "precision": 1.0,
    "recall": 0.9090909090909091,
    "f1_score": 0.9523809523809523,
    "precision_at_10_percent": 1.0,
    "precision_at_20_percent": 1.0,
    "precision_at_30_percent": 1.0,
    "precision_at_40_percent": 1.0,
    "precision_at_50_percent": 1.0,
    "precision_at_60_percent": 1.0,
    "precision_at_70_percent": 1.0,
    "precision_at_80_percent": 1.0,
    "precision_at_90_percent": 1.0,
    "recall_at_sizeof_ground_truth": 0.9090909090909091
  },
  "run_times": {
    "total_time": 1.0337731660001737,
    "algorithm_time": 1.0337581869989663
  }
}