{
  "name": "assays_both_0_70_ac4_av__Coma{'max_n': 0, 'strategy': 'COMA_OPT_INST'}",
  "matches": {
    "(('assays_both_0_70_ac4_av_source', 'assay_id'), ('assays_both_0_70_ac4_av_target', 'assays_SRI'))": 0.48811188,
    "(('assays_both_0_70_ac4_av_source', 'assay_type'), ('assays_both_0_70_ac4_av_target', 'assays_ASST'))": 0.41866034,
    "(('assays_both_0_70_ac4_av_source', 'relationship_type'), ('assays_both_0_70_ac4_av_target', 'assays_RELATTY'))": 0.39212877
  },
  "metrics": {
    "precision": 0.6666666666666666,
    "recall": 0.125,
    "f1_score": 0.21052631578947367,
    "precision_at_10_percent": 0.0,
    "precision_at_20_percent": 0.0,
    "precision_at_30_percent": 0.0,
    "precision_at_40_percent": 0.5,
    "precision_at_50_percent": 0.5,
    "precision_at_60_percent": 0.5,
    "precision_at_70_percent": 0.6666666666666666,
    "precision_at_80_percent": 0.6666666666666666,
    "precision_at_90_percent": 0.6666666666666666,
    "recall_at_sizeof_ground_truth": 0.125
  },
  "run_times": {
    "total_time": 62.77151667100043,
    "algorithm_time": 62.77150233700013
  }
}