{
  "name": "assays_horizontal_100_ac2_ev__Coma{'max_n': 0, 'strategy': 'COMA_OPT_INST'}",
  "matches": {
    "(('assays_horizontal_100_ac2_ev_source', 'curated_by'), ('assays_horizontal_100_ac2_ev_target', 'CURB'))": 0.53928775,
    "(('assays_horizontal_100_ac2_ev_source', 'src_id'), ('assays_horizontal_100_ac2_ev_target', 'SRI'))": 0.5324197,
    "(('assays_horizontal_100_ac2_ev_source', 'assay_subcellular_fraction'), ('assays_horizontal_100_ac2_ev_target', 'ASSSUBCELFRA'))": 0.5138496,
    "(('assays_horizontal_100_ac2_ev_source', 'assay_organism'), ('assays_horizontal_100_ac2_ev_target', 'ASSORG'))": 0.4907185,
    "(('assays_horizontal_100_ac2_ev_source', 'confidence_score'), ('assays_horizontal_100_ac2_ev_target', 'CONFISC'))": 0.48677683,
    "(('assays_horizontal_100_ac2_ev_source', 'description'), ('assays_horizontal_100_ac2_ev_target', 'Descri'))": 0.47928572,
    "(('assays_horizontal_100_ac2_ev_source', 'assay_tax_id'), ('assays_horizontal_100_ac2_ev_target', 'ASSTI'))": 0.4760533,
    "(('assays_horizontal_100_ac2_ev_source', 'assay_test_type'), ('assays_horizontal_100_ac2_ev_target', 'ASTET'))": 0.4624568,
    "(('assays_horizontal_100_ac2_ev_source', 'bao_format'), ('assays_horizontal_100_ac2_ev_target', 'BAFO'))": 0.42907667,
    "(('assays_horizontal_100_ac2_ev_source', 'relationship_type'), ('assays_horizontal_100_ac2_ev_target', 'RELTY'))": 0.41886473,
    "(('assays_horizontal_100_ac2_ev_source', 'tid'), ('assays_horizontal_100_ac2_ev_target', 'Ti'))": 0.41601196,
    "(('assays_horizontal_100_ac2_ev_source', 'tissue_id'), ('assays_horizontal_100_ac2_ev_target', 'TISI'))": 0.403092,
    "(('assays_horizontal_100_ac2_ev_source', 'assay_type'), ('assays_horizontal_100_ac2_ev_target', 'ASST'))": 0.3868994,
    "(('assays_horizontal_100_ac2_ev_source', 'assay_tissue'), ('assays_horizontal_100_ac2_ev_target', 'ASTIS'))": 0.37579605,
    "(('assays_horizontal_100_ac2_ev_source', 'assay_strain'), ('assays_horizontal_100_ac2_ev_target', 'ASSSTR'))": 0.35140902,
    "(('assays_horizontal_100_ac2_ev_source', 'doc_id'), ('assays_horizontal_100_ac2_ev_target', 'DOI'))": 0.3428761,
    "(('assays_horizontal_100_ac2_ev_source', 'src_assay_id'), ('assays_horizontal_100_ac2_ev_target', 'SRASSI'))": 0.31232607,
    "(('assays_horizontal_100_ac2_ev_source', 'chembl_id'), ('assays_horizontal_100_ac2_ev_target', 'CHI'))": 0.30471334,
    "(('assays_horizontal_100_ac2_ev_source', 'variant_id'), ('assays_horizontal_100_ac2_ev_target', 'VAI'))": 0.29735282,
    "(('assays_horizontal_100_ac2_ev_source', 'cell_id'), ('assays_horizontal_100_ac2_ev_target', 'CI'))": 0.2716138
  },
  "metrics": {
    "precision": 1.0,
    "recall": 0.8695652173913043,
    "f1_score": 0.9302325581395349,
    "precision_at_10_percent": 1.0,
    "precision_at_20_percent": 1.0,
    "precision_at_30_percent": 1.0,
    "precision_at_40_percent": 1.0,
    "precision_at_50_percent": 1.0,
    "precision_at_60_percent": 1.0,
    "precision_at_70_percent": 1.0,
    "precision_at_80_percent": 1.0,
    "precision_at_90_percent": 1.0,
    "recall_at_sizeof_ground_truth": 0.8695652173913043
  },
  "run_times": {
    "total_time": 87.18048837100002,
    "algorithm_time": 87.18046906200004
  }
}