{
  "name": "assays_horizontal_50_ac4_av__Coma{'max_n': 0, 'strategy': 'COMA_OPT'}",
  "matches": {
    "(('assays_horizontal_50_ac4_av_source', 'assay_tissue'), ('assays_horizontal_50_ac4_av_target', 'assays_TISI'))": 0.52447027,
    "(('assays_horizontal_50_ac4_av_source', 'assay_id'), ('assays_horizontal_50_ac4_av_target', 'assays_T'))": 0.51808184,
    "(('assays_horizontal_50_ac4_av_source', 'assay_category'), ('assays_horizontal_50_ac4_av_target', 'assays_ASSCATE'))": 0.4873278,
    "(('assays_horizontal_50_ac4_av_source', 'assay_strain'), ('assays_horizontal_50_ac4_av_target', 'assays_ASSSTR'))": 0.47608125,
    "(('assays_horizontal_50_ac4_av_source', 'assay_subcellular_fraction'), ('assays_horizontal_50_ac4_av_target', 'assays_ASSUBCELFR'))": 0.4426301
  },
  "metrics": {
    "precision": 0.6,
    "recall": 0.13043478260869565,
    "f1_score": 0.21428571428571427,
    "precision_at_10_percent": 0.0,
    "precision_at_20_percent": 0.0,
    "precision_at_30_percent": 0.0,
    "precision_at_40_percent": 0.0,
    "precision_at_50_percent": 0.3333333333333333,
    "precision_at_60_percent": 0.3333333333333333,
    "precision_at_70_percent": 0.5,
    "precision_at_80_percent": 0.5,
    "precision_at_90_percent": 0.6,
    "recall_at_sizeof_ground_truth": 0.13043478260869565
  },
  "run_times": {
    "total_time": 1.7353418659999988,
    "algorithm_time": 1.7353230609999173
  }
}