{
  "name": "assays_both_0_50_ac1_av__Coma{'max_n': 0, 'strategy': 'COMA_OPT'}",
  "matches": {
    "(('assays_both_0_50_ac1_av_source', 'assay_test_type'), ('assays_both_0_50_ac1_av_target', 'assays_assay_test_type'))": 0.8174337,
    "(('assays_both_0_50_ac1_av_source', 'assay_organism'), ('assays_both_0_50_ac1_av_target', 'assays_assay_organism'))": 0.8136232,
    "(('assays_both_0_50_ac1_av_source', 'assay_tax_id'), ('assays_both_0_50_ac1_av_target', 'assays_assay_tax_id'))": 0.80709714,
    "(('assays_both_0_50_ac1_av_source', 'assay_id'), ('assays_both_0_50_ac1_av_target', 'assays_assay_id'))": 0.77961814,
    "(('assays_both_0_50_ac1_av_source', 'relationship_type'), ('assays_both_0_50_ac1_av_target', 'assays_relationship_type'))": 0.7432135,
    "(('assays_both_0_50_ac1_av_source', 'src_assay_id'), ('assays_both_0_50_ac1_av_target', 'assays_src_assay_id'))": 0.7311764,
    "(('assays_both_0_50_ac1_av_source', 'curated_by'), ('assays_both_0_50_ac1_av_target', 'assays_curated_by'))": 0.6811211,
    "(('assays_both_0_50_ac1_av_source', 'variant_id'), ('assays_both_0_50_ac1_av_target', 'assays_variant_id'))": 0.6811211,
    "(('assays_both_0_50_ac1_av_source', 'chembl_id'), ('assays_both_0_50_ac1_av_target', 'assays_chembl_id'))": 0.66772896,
    "(('assays_both_0_50_ac1_av_source', 'assay_tissue'), ('assays_both_0_50_ac1_av_target', 'assays_tissue_id'))": 0.6535798
  },
  "metrics": {
    "precision": 0.9,
    "recall": 0.8181818181818182,
    "f1_score": 0.8571428571428572,
    "precision_at_10_percent": 1.0,
    "precision_at_20_percent": 1.0,
    "precision_at_30_percent": 1.0,
    "precision_at_40_percent": 1.0,
    "precision_at_50_percent": 1.0,
    "precision_at_60_percent": 1.0,
    "precision_at_70_percent": 1.0,
    "precision_at_80_percent": 1.0,
    "precision_at_90_percent": 1.0,
    "recall_at_sizeof_ground_truth": 0.8181818181818182
  },
  "run_times": {
    "total_time": 1.0316646409992245,
    "algorithm_time": 1.031650376999096
  }
}