{
  "name": "assays_both_0_70_ec_av__Coma{'max_n': 0, 'strategy': 'COMA_OPT'}",
  "matches": {
    "(('assays_both_0_70_ec_av_source', 'relationship_type'), ('assays_both_0_70_ec_av_target', 'relationship_type'))": 0.9378953,
    "(('assays_both_0_70_ec_av_source', 'confidence_score'), ('assays_both_0_70_ec_av_target', 'confidence_score'))": 0.9371412,
    "(('assays_both_0_70_ec_av_source', 'assay_cell_type'), ('assays_both_0_70_ec_av_target', 'assay_cell_type'))": 0.9338037,
    "(('assays_both_0_70_ec_av_source', 'assay_tax_id'), ('assays_both_0_70_ec_av_target', 'assay_tax_id'))": 0.9332534,
    "(('assays_both_0_70_ec_av_source', 'assay_category'), ('assays_both_0_70_ec_av_target', 'assay_category'))": 0.9328786,
    "(('assays_both_0_70_ec_av_source', 'description'), ('assays_both_0_70_ec_av_target', 'description'))": 0.9328786,
    "(('assays_both_0_70_ec_av_source', 'assay_organism'), ('assays_both_0_70_ec_av_target', 'assay_organism'))": 0.9328786,
    "(('assays_both_0_70_ec_av_source', 'curated_by'), ('assays_both_0_70_ec_av_target', 'curated_by'))": 0.9319124,
    "(('assays_both_0_70_ec_av_source', 'chembl_id'), ('assays_both_0_70_ec_av_target', 'chembl_id'))": 0.93090236,
    "(('assays_both_0_70_ec_av_source', 'assay_tissue'), ('assays_both_0_70_ec_av_target', 'assay_tissue'))": 0.93090236,
    "(('assays_both_0_70_ec_av_source', 'assay_strain'), ('assays_both_0_70_ec_av_target', 'assay_strain'))": 0.93090236,
    "(('assays_both_0_70_ec_av_source', 'src_assay_id'), ('assays_both_0_70_ec_av_target', 'src_assay_id'))": 0.9287379,
    "(('assays_both_0_70_ec_av_source', 'assay_type'), ('assays_both_0_70_ec_av_target', 'assay_type'))": 0.9287379,
    "(('assays_both_0_70_ec_av_source', 'cell_id'), ('assays_both_0_70_ec_av_target', 'cell_id'))": 0.9287379,
    "(('assays_both_0_70_ec_av_source', 'assay_id'), ('assays_both_0_70_ec_av_target', 'assay_id'))": 0.9263569,
    "(('assays_both_0_70_ec_av_source', 'tid'), ('assays_both_0_70_ec_av_target', 'tid'))": 0.92372537
  },
  "metrics": {
    "precision": 1.0,
    "recall": 1.0,
    "f1_score": 1.0,
    "precision_at_10_percent": 1.0,
    "precision_at_20_percent": 1.0,
    "precision_at_30_percent": 1.0,
    "precision_at_40_percent": 1.0,
    "precision_at_50_percent": 1.0,
    "precision_at_60_percent": 1.0,
    "precision_at_70_percent": 1.0,
    "precision_at_80_percent": 1.0,
    "precision_at_90_percent": 1.0,
    "recall_at_sizeof_ground_truth": 1.0
  },
  "run_times": {
    "total_time": 1.0821112539997557,
    "algorithm_time": 1.0820971720004309
  }
}