{
  "name": "assays_both_0_50_ec_ev__Coma{'max_n': 0, 'strategy': 'COMA_OPT'}",
  "matches": {
    "(('assays_both_0_50_ec_ev_source', 'confidence_score'), ('assays_both_0_50_ec_ev_target', 'confidence_score'))": 0.9117342,
    "(('assays_both_0_50_ec_ev_source', 'assay_cell_type'), ('assays_both_0_50_ec_ev_target', 'assay_cell_type'))": 0.9083967,
    "(('assays_both_0_50_ec_ev_source', 'assay_tax_id'), ('assays_both_0_50_ec_ev_target', 'assay_tax_id'))": 0.90784645,
    "(('assays_both_0_50_ec_ev_source', 'assay_category'), ('assays_both_0_50_ec_ev_target', 'assay_category'))": 0.90747166,
    "(('assays_both_0_50_ec_ev_source', 'curated_by'), ('assays_both_0_50_ec_ev_target', 'curated_by'))": 0.90650547,
    "(('assays_both_0_50_ec_ev_source', 'assay_strain'), ('assays_both_0_50_ec_ev_target', 'assay_strain'))": 0.90549535,
    "(('assays_both_0_50_ec_ev_source', 'tissue_id'), ('assays_both_0_50_ec_ev_target', 'tissue_id'))": 0.90549535,
    "(('assays_both_0_50_ec_ev_source', 'assay_tissue'), ('assays_both_0_50_ec_ev_target', 'assay_tissue'))": 0.90549535,
    "(('assays_both_0_50_ec_ev_source', 'cell_id'), ('assays_both_0_50_ec_ev_target', 'cell_id'))": 0.90333086,
    "(('assays_both_0_50_ec_ev_source', 'doc_id'), ('assays_both_0_50_ec_ev_target', 'doc_id'))": 0.9021694,
    "(('assays_both_0_50_ec_ev_source', 'assay_id'), ('assays_both_0_50_ec_ev_target', 'assay_id'))": 0.9009499
  },
  "metrics": {
    "precision": 1.0,
    "recall": 1.0,
    "f1_score": 1.0,
    "precision_at_10_percent": 1.0,
    "precision_at_20_percent": 1.0,
    "precision_at_30_percent": 1.0,
    "precision_at_40_percent": 1.0,
    "precision_at_50_percent": 1.0,
    "precision_at_60_percent": 1.0,
    "precision_at_70_percent": 1.0,
    "precision_at_80_percent": 1.0,
    "precision_at_90_percent": 1.0,
    "recall_at_sizeof_ground_truth": 1.0
  },
  "run_times": {
    "total_time": 1.01069772199844,
    "algorithm_time": 1.0106840519983962
  }
}