{
  "name": "assays_both_0_1_ac3_ev__Coma{'max_n': 0, 'strategy': 'COMA_OPT_INST'}",
  "matches": {
    "(('assays_both_0_1_ac3_ev_source', 'assay_id'), ('assays_both_0_1_ac3_ev_target', 'src_d'))": 0.29906994,
    "(('assays_both_0_1_ac3_ev_source', 'doc_id'), ('assays_both_0_1_ac3_ev_target', 'td'))": 0.23537266,
    "(('assays_both_0_1_ac3_ev_source', 'assay_subcellular_fraction'), ('assays_both_0_1_ac3_ev_target', 'b_frmt'))": 0.14822428
  },
  "metrics": {
    "precision": 0.0,
    "recall": 0.0,
    "f1_score": 0,
    "precision_at_10_percent": 0.0,
    "precision_at_20_percent": 0.0,
    "precision_at_30_percent": 0.0,
    "precision_at_40_percent": 0.0,
    "precision_at_50_percent": 0.0,
    "precision_at_60_percent": 0.0,
    "precision_at_70_percent": 0.0,
    "precision_at_80_percent": 0.0,
    "precision_at_90_percent": 0.0,
    "recall_at_sizeof_ground_truth": 0.0
  },
  "run_times": {
    "total_time": 17.02405870400071,
    "algorithm_time": 17.0240451690006
  }
}