{
  "name": "assays_both_50_30_ac1_av__Coma{'max_n': 0, 'strategy': 'COMA_OPT_INST'}",
  "matches": {
    "(('assays_both_50_30_ac1_av_source', 'assay_tissue'), ('assays_both_50_30_ac1_av_target', 'assays_assay_tissue'))": 0.6339816,
    "(('assays_both_50_30_ac1_av_source', 'assay_id'), ('assays_both_50_30_ac1_av_target', 'assays_src_id'))": 0.6219906,
    "(('assays_both_50_30_ac1_av_source', 'src_assay_id'), ('assays_both_50_30_ac1_av_target', 'assays_src_assay_id'))": 0.5752859,
    "(('assays_both_50_30_ac1_av_source', 'bao_format'), ('assays_both_50_30_ac1_av_target', 'assays_bao_format'))": 0.53682864,
    "(('assays_both_50_30_ac1_av_source', 'assay_type'), ('assays_both_50_30_ac1_av_target', 'assays_assay_cell_type'))": 0.5359685,
    "(('assays_both_50_30_ac1_av_source', 'curated_by'), ('assays_both_50_30_ac1_av_target', 'assays_curated_by'))": 0.53516203
  },
  "metrics": {
    "precision": 0.6666666666666666,
    "recall": 0.6666666666666666,
    "f1_score": 0.6666666666666666,
    "precision_at_10_percent": 1.0,
    "precision_at_20_percent": 0.5,
    "precision_at_30_percent": 0.5,
    "precision_at_40_percent": 0.6666666666666666,
    "precision_at_50_percent": 0.6666666666666666,
    "precision_at_60_percent": 0.75,
    "precision_at_70_percent": 0.6,
    "precision_at_80_percent": 0.6,
    "precision_at_90_percent": 0.6666666666666666,
    "recall_at_sizeof_ground_truth": 0.6666666666666666
  },
  "run_times": {
    "total_time": 27.10397808200105,
    "algorithm_time": 27.10396367499925
  }
}