{
  "name": "assays_both_50_30_ac2_av__Coma{'max_n': 0, 'strategy': 'COMA_OPT'}",
  "matches": {
    "(('assays_both_50_30_ac2_av_source', 'description'), ('assays_both_50_30_ac2_av_target', 'Descri'))": 0.52919996,
    "(('assays_both_50_30_ac2_av_source', 'tid'), ('assays_both_50_30_ac2_av_target', 'Ti'))": 0.49571127,
    "(('assays_both_50_30_ac2_av_source', 'assay_id'), ('assays_both_50_30_ac2_av_target', 'ASSCTY'))": 0.4014527,
    "(('assays_both_50_30_ac2_av_source', 'assay_subcellular_fraction'), ('assays_both_50_30_ac2_av_target', 'ASSSUBCELFR'))": 0.38710427,
    "(('assays_both_50_30_ac2_av_source', 'variant_id'), ('assays_both_50_30_ac2_av_target', 'VAI'))": 0.3464807
  },
  "metrics": {
    "precision": 0.8,
    "recall": 0.6666666666666666,
    "f1_score": 0.7272727272727272,
    "precision_at_10_percent": 1.0,
    "precision_at_20_percent": 1.0,
    "precision_at_30_percent": 1.0,
    "precision_at_40_percent": 1.0,
    "precision_at_50_percent": 0.6666666666666666,
    "precision_at_60_percent": 0.6666666666666666,
    "precision_at_70_percent": 0.75,
    "precision_at_80_percent": 0.75,
    "precision_at_90_percent": 0.8,
    "recall_at_sizeof_ground_truth": 0.6666666666666666
  },
  "run_times": {
    "total_time": 1.0838127650004026,
    "algorithm_time": 1.0837979480002105
  }
}