{
  "name": "assays_vertical_50_ac2_av__Coma{'max_n': 0, 'strategy': 'COMA_OPT_INST'}",
  "matches": {
    "(('assays_vertical_50_ac2_av_source', 'assay_id'), ('assays_vertical_50_ac2_av_target', 'ASSI'))": 0.5526202,
    "(('assays_vertical_50_ac2_av_source', 'confidence_score'), ('assays_vertical_50_ac2_av_target', 'CONFISC'))": 0.5469425,
    "(('assays_vertical_50_ac2_av_source', 'relationship_type'), ('assays_vertical_50_ac2_av_target', 'RELATT'))": 0.54124445,
    "(('assays_vertical_50_ac2_av_source', 'tid'), ('assays_vertical_50_ac2_av_target', 'T'))": 0.5380963,
    "(('assays_vertical_50_ac2_av_source', 'doc_id'), ('assays_vertical_50_ac2_av_target', 'DOI'))": 0.5342728,
    "(('assays_vertical_50_ac2_av_source', 'assay_type'), ('assays_vertical_50_ac2_av_target', 'ASTY'))": 0.48658293,
    "(('assays_vertical_50_ac2_av_source', 'src_id'), ('assays_vertical_50_ac2_av_target', 'SI'))": 0.47058553,
    "(('assays_vertical_50_ac2_av_source', 'variant_id'), ('assays_vertical_50_ac2_av_target', 'VARII'))": 0.36884344,
    "(('assays_vertical_50_ac2_av_source', 'assay_organism'), ('assays_vertical_50_ac2_av_target', 'ASSORGA'))": 0.3655601,
    "(('assays_vertical_50_ac2_av_source', 'chembl_id'), ('assays_vertical_50_ac2_av_target', 'CHEI'))": 0.34166533
  },
  "metrics": {
    "precision": 1.0,
    "recall": 0.9090909090909091,
    "f1_score": 0.9523809523809523,
    "precision_at_10_percent": 1.0,
    "precision_at_20_percent": 1.0,
    "precision_at_30_percent": 1.0,
    "precision_at_40_percent": 1.0,
    "precision_at_50_percent": 1.0,
    "precision_at_60_percent": 1.0,
    "precision_at_70_percent": 1.0,
    "precision_at_80_percent": 1.0,
    "precision_at_90_percent": 1.0,
    "recall_at_sizeof_ground_truth": 0.9090909090909091
  },
  "run_times": {
    "total_time": 45.7652352820005,
    "algorithm_time": 45.765219859000354
  }
}