{
  "name": "assays_horizontal_100_ac2_ev__Coma{'max_n': 0, 'strategy': 'COMA_OPT'}",
  "matches": {
    "(('assays_horizontal_100_ac2_ev_source', 'description'), ('assays_horizontal_100_ac2_ev_target', 'Descri'))": 0.55294275,
    "(('assays_horizontal_100_ac2_ev_source', 'tid'), ('assays_horizontal_100_ac2_ev_target', 'Ti'))": 0.52001494,
    "(('assays_horizontal_100_ac2_ev_source', 'assay_id'), ('assays_horizontal_100_ac2_ev_target', 'ASST'))": 0.4511931,
    "(('assays_horizontal_100_ac2_ev_source', 'confidence_score'), ('assays_horizontal_100_ac2_ev_target', 'CONFISC'))": 0.44409603,
    "(('assays_horizontal_100_ac2_ev_source', 'assay_subcellular_fraction'), ('assays_horizontal_100_ac2_ev_target', 'ASSSUBCELFRA'))": 0.44069907,
    "(('assays_horizontal_100_ac2_ev_source', 'assay_strain'), ('assays_horizontal_100_ac2_ev_target', 'ASSSTR'))": 0.4392613,
    "(('assays_horizontal_100_ac2_ev_source', 'doc_id'), ('assays_horizontal_100_ac2_ev_target', 'DOI'))": 0.4283451,
    "(('assays_horizontal_100_ac2_ev_source', 'curated_by'), ('assays_horizontal_100_ac2_ev_target', 'CURB'))": 0.42410976,
    "(('assays_horizontal_100_ac2_ev_source', 'src_id'), ('assays_horizontal_100_ac2_ev_target', 'SRI'))": 0.4155246,
    "(('assays_horizontal_100_ac2_ev_source', 'src_assay_id'), ('assays_horizontal_100_ac2_ev_target', 'SRASSI'))": 0.3904076,
    "(('assays_horizontal_100_ac2_ev_source', 'chembl_id'), ('assays_horizontal_100_ac2_ev_target', 'CHI'))": 0.38089168,
    "(('assays_horizontal_100_ac2_ev_source', 'variant_id'), ('assays_horizontal_100_ac2_ev_target', 'VAI'))": 0.37169102,
    "(('assays_horizontal_100_ac2_ev_source', 'bao_format'), ('assays_horizontal_100_ac2_ev_target', 'BAFO'))": 0.36334586,
    "(('assays_horizontal_100_ac2_ev_source', 'relationship_type'), ('assays_horizontal_100_ac2_ev_target', 'RELTY'))": 0.3592059,
    "(('assays_horizontal_100_ac2_ev_source', 'cell_id'), ('assays_horizontal_100_ac2_ev_target', 'CI'))": 0.33951727
  },
  "metrics": {
    "precision": 0.9333333333333333,
    "recall": 0.6086956521739131,
    "f1_score": 0.7368421052631579,
    "precision_at_10_percent": 1.0,
    "precision_at_20_percent": 0.6666666666666666,
    "precision_at_30_percent": 0.8,
    "precision_at_40_percent": 0.8333333333333334,
    "precision_at_50_percent": 0.875,
    "precision_at_60_percent": 0.8888888888888888,
    "precision_at_70_percent": 0.9090909090909091,
    "precision_at_80_percent": 0.9166666666666666,
    "precision_at_90_percent": 0.9285714285714286,
    "recall_at_sizeof_ground_truth": 0.6086956521739131
  },
  "run_times": {
    "total_time": 2.29585870599999,
    "algorithm_time": 2.295840260000034
  }
}