{
  "name": "assays_both_0_70_ac1_ev__Coma{'max_n': 0, 'strategy': 'COMA_OPT_INST'}",
  "matches": {
    "(('assays_both_0_70_ac1_ev_source', 'assay_test_type'), ('assays_both_0_70_ac1_ev_target', 'assays_assay_test_type'))": 0.86419344,
    "(('assays_both_0_70_ac1_ev_source', 'assay_subcellular_fraction'), ('assays_both_0_70_ac1_ev_target', 'assays_assay_subcellular_fraction'))": 0.84896815,
    "(('assays_both_0_70_ac1_ev_source', 'assay_organism'), ('assays_both_0_70_ac1_ev_target', 'assays_assay_organism'))": 0.81729794,
    "(('assays_both_0_70_ac1_ev_source', 'assay_tax_id'), ('assays_both_0_70_ac1_ev_target', 'assays_assay_tax_id'))": 0.81207716,
    "(('assays_both_0_70_ac1_ev_source', 'curated_by'), ('assays_both_0_70_ac1_ev_target', 'assays_curated_by'))": 0.75697446,
    "(('assays_both_0_70_ac1_ev_source', 'assay_tissue'), ('assays_both_0_70_ac1_ev_target', 'assays_assay_tissue'))": 0.7114635,
    "(('assays_both_0_70_ac1_ev_source', 'bao_format'), ('assays_both_0_70_ac1_ev_target', 'assays_bao_format'))": 0.6970674,
    "(('assays_both_0_70_ac1_ev_source', 'assay_category'), ('assays_both_0_70_ac1_ev_target', 'assays_assay_category'))": 0.66297615,
    "(('assays_both_0_70_ac1_ev_source', 'assay_id'), ('assays_both_0_70_ac1_ev_target', 'assays_src_id'))": 0.64344543,
    "(('assays_both_0_70_ac1_ev_source', 'description'), ('assays_both_0_70_ac1_ev_target', 'assays_description'))": 0.6033843,
    "(('assays_both_0_70_ac1_ev_source', 'tissue_id'), ('assays_both_0_70_ac1_ev_target', 'assays_tissue_id'))": 0.60073054,
    "(('assays_both_0_70_ac1_ev_source', 'src_assay_id'), ('assays_both_0_70_ac1_ev_target', 'assays_src_assay_id'))": 0.59701866,
    "(('assays_both_0_70_ac1_ev_source', 'variant_id'), ('assays_both_0_70_ac1_ev_target', 'assays_variant_id'))": 0.5569745,
    "(('assays_both_0_70_ac1_ev_source', 'chembl_id'), ('assays_both_0_70_ac1_ev_target', 'assays_chembl_id'))": 0.5462607
  },
  "metrics": {
    "precision": 0.9285714285714286,
    "recall": 0.8125,
    "f1_score": 0.8666666666666666,
    "precision_at_10_percent": 1.0,
    "precision_at_20_percent": 1.0,
    "precision_at_30_percent": 1.0,
    "precision_at_40_percent": 1.0,
    "precision_at_50_percent": 1.0,
    "precision_at_60_percent": 0.8888888888888888,
    "precision_at_70_percent": 0.9,
    "precision_at_80_percent": 0.9166666666666666,
    "precision_at_90_percent": 0.9230769230769231,
    "recall_at_sizeof_ground_truth": 0.8125
  },
  "run_times": {
    "total_time": 51.9161886260008,
    "algorithm_time": 51.91617419800059
  }
}