{
  "name": "assays_both_50_50_ac1_av__Coma{'max_n': 0, 'strategy': 'COMA_OPT'}",
  "matches": {
    "(('assays_both_50_50_ac1_av_source', 'assay_subcellular_fraction'), ('assays_both_50_50_ac1_av_target', 'assays_assay_subcellular_fraction'))": 0.85311407,
    "(('assays_both_50_50_ac1_av_source', 'assay_tax_id'), ('assays_both_50_50_ac1_av_target', 'assays_assay_tax_id'))": 0.8153267,
    "(('assays_both_50_50_ac1_av_source', 'assay_tissue'), ('assays_both_50_50_ac1_av_target', 'assays_assay_tissue'))": 0.8129756,
    "(('assays_both_50_50_ac1_av_source', 'assay_type'), ('assays_both_50_50_ac1_av_target', 'assays_assay_type'))": 0.80188257,
    "(('assays_both_50_50_ac1_av_source', 'assay_id'), ('assays_both_50_50_ac1_av_target', 'assays_assay_id'))": 0.7875968,
    "(('assays_both_50_50_ac1_av_source', 'relationship_type'), ('assays_both_50_50_ac1_av_target', 'assays_relationship_type'))": 0.75153816,
    "(('assays_both_50_50_ac1_av_source', 'confidence_score'), ('assays_both_50_50_ac1_av_target', 'assays_confidence_score'))": 0.74494624,
    "(('assays_both_50_50_ac1_av_source', 'src_assay_id'), ('assays_both_50_50_ac1_av_target', 'assays_src_assay_id'))": 0.73911196,
    "(('assays_both_50_50_ac1_av_source', 'variant_id'), ('assays_both_50_50_ac1_av_target', 'assays_variant_id'))": 0.68916297,
    "(('assays_both_50_50_ac1_av_source', 'curated_by'), ('assays_both_50_50_ac1_av_target', 'assays_curated_by'))": 0.68916297
  },
  "metrics": {
    "precision": 1.0,
    "recall": 0.9090909090909091,
    "f1_score": 0.9523809523809523,
    "precision_at_10_percent": 1.0,
    "precision_at_20_percent": 1.0,
    "precision_at_30_percent": 1.0,
    "precision_at_40_percent": 1.0,
    "precision_at_50_percent": 1.0,
    "precision_at_60_percent": 1.0,
    "precision_at_70_percent": 1.0,
    "precision_at_80_percent": 1.0,
    "precision_at_90_percent": 1.0,
    "recall_at_sizeof_ground_truth": 0.9090909090909091
  },
  "run_times": {
    "total_time": 0.9860458050006855,
    "algorithm_time": 0.9860322610002186
  }
}