{
  "name": "assays_both_0_70_ec_av__Coma{'max_n': 0, 'strategy': 'COMA_OPT_INST'}",
  "matches": {
    "(('assays_both_0_70_ec_av_source', 'relationship_type'), ('assays_both_0_70_ec_av_target', 'relationship_type'))": 0.88181627,
    "(('assays_both_0_70_ec_av_source', 'confidence_score'), ('assays_both_0_70_ec_av_target', 'confidence_score'))": 0.881213,
    "(('assays_both_0_70_ec_av_source', 'assay_type'), ('assays_both_0_70_ec_av_target', 'assay_type'))": 0.78879035,
    "(('assays_both_0_70_ec_av_source', 'assay_cell_type'), ('assays_both_0_70_ec_av_target', 'assay_cell_type'))": 0.74704295,
    "(('assays_both_0_70_ec_av_source', 'assay_tax_id'), ('assays_both_0_70_ec_av_target', 'assay_tax_id'))": 0.7466027,
    "(('assays_both_0_70_ec_av_source', 'assay_category'), ('assays_both_0_70_ec_av_target', 'assay_category'))": 0.7463029,
    "(('assays_both_0_70_ec_av_source', 'description'), ('assays_both_0_70_ec_av_target', 'description'))": 0.7463029,
    "(('assays_both_0_70_ec_av_source', 'assay_organism'), ('assays_both_0_70_ec_av_target', 'assay_organism'))": 0.7463029,
    "(('assays_both_0_70_ec_av_source', 'curated_by'), ('assays_both_0_70_ec_av_target', 'curated_by'))": 0.74552995,
    "(('assays_both_0_70_ec_av_source', 'cell_id'), ('assays_both_0_70_ec_av_target', 'cell_id'))": 0.7450736,
    "(('assays_both_0_70_ec_av_source', 'chembl_id'), ('assays_both_0_70_ec_av_target', 'chembl_id'))": 0.7447219,
    "(('assays_both_0_70_ec_av_source', 'assay_tissue'), ('assays_both_0_70_ec_av_target', 'assay_tissue'))": 0.7447219,
    "(('assays_both_0_70_ec_av_source', 'assay_strain'), ('assays_both_0_70_ec_av_target', 'assay_strain'))": 0.7447219,
    "(('assays_both_0_70_ec_av_source', 'src_assay_id'), ('assays_both_0_70_ec_av_target', 'src_assay_id'))": 0.7429903,
    "(('assays_both_0_70_ec_av_source', 'assay_id'), ('assays_both_0_70_ec_av_target', 'assay_id'))": 0.7410855,
    "(('assays_both_0_70_ec_av_source', 'tid'), ('assays_both_0_70_ec_av_target', 'tid'))": 0.7389803
  },
  "metrics": {
    "precision": 1.0,
    "recall": 1.0,
    "f1_score": 1.0,
    "precision_at_10_percent": 1.0,
    "precision_at_20_percent": 1.0,
    "precision_at_30_percent": 1.0,
    "precision_at_40_percent": 1.0,
    "precision_at_50_percent": 1.0,
    "precision_at_60_percent": 1.0,
    "precision_at_70_percent": 1.0,
    "precision_at_80_percent": 1.0,
    "precision_at_90_percent": 1.0,
    "recall_at_sizeof_ground_truth": 1.0
  },
  "run_times": {
    "total_time": 60.41177920100017,
    "algorithm_time": 60.41176522600108
  }
}