{
  "name": "assays_vertical_1_ac1_ev__Coma{'max_n': 0, 'strategy': 'COMA_OPT_INST'}",
  "matches": {
    "(('assays_vertical_1_ac1_ev_source', 'assay_id'), ('assays_vertical_1_ac1_ev_target', 'assays_assay_id'))": 0.7988549,
    "(('assays_vertical_1_ac1_ev_source', 'assay_tissue'), ('assays_vertical_1_ac1_ev_target', 'assays_tissue_id'))": 0.49829763,
    "(('assays_vertical_1_ac1_ev_source', 'assay_type'), ('assays_vertical_1_ac1_ev_target', 'assays_relationship_type'))": 0.45014316
  },
  "metrics": {
    "precision": 0.3333333333333333,
    "recall": 1.0,
    "f1_score": 0.5,
    "precision_at_10_percent": 1.0,
    "precision_at_20_percent": 1.0,
    "precision_at_30_percent": 1.0,
    "precision_at_40_percent": 0.5,
    "precision_at_50_percent": 0.5,
    "precision_at_60_percent": 0.5,
    "precision_at_70_percent": 0.3333333333333333,
    "precision_at_80_percent": 0.3333333333333333,
    "precision_at_90_percent": 0.3333333333333333,
    "recall_at_sizeof_ground_truth": 1.0
  },
  "run_times": {
    "total_time": 18.059821990000273,
    "algorithm_time": 18.059807446001287
  }
}