{
  "name": "assays_vertical_70_ac5_av__Coma{'max_n': 0, 'strategy': 'COMA_OPT_INST'}",
  "matches": {
    "(('assays_vertical_70_ac5_av_source', 'assay_id'), ('assays_vertical_70_ac5_av_target', 'assays_ss_d'))": 0.62588155,
    "(('assays_vertical_70_ac5_av_source', 'assay_type'), ('assays_vertical_70_ac5_av_target', 'assays_ss_tp'))": 0.5618366,
    "(('assays_vertical_70_ac5_av_source', 'src_id'), ('assays_vertical_70_ac5_av_target', 'assays_src_d'))": 0.5275683,
    "(('assays_vertical_70_ac5_av_source', 'doc_id'), ('assays_vertical_70_ac5_av_target', 'assays_dc_d'))": 0.45102078,
    "(('assays_vertical_70_ac5_av_source', 'assay_cell_type'), ('assays_vertical_70_ac5_av_target', 'assays_ss_cll_tp'))": 0.440109,
    "(('assays_vertical_70_ac5_av_source', 'assay_strain'), ('assays_vertical_70_ac5_av_target', 'assays_ss_strn'))": 0.43728226,
    "(('assays_vertical_70_ac5_av_source', 'relationship_type'), ('assays_vertical_70_ac5_av_target', 'assays_rltnshp_tp'))": 0.43485767,
    "(('assays_vertical_70_ac5_av_source', 'assay_test_type'), ('assays_vertical_70_ac5_av_target', 'assays_ss_tst_tp'))": 0.36395007
  },
  "metrics": {
    "precision": 1.0,
    "recall": 0.5,
    "f1_score": 0.6666666666666666,
    "precision_at_10_percent": 1.0,
    "precision_at_20_percent": 1.0,
    "precision_at_30_percent": 1.0,
    "precision_at_40_percent": 1.0,
    "precision_at_50_percent": 1.0,
    "precision_at_60_percent": 1.0,
    "precision_at_70_percent": 1.0,
    "precision_at_80_percent": 1.0,
    "precision_at_90_percent": 1.0,
    "recall_at_sizeof_ground_truth": 0.5
  },
  "run_times": {
    "total_time": 52.203045534999546,
    "algorithm_time": 52.20303112500187
  }
}