{
  "name": "assays_horizontal_100_ac4_ev__Coma{'max_n': 0, 'strategy': 'COMA_OPT'}",
  "matches": {
    "(('assays_horizontal_100_ac4_ev_source', 'assay_tissue'), ('assays_horizontal_100_ac4_ev_target', 'assays_TISI'))": 0.5269819,
    "(('assays_horizontal_100_ac4_ev_source', 'assay_id'), ('assays_horizontal_100_ac4_ev_target', 'assays_T'))": 0.5206436,
    "(('assays_horizontal_100_ac4_ev_source', 'assay_strain'), ('assays_horizontal_100_ac4_ev_target', 'assays_ASSTR'))": 0.48847985,
    "(('assays_horizontal_100_ac4_ev_source', 'assay_subcellular_fraction'), ('assays_horizontal_100_ac4_ev_target', 'assays_ASSSUBCELFR'))": 0.4396692
  },
  "metrics": {
    "precision": 0.5,
    "recall": 0.08695652173913043,
    "f1_score": 0.14814814814814817,
    "precision_at_10_percent": 0.0,
    "precision_at_20_percent": 0.0,
    "precision_at_30_percent": 0.0,
    "precision_at_40_percent": 0.0,
    "precision_at_50_percent": 0.0,
    "precision_at_60_percent": 0.3333333333333333,
    "precision_at_70_percent": 0.3333333333333333,
    "precision_at_80_percent": 0.5,
    "precision_at_90_percent": 0.5,
    "recall_at_sizeof_ground_truth": 0.08695652173913043
  },
  "run_times": {
    "total_time": 2.8141284609999957,
    "algorithm_time": 2.814107680999996
  }
}