{
  "name": "assays_both_0_70_ac1_ev__Coma{'max_n': 0, 'strategy': 'COMA_OPT'}",
  "matches": {
    "(('assays_both_0_70_ac1_ev_source', 'assay_subcellular_fraction'), ('assays_both_0_70_ac1_ev_target', 'assays_assay_subcellular_fraction'))": 0.85959727,
    "(('assays_both_0_70_ac1_ev_source', 'assay_test_type'), ('assays_both_0_70_ac1_ev_target', 'assays_assay_test_type'))": 0.8325307,
    "(('assays_both_0_70_ac1_ev_source', 'assay_organism'), ('assays_both_0_70_ac1_ev_target', 'assays_assay_organism'))": 0.82872015,
    "(('assays_both_0_70_ac1_ev_source', 'assay_category'), ('assays_both_0_70_ac1_ev_target', 'assays_assay_category'))": 0.82872015,
    "(('assays_both_0_70_ac1_ev_source', 'assay_tax_id'), ('assays_both_0_70_ac1_ev_target', 'assays_assay_tax_id'))": 0.8221941,
    "(('assays_both_0_70_ac1_ev_source', 'assay_tissue'), ('assays_both_0_70_ac1_ev_target', 'assays_assay_tissue'))": 0.8198845,
    "(('assays_both_0_70_ac1_ev_source', 'assay_id'), ('assays_both_0_70_ac1_ev_target', 'assays_assay_id'))": 0.7947151,
    "(('assays_both_0_70_ac1_ev_source', 'src_assay_id'), ('assays_both_0_70_ac1_ev_target', 'assays_src_assay_id'))": 0.74627334,
    "(('assays_both_0_70_ac1_ev_source', 'description'), ('assays_both_0_70_ac1_ev_target', 'assays_description'))": 0.7080789,
    "(('assays_both_0_70_ac1_ev_source', 'bao_format'), ('assays_both_0_70_ac1_ev_target', 'assays_bao_format'))": 0.6983343,
    "(('assays_both_0_70_ac1_ev_source', 'variant_id'), ('assays_both_0_70_ac1_ev_target', 'assays_variant_id'))": 0.6962181,
    "(('assays_both_0_70_ac1_ev_source', 'curated_by'), ('assays_both_0_70_ac1_ev_target', 'assays_curated_by'))": 0.6962181,
    "(('assays_both_0_70_ac1_ev_source', 'tissue_id'), ('assays_both_0_70_ac1_ev_target', 'assays_tissue_id'))": 0.6828259,
    "(('assays_both_0_70_ac1_ev_source', 'chembl_id'), ('assays_both_0_70_ac1_ev_target', 'assays_chembl_id'))": 0.6828259
  },
  "metrics": {
    "precision": 1.0,
    "recall": 0.875,
    "f1_score": 0.9333333333333333,
    "precision_at_10_percent": 1.0,
    "precision_at_20_percent": 1.0,
    "precision_at_30_percent": 1.0,
    "precision_at_40_percent": 1.0,
    "precision_at_50_percent": 1.0,
    "precision_at_60_percent": 1.0,
    "precision_at_70_percent": 1.0,
    "precision_at_80_percent": 1.0,
    "precision_at_90_percent": 1.0,
    "recall_at_sizeof_ground_truth": 0.875
  },
  "run_times": {
    "total_time": 1.085968890998629,
    "algorithm_time": 1.0859559839991562
  }
}