{
  "name": "miller2_both_50_30_ac1_av__Coma{'max_n': 0, 'strategy': 'COMA_OPT'}",
  "matches": {
    "(('miller2_both_50_30_ac1_av_source', 'Maximum CIDA contribution (project-level)'), ('miller2_both_50_30_ac1_av_target', 'miller2_MaximumCIDAContribution(project-level)'))": 0.6660205,
    "(('miller2_both_50_30_ac1_av_source', 'Organisation sub-class'), ('miller2_both_50_30_ac1_av_target', 'miller2_OrganisationSub-class'))": 0.651672,
    "(('miller2_both_50_30_ac1_av_source', 'CountryRegion percent'), ('miller2_both_50_30_ac1_av_target', 'miller2_CountryRegionPercent'))": 0.64664555,
    "(('miller2_both_50_30_ac1_av_source', 'Biodiversity (marker)'), ('miller2_both_50_30_ac1_av_target', 'miller2_Biodiversity(marker)'))": 0.64664555,
    "(('miller2_both_50_30_ac1_av_source', 'Bilateral aid (international marker)'), ('miller2_both_50_30_ac1_av_target', 'miller2_BilateralAid(internationalMarker)'))": 0.63351136,
    "(('miller2_both_50_30_ac1_av_source', 'Organisation class'), ('miller2_both_50_30_ac1_av_target', 'miller2_OrganisationClass'))": 0.6217095,
    "(('miller2_both_50_30_ac1_av_source', 'CountryRegion ID'), ('miller2_both_50_30_ac1_av_target', 'miller2_CountryRegionID'))": 0.60285646,
    "(('miller2_both_50_30_ac1_av_source', 'Project number'), ('miller2_both_50_30_ac1_av_target', 'miller2_ProjectNumber'))": 0.58039784,
    "(('miller2_both_50_30_ac1_av_source', 'Project Browser country ID'), ('miller2_both_50_30_ac1_av_target', 'miller2_ProjectBrowserCountryID'))": 0.5676612,
    "(('miller2_both_50_30_ac1_av_source', 'Division name'), ('miller2_both_50_30_ac1_av_target', 'miller2_DivisionName'))": 0.56746095,
    "(('miller2_both_50_30_ac1_av_source', 'Continent ID'), ('miller2_both_50_30_ac1_av_target', 'miller2_ContinentID'))": 0.56257623,
    "(('miller2_both_50_30_ac1_av_source', 'FSTC percent'), ('miller2_both_50_30_ac1_av_target', 'miller2_FSTCPercent'))": 0.55501324,
    "(('miller2_both_50_30_ac1_av_source', 'Fiscal year'), ('miller2_both_50_30_ac1_av_target', 'miller2_FiscalYear'))": 0.53716326,
    "(('miller2_both_50_30_ac1_av_source', 'Sector name'), ('miller2_both_50_30_ac1_av_target', 'miller2_SectorName'))": 0.53716326,
    "(('miller2_both_50_30_ac1_av_source', 'Fund centre name'), ('miller2_both_50_30_ac1_av_target', 'miller2_FundCentreName'))": 0.5265211,
    "(('miller2_both_50_30_ac1_av_source', 'CFLI (marker)'), ('miller2_both_50_30_ac1_av_target', 'miller2_UrbanIssues(marker)'))": 0.4578703,
    "(('miller2_both_50_30_ac1_av_source', 'CFLI (marker)'), ('miller2_both_50_30_ac1_av_target', 'miller2_YouthIssues(marker)'))": 0.4578703,
    "(('miller2_both_50_30_ac1_av_source', 'Enviromental sustainability (marker)'), ('miller2_both_50_30_ac1_av_target', 'miller2_DisabilityIssues(marker)'))": 0.44059977,
    "(('miller2_both_50_30_ac1_av_source', 'Section ID'), ('miller2_both_50_30_ac1_av_target', 'miller2_SectorID'))": 0.41307864
  },
  "metrics": {
    "precision": 0.7894736842105263,
    "recall": 1.0,
    "f1_score": 0.8823529411764706,
    "precision_at_10_percent": 1.0,
    "precision_at_20_percent": 1.0,
    "precision_at_30_percent": 1.0,
    "precision_at_40_percent": 1.0,
    "precision_at_50_percent": 1.0,
    "precision_at_60_percent": 1.0,
    "precision_at_70_percent": 1.0,
    "precision_at_80_percent": 0.9375,
    "precision_at_90_percent": 0.8333333333333334,
    "recall_at_sizeof_ground_truth": 1.0
  },
  "run_times": {
    "total_time": 1.665846911000699,
    "algorithm_time": 1.6658331899998302
  }
}