{
  "name": "miller2_both_50_70_ac3_av__Coma{'max_n': 0, 'strategy': 'COMA_OPT'}",
  "matches": {
    "(('miller2_both_50_70_ac3_av_source', 'FSTC percent'), ('miller2_both_50_70_ac3_av_target', 'fstcprcnt'))": 0.45900252,
    "(('miller2_both_50_70_ac3_av_source', 'Status'), ('miller2_both_50_70_ac3_av_target', 'stts'))": 0.38881844,
    "(('miller2_both_50_70_ac3_av_source', 'Branch ID'), ('miller2_both_50_70_ac3_av_target', 'brnchnm'))": 0.36224887,
    "(('miller2_both_50_70_ac3_av_source', 'PBA type'), ('miller2_both_50_70_ac3_av_target', 'pbtp'))": 0.3457071,
    "(('miller2_both_50_70_ac3_av_source', 'IRTC percent'), ('miller2_both_50_70_ac3_av_target', 'rtcprcnt'))": 0.33534026,
    "(('miller2_both_50_70_ac3_av_source', 'Sector ID'), ('miller2_both_50_70_ac3_av_target', 'sctrd'))": 0.319697,
    "(('miller2_both_50_70_ac3_av_source', 'Fund centre ID'), ('miller2_both_50_70_ac3_av_target', 'fndcntrd'))": 0.3154671,
    "(('miller2_both_50_70_ac3_av_source', 'Project number'), ('miller2_both_50_70_ac3_av_target', 'prjctnmbr'))": 0.30959597,
    "(('miller2_both_50_70_ac3_av_source', 'Fiscal year'), ('miller2_both_50_70_ac3_av_target', 'fsclr'))": 0.3049627,
    "(('miller2_both_50_70_ac3_av_source', 'CountryRegion percent'), ('miller2_both_50_70_ac3_av_target', 'cntrrgnprcnt'))": 0.302563,
    "(('miller2_both_50_70_ac3_av_source', 'Children issues (marker)'), ('miller2_both_50_70_ac3_av_target', 'chldrnsss(mrkr)'))": 0.30167654,
    "(('miller2_both_50_70_ac3_av_source', 'Organisation sub-class'), ('miller2_both_50_70_ac3_av_target', 'rgnstnsb-clss'))": 0.29313195,
    "(('miller2_both_50_70_ac3_av_source', 'Amount spent'), ('miller2_both_50_70_ac3_av_target', 'mntspnt'))": 0.2920336,
    "(('miller2_both_50_70_ac3_av_source', 'Continent ID'), ('miller2_both_50_70_ac3_av_target', 'cntnntd'))": 0.28677046,
    "(('miller2_both_50_70_ac3_av_source', 'Maximum CIDA contribution (project-level)'), ('miller2_both_50_70_ac3_av_target', 'mxmmcdcntrbtn(prjct-lvl)'))": 0.26748195,
    "(('miller2_both_50_70_ac3_av_source', 'Biodiversity (marker)'), ('miller2_both_50_70_ac3_av_target', 'bdvrst(mrkr)'))": 0.26520213,
    "(('miller2_both_50_70_ac3_av_source', 'CountryRegion name'), ('miller2_both_50_70_ac3_av_target', 'cntrrgnnm'))": 0.25349414
  },
  "metrics": {
    "precision": 0.9411764705882353,
    "recall": 0.45714285714285713,
    "f1_score": 0.6153846153846154,
    "precision_at_10_percent": 1.0,
    "precision_at_20_percent": 0.75,
    "precision_at_30_percent": 0.8333333333333334,
    "precision_at_40_percent": 0.8571428571428571,
    "precision_at_50_percent": 0.8888888888888888,
    "precision_at_60_percent": 0.9090909090909091,
    "precision_at_70_percent": 0.9166666666666666,
    "precision_at_80_percent": 0.9285714285714286,
    "precision_at_90_percent": 0.9375,
    "recall_at_sizeof_ground_truth": 0.45714285714285713
  },
  "run_times": {
    "total_time": 10.057121935999021,
    "algorithm_time": 10.057105668998702
  }
}