{
  "name": "miller2_horizontal_50_ac5_av__Coma{'max_n': 0, 'strategy': 'COMA_OPT_INST'}",
  "matches": {
    "(('miller2_horizontal_50_ac5_av_source', 'IRTC percent'), ('miller2_horizontal_50_ac5_av_target', 'miller2_rtcprcnt'))": 0.43026322,
    "(('miller2_horizontal_50_ac5_av_source', 'CFLI (marker)'), ('miller2_horizontal_50_ac5_av_target', 'miller2_cfl(mrkr)'))": 0.42190462,
    "(('miller2_horizontal_50_ac5_av_source', 'FSTC percent'), ('miller2_horizontal_50_ac5_av_target', 'miller2_fstcprcnt'))": 0.41597214,
    "(('miller2_horizontal_50_ac5_av_source', 'Status'), ('miller2_horizontal_50_ac5_av_target', 'miller2_stts'))": 0.39786163,
    "(('miller2_horizontal_50_ac5_av_source', 'Children issues (marker)'), ('miller2_horizontal_50_ac5_av_target', 'miller2_chldrnsss(mrkr)'))": 0.38022083,
    "(('miller2_horizontal_50_ac5_av_source', 'Fiscal year'), ('miller2_horizontal_50_ac5_av_target', 'miller2_fsclr'))": 0.37991232,
    "(('miller2_horizontal_50_ac5_av_source', 'PBA type'), ('miller2_horizontal_50_ac5_av_target', 'miller2_pbtp'))": 0.37544096,
    "(('miller2_horizontal_50_ac5_av_source', 'Sector percent'), ('miller2_horizontal_50_ac5_av_target', 'miller2_sctrprcnt'))": 0.37095705,
    "(('miller2_horizontal_50_ac5_av_source', 'Youth issues (marker)'), ('miller2_horizontal_50_ac5_av_target', 'miller2_gndrqlt(mrkr)'))": 0.3692777,
    "(('miller2_horizontal_50_ac5_av_source', 'Continent ID'), ('miller2_horizontal_50_ac5_av_target', 'miller2_cntnntd'))": 0.36505908,
    "(('miller2_horizontal_50_ac5_av_source', 'Programming process (new)'), ('miller2_horizontal_50_ac5_av_target', 'miller2_prgrmmngprcss(nw)'))": 0.35920697,
    "(('miller2_horizontal_50_ac5_av_source', 'Organisation sub-class'), ('miller2_horizontal_50_ac5_av_target', 'miller2_rgnstnsb-clss'))": 0.33666274,
    "(('miller2_horizontal_50_ac5_av_source', 'Organisation class'), ('miller2_horizontal_50_ac5_av_target', 'miller2_rgnstnclss'))": 0.33596945,
    "(('miller2_horizontal_50_ac5_av_source', 'Continent name'), ('miller2_horizontal_50_ac5_av_target', 'miller2_cntnntnm'))": 0.3341127,
    "(('miller2_horizontal_50_ac5_av_source', 'Organisation type'), ('miller2_horizontal_50_ac5_av_target', 'miller2_rgnstntp'))": 0.32887024,
    "(('miller2_horizontal_50_ac5_av_source', 'CIDA business delivery model (old)'), ('miller2_horizontal_50_ac5_av_target', 'miller2_cdbsnssdlvrmdl(ld)'))": 0.31433982,
    "(('miller2_horizontal_50_ac5_av_source', 'Sector ID'), ('miller2_horizontal_50_ac5_av_target', 'miller2_sctrd'))": 0.302504,
    "(('miller2_horizontal_50_ac5_av_source', 'Sector name'), ('miller2_horizontal_50_ac5_av_target', 'miller2_sctrnm'))": 0.2964174,
    "(('miller2_horizontal_50_ac5_av_source', 'Project Browser country ID'), ('miller2_horizontal_50_ac5_av_target', 'miller2_prjctbrwsrcntrd'))": 0.2943416,
    "(('miller2_horizontal_50_ac5_av_source', 'CountryRegion ID'), ('miller2_horizontal_50_ac5_av_target', 'miller2_cntrrgnd'))": 0.26869023,
    "(('miller2_horizontal_50_ac5_av_source', 'CountryRegion name'), ('miller2_horizontal_50_ac5_av_target', 'miller2_cntrrgnnm'))": 0.25485414,
    "(('miller2_horizontal_50_ac5_av_source', 'Maximum CIDA contribution (project-level)'), ('miller2_horizontal_50_ac5_av_target', 'miller2_mxmmcdcntrbtn(prjct-lvl)'))": 0.22866952,
    "(('miller2_horizontal_50_ac5_av_source', 'Branch ID'), ('miller2_horizontal_50_ac5_av_target', 'miller2_brnchd'))": 0.21597388,
    "(('miller2_horizontal_50_ac5_av_source', 'Organisation name'), ('miller2_horizontal_50_ac5_av_target', 'miller2_rgnstnnm'))": 0.21362047,
    "(('miller2_horizontal_50_ac5_av_source', 'Organisation ID'), ('miller2_horizontal_50_ac5_av_target', 'miller2_rgnstnd'))": 0.2113986,
    "(('miller2_horizontal_50_ac5_av_source', 'Amount spent'), ('miller2_horizontal_50_ac5_av_target', 'miller2_mntspnt'))": 0.21028712,
    "(('miller2_horizontal_50_ac5_av_source', 'Fund centre ID'), ('miller2_horizontal_50_ac5_av_target', 'miller2_fndcntrd'))": 0.19470158
  },
  "metrics": {
    "precision": 0.9629629629629629,
    "recall": 0.5098039215686274,
    "f1_score": 0.6666666666666666,
    "precision_at_10_percent": 1.0,
    "precision_at_20_percent": 1.0,
    "precision_at_30_percent": 0.8888888888888888,
    "precision_at_40_percent": 0.9090909090909091,
    "precision_at_50_percent": 0.9285714285714286,
    "precision_at_60_percent": 0.9411764705882353,
    "precision_at_70_percent": 0.9473684210526315,
    "precision_at_80_percent": 0.9545454545454546,
    "precision_at_90_percent": 0.96,
    "recall_at_sizeof_ground_truth": 0.5098039215686274
  },
  "run_times": {
    "total_time": 2829.9960080499995,
    "algorithm_time": 2829.995987844999
  }
}