{
  "name": "miller2_horizontal_0_ac3_ev__Coma{'max_n': 0, 'strategy': 'COMA_OPT_INST'}",
  "matches": {
    "(('miller2_horizontal_0_ac3_ev_source', 'FSTC percent'), ('miller2_horizontal_0_ac3_ev_target', 'fstcprcnt'))": 0.5333057,
    "(('miller2_horizontal_0_ac3_ev_source', 'CFLI (marker)'), ('miller2_horizontal_0_ac3_ev_target', 'cfl(mrkr)'))": 0.52710676,
    "(('miller2_horizontal_0_ac3_ev_source', 'Status'), ('miller2_horizontal_0_ac3_ev_target', 'stts'))": 0.51610565,
    "(('miller2_horizontal_0_ac3_ev_source', 'IRTC percent'), ('miller2_horizontal_0_ac3_ev_target', 'rtcprcnt'))": 0.47347942,
    "(('miller2_horizontal_0_ac3_ev_source', 'PBA type'), ('miller2_horizontal_0_ac3_ev_target', 'pbtp'))": 0.47133622,
    "(('miller2_horizontal_0_ac3_ev_source', 'Fiscal year'), ('miller2_horizontal_0_ac3_ev_target', 'fsclr'))": 0.449439,
    "(('miller2_horizontal_0_ac3_ev_source', 'Children issues (marker)'), ('miller2_horizontal_0_ac3_ev_target', 'chldrnsss(mrkr)'))": 0.446776,
    "(('miller2_horizontal_0_ac3_ev_source', 'Sector percent'), ('miller2_horizontal_0_ac3_ev_target', 'sctrprcnt'))": 0.43200636,
    "(('miller2_horizontal_0_ac3_ev_source', 'Continent ID'), ('miller2_horizontal_0_ac3_ev_target', 'cntnntd'))": 0.42678314,
    "(('miller2_horizontal_0_ac3_ev_source', 'Programming process (new)'), ('miller2_horizontal_0_ac3_ev_target', 'prgrmmngprcss(nw)'))": 0.4205501,
    "(('miller2_horizontal_0_ac3_ev_source', 'Biodiversity (marker)'), ('miller2_horizontal_0_ac3_ev_target', 'bdvrst(mrkr)'))": 0.41688472,
    "(('miller2_horizontal_0_ac3_ev_source', 'Gender equality (marker)'), ('miller2_horizontal_0_ac3_ev_target', 'gndrqlt(mrkr)'))": 0.40746278,
    "(('miller2_horizontal_0_ac3_ev_source', 'Knowledge for development (marker)'), ('miller2_horizontal_0_ac3_ev_target', 'knwldgfrdvlpmnt(mrkr)'))": 0.39108372,
    "(('miller2_horizontal_0_ac3_ev_source', 'Continent name'), ('miller2_horizontal_0_ac3_ev_target', 'cntnntnm'))": 0.3838582,
    "(('miller2_horizontal_0_ac3_ev_source', 'Sector ID'), ('miller2_horizontal_0_ac3_ev_target', 'sctrd'))": 0.3788648,
    "(('miller2_horizontal_0_ac3_ev_source', 'Organisation sub-class'), ('miller2_horizontal_0_ac3_ev_target', 'rgnstnsb-clss'))": 0.36812446,
    "(('miller2_horizontal_0_ac3_ev_source', 'Organisation class'), ('miller2_horizontal_0_ac3_ev_target', 'rgnstnclss'))": 0.36352792,
    "(('miller2_horizontal_0_ac3_ev_source', 'Project Browser country ID'), ('miller2_horizontal_0_ac3_ev_target', 'prjctbrwsrcntrd'))": 0.35562554,
    "(('miller2_horizontal_0_ac3_ev_source', 'Sector name'), ('miller2_horizontal_0_ac3_ev_target', 'sctrnm'))": 0.3524441,
    "(('miller2_horizontal_0_ac3_ev_source', 'CIDA business delivery model (old)'), ('miller2_horizontal_0_ac3_ev_target', 'cdbsnssdlvrmdl(ld)'))": 0.35130426,
    "(('miller2_horizontal_0_ac3_ev_source', 'Branch ID'), ('miller2_horizontal_0_ac3_ev_target', 'brnchd'))": 0.34768462,
    "(('miller2_horizontal_0_ac3_ev_source', 'Organisation type'), ('miller2_horizontal_0_ac3_ev_target', 'rgnstntp'))": 0.34629908,
    "(('miller2_horizontal_0_ac3_ev_source', 'CountryRegion ID'), ('miller2_horizontal_0_ac3_ev_target', 'cntrrgnd'))": 0.327722,
    "(('miller2_horizontal_0_ac3_ev_source', 'CountryRegion name'), ('miller2_horizontal_0_ac3_ev_target', 'cntrrgnnm'))": 0.30293396,
    "(('miller2_horizontal_0_ac3_ev_source', 'Untied amount(Project-level budget)'), ('miller2_horizontal_0_ac3_ev_target', 'ntdmnt(prjct-lvlbdgt)'))": 0.27957648,
    "(('miller2_horizontal_0_ac3_ev_source', 'Fund centre ID'), ('miller2_horizontal_0_ac3_ev_target', 'fndcntrd'))": 0.25782514,
    "(('miller2_horizontal_0_ac3_ev_source', 'Maximum CIDA contribution (project-level)'), ('miller2_horizontal_0_ac3_ev_target', 'mxmmcdcntrbtn(prjct-lvl)'))": 0.25324288,
    "(('miller2_horizontal_0_ac3_ev_source', 'Project number'), ('miller2_horizontal_0_ac3_ev_target', 'prjctnmbr'))": 0.25314993,
    "(('miller2_horizontal_0_ac3_ev_source', 'Amount spent'), ('miller2_horizontal_0_ac3_ev_target', 'mntspnt'))": 0.24500422,
    "(('miller2_horizontal_0_ac3_ev_source', 'Organisation ID'), ('miller2_horizontal_0_ac3_ev_target', 'rgnstnd'))": 0.23636512,
    "(('miller2_horizontal_0_ac3_ev_source', 'Organisation name'), ('miller2_horizontal_0_ac3_ev_target', 'rgnstnnm'))": 0.23109753
  },
  "metrics": {
    "precision": 1.0,
    "recall": 0.6078431372549019,
    "f1_score": 0.7560975609756097,
    "precision_at_10_percent": 1.0,
    "precision_at_20_percent": 1.0,
    "precision_at_30_percent": 1.0,
    "precision_at_40_percent": 1.0,
    "precision_at_50_percent": 1.0,
    "precision_at_60_percent": 1.0,
    "precision_at_70_percent": 1.0,
    "precision_at_80_percent": 1.0,
    "precision_at_90_percent": 1.0,
    "recall_at_sizeof_ground_truth": 0.6078431372549019
  },
  "run_times": {
    "total_time": 916.2664617759992,
    "algorithm_time": 916.2664464299996
  }
}