{
  "name": "miller2_vertical_50_ec_av__Coma{'max_n': 0, 'strategy': 'COMA_OPT'}",
  "matches": {
    "(('miller2_vertical_50_ec_av_source', 'Maximum CIDA contribution (project-level)'), ('miller2_vertical_50_ec_av_target', 'Maximum CIDA contribution (project-level)'))": 0.9298967,
    "(('miller2_vertical_50_ec_av_source', 'Participatory development and good governance'), ('miller2_vertical_50_ec_av_target', 'Participatory development and good governance'))": 0.92957217,
    "(('miller2_vertical_50_ec_av_source', 'Untied amount(Project-level budget)'), ('miller2_vertical_50_ec_av_target', 'Untied amount(Project-level budget)'))": 0.9289894,
    "(('miller2_vertical_50_ec_av_source', 'Enviromental sustainability (marker)'), ('miller2_vertical_50_ec_av_target', 'Enviromental sustainability (marker)'))": 0.9281862,
    "(('miller2_vertical_50_ec_av_source', 'Knowledge for development (marker)'), ('miller2_vertical_50_ec_av_target', 'Knowledge for development (marker)'))": 0.9274354,
    "(('miller2_vertical_50_ec_av_source', 'Bilateral aid (international marker)'), ('miller2_vertical_50_ec_av_target', 'Bilateral aid (international marker)'))": 0.9274354,
    "(('miller2_vertical_50_ec_av_source', 'Trade development (marker)'), ('miller2_vertical_50_ec_av_target', 'Trade development (marker)'))": 0.9239632,
    "(('miller2_vertical_50_ec_av_source', 'Disability issues (marker)'), ('miller2_vertical_50_ec_av_target', 'Disability issues (marker)'))": 0.9239632,
    "(('miller2_vertical_50_ec_av_source', 'Regional program (marker)'), ('miller2_vertical_50_ec_av_target', 'Regional program (marker)'))": 0.92346716,
    "(('miller2_vertical_50_ec_av_source', 'Organisation sub-class'), ('miller2_vertical_50_ec_av_target', 'Organisation sub-class'))": 0.9218799,
    "(('miller2_vertical_50_ec_av_source', 'Biodiversity (marker)'), ('miller2_vertical_50_ec_av_target', 'Biodiversity (marker)'))": 0.9207304,
    "(('miller2_vertical_50_ec_av_source', 'Organisation class'), ('miller2_vertical_50_ec_av_target', 'Organisation class'))": 0.9194989,
    "(('miller2_vertical_50_ec_av_source', 'CountryRegion name'), ('miller2_vertical_50_ec_av_target', 'CountryRegion name'))": 0.9194989,
    "(('miller2_vertical_50_ec_av_source', 'Organisation type'), ('miller2_vertical_50_ec_av_target', 'Organisation type'))": 0.9188496,
    "(('miller2_vertical_50_ec_av_source', 'Organisation name'), ('miller2_vertical_50_ec_av_target', 'Organisation name'))": 0.9188496,
    "(('miller2_vertical_50_ec_av_source', 'CountryRegion ID'), ('miller2_vertical_50_ec_av_target', 'CountryRegion ID'))": 0.9181762,
    "(('miller2_vertical_50_ec_av_source', 'FSTC percent'), ('miller2_vertical_50_ec_av_target', 'FSTC percent'))": 0.91733444,
    "(('miller2_vertical_50_ec_av_source', 'Project number'), ('miller2_vertical_50_ec_av_target', 'Project number'))": 0.9167516,
    "(('miller2_vertical_50_ec_av_source', 'Continent ID'), ('miller2_vertical_50_ec_av_target', 'Continent ID'))": 0.91521317,
    "(('miller2_vertical_50_ec_av_source', 'Section name'), ('miller2_vertical_50_ec_av_target', 'Section name'))": 0.91521317,
    "(('miller2_vertical_50_ec_av_source', 'Sector name'), ('miller2_vertical_50_ec_av_target', 'Sector name'))": 0.9143969,
    "(('miller2_vertical_50_ec_av_source', 'Fiscal year'), ('miller2_vertical_50_ec_av_target', 'Fiscal year'))": 0.9135465,
    "(('miller2_vertical_50_ec_av_source', 'Section ID'), ('miller2_vertical_50_ec_av_target', 'Section ID'))": 0.9135465,
    "(('miller2_vertical_50_ec_av_source', 'Sector ID'), ('miller2_vertical_50_ec_av_target', 'Sector ID'))": 0.91266,
    "(('miller2_vertical_50_ec_av_source', 'Branch ID'), ('miller2_vertical_50_ec_av_target', 'Branch ID'))": 0.91266,
    "(('miller2_vertical_50_ec_av_source', 'Climate change adaptation (marker)'), ('miller2_vertical_50_ec_av_target', 'Desertification (marker)'))": 0.59640425,
    "(('miller2_vertical_50_ec_av_source', 'Climate change mitigation (marker)'), ('miller2_vertical_50_ec_av_target', 'Desertification (marker)'))": 0.59640425
  },
  "metrics": {
    "precision": 0.9259259259259259,
    "recall": 1.0,
    "f1_score": 0.9615384615384615,
    "precision_at_10_percent": 1.0,
    "precision_at_20_percent": 1.0,
    "precision_at_30_percent": 1.0,
    "precision_at_40_percent": 1.0,
    "precision_at_50_percent": 1.0,
    "precision_at_60_percent": 1.0,
    "precision_at_70_percent": 1.0,
    "precision_at_80_percent": 1.0,
    "precision_at_90_percent": 1.0,
    "recall_at_sizeof_ground_truth": 1.0
  },
  "run_times": {
    "total_time": 10.77245954999944,
    "algorithm_time": 10.77244440100003
  }
}