{
  "name": "miller2_vertical_30_ac4_av__Coma{'max_n': 0, 'strategy': 'COMA_OPT_INST'}",
  "matches": {
    "(('miller2_vertical_30_ac4_av_source', 'Continent ID'), ('miller2_vertical_30_ac4_av_target', 'miller2_ContID'))": 0.5038339,
    "(('miller2_vertical_30_ac4_av_source', 'Enviromental sustainability (marker)'), ('miller2_vertical_30_ac4_av_target', 'miller2_EnviSustai'))": 0.42468777,
    "(('miller2_vertical_30_ac4_av_source', 'Biodiversity (marker)'), ('miller2_vertical_30_ac4_av_target', 'miller2_Biodi'))": 0.4165156,
    "(('miller2_vertical_30_ac4_av_source', 'CFLI (marker)'), ('miller2_vertical_30_ac4_av_target', 'miller2_CFLI'))": 0.4147746,
    "(('miller2_vertical_30_ac4_av_source', 'Gender equality (marker)'), ('miller2_vertical_30_ac4_av_target', 'miller2_GenEqu'))": 0.3821023,
    "(('miller2_vertical_30_ac4_av_source', 'Indigenous issues (marker)'), ('miller2_vertical_30_ac4_av_target', 'miller2_IndiIs'))": 0.3782928,
    "(('miller2_vertical_30_ac4_av_source', 'Urban issues (marker)'), ('miller2_vertical_30_ac4_av_target', 'miller2_YoIss'))": 0.36447722,
    "(('miller2_vertical_30_ac4_av_source', 'Climate change adaptation (marker)'), ('miller2_vertical_30_ac4_av_target', 'miller2_ClChaAda'))": 0.36305818,
    "(('miller2_vertical_30_ac4_av_source', 'FSTC percent'), ('miller2_vertical_30_ac4_av_target', 'miller2_CouRegPerc'))": 0.35809535,
    "(('miller2_vertical_30_ac4_av_source', 'Regional program (marker)'), ('miller2_vertical_30_ac4_av_target', 'miller2_PartDevAnGGover'))": 0.34306842,
    "(('miller2_vertical_30_ac4_av_source', 'Climate change mitigation (marker)'), ('miller2_vertical_30_ac4_av_target', 'miller2_PartDevAnGGover'))": 0.3407456,
    "(('miller2_vertical_30_ac4_av_source', 'Section ID'), ('miller2_vertical_30_ac4_av_target', 'miller2_SectID'))": 0.31633392,
    "(('miller2_vertical_30_ac4_av_source', 'Fund centre name'), ('miller2_vertical_30_ac4_av_target', 'miller2_CounRegNa'))": 0.27882367,
    "(('miller2_vertical_30_ac4_av_source', 'Organisation class'), ('miller2_vertical_30_ac4_av_target', 'miller2_OrganiCla'))": 0.26104867,
    "(('miller2_vertical_30_ac4_av_source', 'Project number'), ('miller2_vertical_30_ac4_av_target', 'miller2_ProjNum'))": 0.23464346,
    "(('miller2_vertical_30_ac4_av_source', 'PBA type'), ('miller2_vertical_30_ac4_av_target', 'miller2_AmSpe'))": 0.22927785,
    "(('miller2_vertical_30_ac4_av_source', 'Branch ID'), ('miller2_vertical_30_ac4_av_target', 'miller2_BraNa'))": 0.2253521
  },
  "metrics": {
    "precision": 0.5882352941176471,
    "recall": 0.6666666666666666,
    "f1_score": 0.625,
    "precision_at_10_percent": 1.0,
    "precision_at_20_percent": 1.0,
    "precision_at_30_percent": 1.0,
    "precision_at_40_percent": 0.8571428571428571,
    "precision_at_50_percent": 0.7777777777777778,
    "precision_at_60_percent": 0.6363636363636364,
    "precision_at_70_percent": 0.6666666666666666,
    "precision_at_80_percent": 0.6428571428571429,
    "precision_at_90_percent": 0.625,
    "recall_at_sizeof_ground_truth": 0.6666666666666666
  },
  "run_times": {
    "total_time": 1375.1659403839994,
    "algorithm_time": 1375.1659242879996
  }
}