{
  "name": "miller2_vertical_50_ac2_ev__Coma{'max_n': 0, 'strategy': 'COMA_OPT'}",
  "matches": {
    "(('miller2_vertical_50_ac2_ev_source', 'Sector ID'), ('miller2_vertical_50_ac2_ev_target', 'SecID'))": 0.534576,
    "(('miller2_vertical_50_ac2_ev_source', 'Continent ID'), ('miller2_vertical_50_ac2_ev_target', 'ContiNa'))": 0.5132975,
    "(('miller2_vertical_50_ac2_ev_source', 'IRTC percent'), ('miller2_vertical_50_ac2_ev_target', 'IRTCPerc'))": 0.50242794,
    "(('miller2_vertical_50_ac2_ev_source', 'Trade development (marker)'), ('miller2_vertical_50_ac2_ev_target', 'TraDevelo'))": 0.47092637,
    "(('miller2_vertical_50_ac2_ev_source', 'FSTC percent'), ('miller2_vertical_50_ac2_ev_target', 'FSTCPer'))": 0.46649018,
    "(('miller2_vertical_50_ac2_ev_source', 'Desertification (marker)'), ('miller2_vertical_50_ac2_ev_target', 'Desertif'))": 0.46090445,
    "(('miller2_vertical_50_ac2_ev_source', 'CFLI (marker)'), ('miller2_vertical_50_ac2_ev_target', 'CFLI'))": 0.43617594,
    "(('miller2_vertical_50_ac2_ev_source', 'Section name'), ('miller2_vertical_50_ac2_ev_target', 'SecPe'))": 0.43617594,
    "(('miller2_vertical_50_ac2_ev_source', 'CountryRegion ID'), ('miller2_vertical_50_ac2_ev_target', 'CouReID'))": 0.43046805,
    "(('miller2_vertical_50_ac2_ev_source', 'Organisation sub-class'), ('miller2_vertical_50_ac2_ev_target', 'OrganiT'))": 0.41738516,
    "(('miller2_vertical_50_ac2_ev_source', 'CountryRegion percent'), ('miller2_vertical_50_ac2_ev_target', 'CounRegPer'))": 0.40548116,
    "(('miller2_vertical_50_ac2_ev_source', 'Division ID'), ('miller2_vertical_50_ac2_ev_target', 'DisIs'))": 0.40012303,
    "(('miller2_vertical_50_ac2_ev_source', 'Programming process (new)'), ('miller2_vertical_50_ac2_ev_target', 'ProgrPro'))": 0.3722801,
    "(('miller2_vertical_50_ac2_ev_source', 'Biodiversity (marker)'), ('miller2_vertical_50_ac2_ev_target', 'Biod'))": 0.3717113,
    "(('miller2_vertical_50_ac2_ev_source', 'Children issues (marker)'), ('miller2_vertical_50_ac2_ev_target', 'ChilIss'))": 0.370836,
    "(('miller2_vertical_50_ac2_ev_source', 'PBA type'), ('miller2_vertical_50_ac2_ev_target', 'AmSpe'))": 0.3654868,
    "(('miller2_vertical_50_ac2_ev_source', 'Branch ID'), ('miller2_vertical_50_ac2_ev_target', 'OrgID'))": 0.35703972,
    "(('miller2_vertical_50_ac2_ev_source', 'Maximum CIDA contribution (project-level)'), ('miller2_vertical_50_ac2_ev_target', 'MaxiCIDACont'))": 0.3535878,
    "(('miller2_vertical_50_ac2_ev_source', 'Fiscal year'), ('miller2_vertical_50_ac2_ev_target', 'FiY'))": 0.35345635,
    "(('miller2_vertical_50_ac2_ev_source', 'Project Browser country ID'), ('miller2_vertical_50_ac2_ev_target', 'PrBroCoID'))": 0.35066316,
    "(('miller2_vertical_50_ac2_ev_source', 'Knowledge for development (marker)'), ('miller2_vertical_50_ac2_ev_target', 'KnowlFDev'))": 0.34430322,
    "(('miller2_vertical_50_ac2_ev_source', 'Regional program (marker)'), ('miller2_vertical_50_ac2_ev_target', 'ReProg'))": 0.33767742,
    "(('miller2_vertical_50_ac2_ev_source', 'Urban issues (marker)'), ('miller2_vertical_50_ac2_ev_target', 'UrIss'))": 0.32586172,
    "(('miller2_vertical_50_ac2_ev_source', 'Climate change mitigation (marker)'), ('miller2_vertical_50_ac2_ev_target', 'ClChMitig'))": 0.3200652,
    "(('miller2_vertical_50_ac2_ev_source', 'Bilateral aid (international marker)'), ('miller2_vertical_50_ac2_ev_target', 'BilAMa'))": 0.30275518,
    "(('miller2_vertical_50_ac2_ev_source', 'ICT as a tool for development (marker)'), ('miller2_vertical_50_ac2_ev_target', 'ICTAAToFDeve'))": 0.29742065
  },
  "metrics": {
    "precision": 0.7692307692307693,
    "recall": 0.8,
    "f1_score": 0.7843137254901961,
    "precision_at_10_percent": 0.6666666666666666,
    "precision_at_20_percent": 0.8333333333333334,
    "precision_at_30_percent": 0.75,
    "precision_at_40_percent": 0.7272727272727273,
    "precision_at_50_percent": 0.6923076923076923,
    "precision_at_60_percent": 0.6875,
    "precision_at_70_percent": 0.6842105263157895,
    "precision_at_80_percent": 0.7142857142857143,
    "precision_at_90_percent": 0.75,
    "recall_at_sizeof_ground_truth": 0.76
  },
  "run_times": {
    "total_time": 2.959228786174208,
    "algorithm_time": 2.9591955330688506
  }
}