{
  "name": "miller2_both_0_50_ac5_ev__Coma{'max_n': 0, 'strategy': 'COMA_OPT_INST'}",
  "matches": {
    "(('miller2_both_0_50_ac5_ev_source', 'IRTC percent'), ('miller2_both_0_50_ac5_ev_target', 'miller2_rtcprcnt'))": 0.42410547,
    "(('miller2_both_0_50_ac5_ev_source', 'FSTC percent'), ('miller2_both_0_50_ac5_ev_target', 'miller2_fstcprcnt'))": 0.4100822,
    "(('miller2_both_0_50_ac5_ev_source', 'CFLI (marker)'), ('miller2_both_0_50_ac5_ev_target', 'miller2_thsss(mrkr)'))": 0.38302362,
    "(('miller2_both_0_50_ac5_ev_source', 'CFLI (marker)'), ('miller2_both_0_50_ac5_ev_target', 'miller2_bdvrst(mrkr)'))": 0.38182244,
    "(('miller2_both_0_50_ac5_ev_source', 'CFLI (marker)'), ('miller2_both_0_50_ac5_ev_target', 'miller2_rbnsss(mrkr)'))": 0.3806343,
    "(('miller2_both_0_50_ac5_ev_source', 'Children issues (marker)'), ('miller2_both_0_50_ac5_ev_target', 'miller2_chldrnsss(mrkr)'))": 0.37346408,
    "(('miller2_both_0_50_ac5_ev_source', 'Fiscal year'), ('miller2_both_0_50_ac5_ev_target', 'miller2_fsclr'))": 0.37323755,
    "(('miller2_both_0_50_ac5_ev_source', 'PBA type'), ('miller2_both_0_50_ac5_ev_target', 'miller2_pbtp'))": 0.36857128,
    "(('miller2_both_0_50_ac5_ev_source', 'Sector percent'), ('miller2_both_0_50_ac5_ev_target', 'miller2_sctrprcnt'))": 0.36434242,
    "(('miller2_both_0_50_ac5_ev_source', 'Gender equality (marker)'), ('miller2_both_0_50_ac5_ev_target', 'miller2_gndrqlt(mrkr)'))": 0.3574269,
    "(('miller2_both_0_50_ac5_ev_source', 'Continent ID'), ('miller2_both_0_50_ac5_ev_target', 'miller2_cntnntd'))": 0.35699087,
    "(('miller2_both_0_50_ac5_ev_source', 'Programming process (new)'), ('miller2_both_0_50_ac5_ev_target', 'miller2_prgrmmngprcss(nw)'))": 0.35221612,
    "(('miller2_both_0_50_ac5_ev_source', 'Continent name'), ('miller2_both_0_50_ac5_ev_target', 'miller2_cntnntnm'))": 0.32574585,
    "(('miller2_both_0_50_ac5_ev_source', 'Sector name'), ('miller2_both_0_50_ac5_ev_target', 'miller2_sctrnm'))": 0.28920823,
    "(('miller2_both_0_50_ac5_ev_source', 'Project Browser country ID'), ('miller2_both_0_50_ac5_ev_target', 'miller2_prjctbrwsrcntrd'))": 0.287344,
    "(('miller2_both_0_50_ac5_ev_source', 'CountryRegion ID'), ('miller2_both_0_50_ac5_ev_target', 'miller2_cntrrgnd'))": 0.26200262,
    "(('miller2_both_0_50_ac5_ev_source', 'Fund centre name'), ('miller2_both_0_50_ac5_ev_target', 'miller2_cntrrgnnm'))": 0.22493704,
    "(('miller2_both_0_50_ac5_ev_source', 'Maximum CIDA contribution (project-level)'), ('miller2_both_0_50_ac5_ev_target', 'miller2_mxmmcdcntrbtn(prjct-lvl)'))": 0.22164929,
    "(('miller2_both_0_50_ac5_ev_source', 'Branch ID'), ('miller2_both_0_50_ac5_ev_target', 'miller2_brnchd'))": 0.21117178,
    "(('miller2_both_0_50_ac5_ev_source', 'Organisation name'), ('miller2_both_0_50_ac5_ev_target', 'miller2_rgnstnnm'))": 0.20659165,
    "(('miller2_both_0_50_ac5_ev_source', 'Organisation ID'), ('miller2_both_0_50_ac5_ev_target', 'miller2_rgnstnd'))": 0.20447592
  },
  "metrics": {
    "precision": 0.8095238095238095,
    "recall": 0.68,
    "f1_score": 0.7391304347826089,
    "precision_at_10_percent": 0.6666666666666666,
    "precision_at_20_percent": 0.4,
    "precision_at_30_percent": 0.5714285714285714,
    "precision_at_40_percent": 0.6666666666666666,
    "precision_at_50_percent": 0.7272727272727273,
    "precision_at_60_percent": 0.7692307692307693,
    "precision_at_70_percent": 0.8,
    "precision_at_80_percent": 0.7647058823529411,
    "precision_at_90_percent": 0.7894736842105263,
    "recall_at_sizeof_ground_truth": 0.68
  },
  "run_times": {
    "total_time": 618.6083024520049,
    "algorithm_time": 618.6082755009993
  }
}