{
  "name": "miller2_both_50_1_ac1_ev__Coma{'max_n': 0, 'strategy': 'COMA_OPT_INST'}",
  "matches": {
    "(('miller2_both_50_1_ac1_ev_source', 'Fiscal year'), ('miller2_both_50_1_ac1_ev_target', 'miller2_FiscalYear'))": 0.5950507,
    "(('miller2_both_50_1_ac1_ev_source', 'CFLI (marker)'), ('miller2_both_50_1_ac1_ev_target', 'miller2_UrbanIssues(marker)'))": 0.5314456,
    "(('miller2_both_50_1_ac1_ev_source', 'CFLI (marker)'), ('miller2_both_50_1_ac1_ev_target', 'miller2_YouthIssues(marker)'))": 0.5314456,
    "(('miller2_both_50_1_ac1_ev_source', 'CFLI (marker)'), ('miller2_both_50_1_ac1_ev_target', 'miller2_Biodiversity(marker)'))": 0.52821326,
    "(('miller2_both_50_1_ac1_ev_source', 'Enviromental sustainability (marker)'), ('miller2_both_50_1_ac1_ev_target', 'miller2_DisabilityIssues(marker)'))": 0.51769036,
    "(('miller2_both_50_1_ac1_ev_source', 'FSTC percent'), ('miller2_both_50_1_ac1_ev_target', 'miller2_SectorPercent'))": 0.45680904,
    "(('miller2_both_50_1_ac1_ev_source', 'Section name'), ('miller2_both_50_1_ac1_ev_target', 'miller2_SectorName'))": 0.3326097,
    "(('miller2_both_50_1_ac1_ev_source', 'Fund centre name'), ('miller2_both_50_1_ac1_ev_target', 'miller2_CountryRegionName'))": 0.33070287,
    "(('miller2_both_50_1_ac1_ev_source', 'Branch name'), ('miller2_both_50_1_ac1_ev_target', 'miller2_ContinentName'))": 0.32617655,
    "(('miller2_both_50_1_ac1_ev_source', 'Section ID'), ('miller2_both_50_1_ac1_ev_target', 'miller2_SectorID'))": 0.29549462,
    "(('miller2_both_50_1_ac1_ev_source', 'PBA type'), ('miller2_both_50_1_ac1_ev_target', 'miller2_OrganisationType'))": 0.2695466,
    "(('miller2_both_50_1_ac1_ev_source', 'Project number'), ('miller2_both_50_1_ac1_ev_target', 'miller2_ProjectBrowserCountryID'))": 0.25110453
  },
  "metrics": {
    "precision": 0.08333333333333333,
    "recall": 1.0,
    "f1_score": 0.15384615384615385,
    "precision_at_10_percent": 0.5,
    "precision_at_20_percent": 0.3333333333333333,
    "precision_at_30_percent": 0.25,
    "precision_at_40_percent": 0.2,
    "precision_at_50_percent": 0.16666666666666666,
    "precision_at_60_percent": 0.125,
    "precision_at_70_percent": 0.1111111111111111,
    "precision_at_80_percent": 0.1,
    "precision_at_90_percent": 0.09090909090909091,
    "recall_at_sizeof_ground_truth": 1.0
  },
  "run_times": {
    "total_time": 201.47490333998576,
    "algorithm_time": 201.4748783102259
  }
}