{
  "name": "miller2_vertical_1_ac2_av__Coma{'max_n': 0, 'strategy': 'COMA_OPT'}",
  "matches": {
    "(('miller2_vertical_1_ac2_av_source', 'Section ID'), ('miller2_vertical_1_ac2_av_target', 'SeID'))": 0.43692616,
    "(('miller2_vertical_1_ac2_av_source', 'Fiscal year'), ('miller2_vertical_1_ac2_av_target', 'FisYe'))": 0.35725582,
    "(('miller2_vertical_1_ac2_av_source', 'PBA type'), ('miller2_vertical_1_ac2_av_target', 'CoRePe'))": 0.32025948,
    "(('miller2_vertical_1_ac2_av_source', 'Status'), ('miller2_vertical_1_ac2_av_target', 'YoIs'))": 0.28826782,
    "(('miller2_vertical_1_ac2_av_source', 'FSTC percent'), ('miller2_vertical_1_ac2_av_target', 'OrgaT'))": 0.2475887,
    "(('miller2_vertical_1_ac2_av_source', 'IRTC percent'), ('miller2_vertical_1_ac2_av_target', 'OrgaT'))": 0.2475887,
    "(('miller2_vertical_1_ac2_av_source', 'CFLI (marker)'), ('miller2_vertical_1_ac2_av_target', 'ContN'))": 0.23663601,
    "(('miller2_vertical_1_ac2_av_source', 'Participatory development and good governance'), ('miller2_vertical_1_ac2_av_target', 'KnowlFDevelo'))": 0.23362902
  },
  "metrics": {
    "precision": 0.125,
    "recall": 1.0,
    "f1_score": 0.2222222222222222,
    "precision_at_10_percent": 0.0,
    "precision_at_20_percent": 0.5,
    "precision_at_30_percent": 0.3333333333333333,
    "precision_at_40_percent": 0.25,
    "precision_at_50_percent": 0.25,
    "precision_at_60_percent": 0.2,
    "precision_at_70_percent": 0.16666666666666666,
    "precision_at_80_percent": 0.14285714285714285,
    "precision_at_90_percent": 0.125,
    "recall_at_sizeof_ground_truth": 0.0
  },
  "run_times": {
    "total_time": 4.371570169001643,
    "algorithm_time": 4.371555800000351
  }
}