{
  "name": "miller2_both_0_50_ec_ev__Coma{'max_n': 0, 'strategy': 'COMA_OPT'}",
  "matches": {
    "(('miller2_both_0_50_ec_ev_source', 'Participatory development and good governance'), ('miller2_both_0_50_ec_ev_target', 'Participatory development and good governance'))": 0.935305,
    "(('miller2_both_0_50_ec_ev_source', 'ICT as a tool for development (marker)'), ('miller2_both_0_50_ec_ev_target', 'ICT as a tool for development (marker)'))": 0.93359447,
    "(('miller2_both_0_50_ec_ev_source', 'Bilateral aid (international marker)'), ('miller2_both_0_50_ec_ev_target', 'Bilateral aid (international marker)'))": 0.9320501,
    "(('miller2_both_0_50_ec_ev_source', 'Disability issues (marker)'), ('miller2_both_0_50_ec_ev_target', 'Disability issues (marker)'))": 0.92836344,
    "(('miller2_both_0_50_ec_ev_source', 'Project Browser country ID'), ('miller2_both_0_50_ec_ev_target', 'Project Browser country ID'))": 0.92836344,
    "(('miller2_both_0_50_ec_ev_source', 'Indigenous issues (marker)'), ('miller2_both_0_50_ec_ev_target', 'Indigenous issues (marker)'))": 0.92836344,
    "(('miller2_both_0_50_ec_ev_source', 'Regional program (marker)'), ('miller2_both_0_50_ec_ev_target', 'Regional program (marker)'))": 0.92783463,
    "(('miller2_both_0_50_ec_ev_source', 'CountryRegion percent'), ('miller2_both_0_50_ec_ev_target', 'CountryRegion percent'))": 0.92743564,
    "(('miller2_both_0_50_ec_ev_source', 'Gender equality (marker)'), ('miller2_both_0_50_ec_ev_target', 'Gender equality (marker)'))": 0.9272882,
    "(('miller2_both_0_50_ec_ev_source', 'Youth issues (marker)'), ('miller2_both_0_50_ec_ev_target', 'Youth issues (marker)'))": 0.9255338,
    "(('miller2_both_0_50_ec_ev_source', 'Biodiversity (marker)'), ('miller2_both_0_50_ec_ev_target', 'Biodiversity (marker)'))": 0.9255338,
    "(('miller2_both_0_50_ec_ev_source', 'Organisation class'), ('miller2_both_0_50_ec_ev_target', 'Organisation class'))": 0.92358446,
    "(('miller2_both_0_50_ec_ev_source', 'CountryRegion name'), ('miller2_both_0_50_ec_ev_target', 'CountryRegion name'))": 0.92358446,
    "(('miller2_both_0_50_ec_ev_source', 'Organisation type'), ('miller2_both_0_50_ec_ev_target', 'Organisation type'))": 0.92288566,
    "(('miller2_both_0_50_ec_ev_source', 'Continent name'), ('miller2_both_0_50_ec_ev_target', 'Continent name'))": 0.9206215,
    "(('miller2_both_0_50_ec_ev_source', 'Project number'), ('miller2_both_0_50_ec_ev_target', 'Project number'))": 0.9206215,
    "(('miller2_both_0_50_ec_ev_source', 'Division name'), ('miller2_both_0_50_ec_ev_target', 'Division name'))": 0.91980517,
    "(('miller2_both_0_50_ec_ev_source', 'CFLI (marker)'), ('miller2_both_0_50_ec_ev_target', 'CFLI (marker)'))": 0.91980517,
    "(('miller2_both_0_50_ec_ev_source', 'Continent ID'), ('miller2_both_0_50_ec_ev_target', 'Continent ID'))": 0.91895485,
    "(('miller2_both_0_50_ec_ev_source', 'Amount spent'), ('miller2_both_0_50_ec_ev_target', 'Amount spent'))": 0.91895485,
    "(('miller2_both_0_50_ec_ev_source', 'Fiscal year'), ('miller2_both_0_50_ec_ev_target', 'Fiscal year'))": 0.9180683,
    "(('miller2_both_0_50_ec_ev_source', 'Division ID'), ('miller2_both_0_50_ec_ev_target', 'Division ID'))": 0.9180683,
    "(('miller2_both_0_50_ec_ev_source', 'Section ID'), ('miller2_both_0_50_ec_ev_target', 'Section ID'))": 0.9171432,
    "(('miller2_both_0_50_ec_ev_source', 'Branch ID'), ('miller2_both_0_50_ec_ev_target', 'Branch ID'))": 0.91617703,
    "(('miller2_both_0_50_ec_ev_source', 'Status'), ('miller2_both_0_50_ec_ev_target', 'Status'))": 0.9130025,
    "(('miller2_both_0_50_ec_ev_source', 'Climate change adaptation (marker)'), ('miller2_both_0_50_ec_ev_target', 'Climate change mitigation (marker)'))": 0.81124103,
    "(('miller2_both_0_50_ec_ev_source', 'Section name'), ('miller2_both_0_50_ec_ev_target', 'Sector name'))": 0.7281654,
    "(('miller2_both_0_50_ec_ev_source', 'FSTC percent'), ('miller2_both_0_50_ec_ev_target', 'Sector percent'))": 0.65770054,
    "(('miller2_both_0_50_ec_ev_source', 'IRTC percent'), ('miller2_both_0_50_ec_ev_target', 'Sector percent'))": 0.65770054
  },
  "metrics": {
    "precision": 0.8620689655172413,
    "recall": 1.0,
    "f1_score": 0.9259259259259259,
    "precision_at_10_percent": 1.0,
    "precision_at_20_percent": 1.0,
    "precision_at_30_percent": 1.0,
    "precision_at_40_percent": 1.0,
    "precision_at_50_percent": 1.0,
    "precision_at_60_percent": 1.0,
    "precision_at_70_percent": 1.0,
    "precision_at_80_percent": 1.0,
    "precision_at_90_percent": 0.9259259259259259,
    "recall_at_sizeof_ground_truth": 1.0
  },
  "run_times": {
    "total_time": 4.762488145002862,
    "algorithm_time": 4.76245816500159
  }
}