{
  "name": "miller2_horizontal_50_ac4_av__Coma{'max_n': 0, 'strategy': 'COMA_OPT'}",
  "matches": {
    "(('miller2_horizontal_50_ac4_av_source', 'Sector name'), ('miller2_horizontal_50_ac4_av_target', 'Sector name'))": 0.7623845,
    "(('miller2_horizontal_50_ac4_av_source', 'Organisation ID'), ('miller2_horizontal_50_ac4_av_target', 'miller2_OrganID'))": 0.4065619,
    "(('miller2_horizontal_50_ac4_av_source', 'Continent ID'), ('miller2_horizontal_50_ac4_av_target', 'miller2_ContID'))": 0.39751273,
    "(('miller2_horizontal_50_ac4_av_source', 'Organisation class'), ('miller2_horizontal_50_ac4_av_target', 'miller2_OrganiS'))": 0.3873201,
    "(('miller2_horizontal_50_ac4_av_source', 'Division ID'), ('miller2_horizontal_50_ac4_av_target', 'miller2_DivID'))": 0.37899423,
    "(('miller2_horizontal_50_ac4_av_source', 'CountryRegion ID'), ('miller2_horizontal_50_ac4_av_target', 'miller2_CouRegID'))": 0.36566085,
    "(('miller2_horizontal_50_ac4_av_source', 'Desertification (marker)'), ('miller2_horizontal_50_ac4_av_target', 'miller2_Desertif'))": 0.35100278,
    "(('miller2_horizontal_50_ac4_av_source', 'FSTC percent'), ('miller2_horizontal_50_ac4_av_target', 'miller2_FSTCPerc'))": 0.35060334,
    "(('miller2_horizontal_50_ac4_av_source', 'Branch ID'), ('miller2_horizontal_50_ac4_av_target', 'miller2_BraID'))": 0.34480208,
    "(('miller2_horizontal_50_ac4_av_source', 'Participatory development and good governance'), ('miller2_horizontal_50_ac4_av_target', 'miller2_ParticDeveloAGoGover'))": 0.3437712,
    "(('miller2_horizontal_50_ac4_av_source', 'Trade development (marker)'), ('miller2_horizontal_50_ac4_av_target', 'miller2_TraDevel'))": 0.3422978,
    "(('miller2_horizontal_50_ac4_av_source', 'CountryRegion percent'), ('miller2_horizontal_50_ac4_av_target', 'miller2_CouRegPerc'))": 0.3294058,
    "(('miller2_horizontal_50_ac4_av_source', 'Project Browser country ID'), ('miller2_horizontal_50_ac4_av_target', 'miller2_ProBroCounID'))": 0.32658374,
    "(('miller2_horizontal_50_ac4_av_source', 'PBA type'), ('miller2_horizontal_50_ac4_av_target', 'miller2_IRTCPe'))": 0.3012385,
    "(('miller2_horizontal_50_ac4_av_source', 'Maximum CIDA contribution (project-level)'), ('miller2_horizontal_50_ac4_av_target', 'miller2_MaCIDAContri'))": 0.29659805,
    "(('miller2_horizontal_50_ac4_av_source', 'CFLI (marker)'), ('miller2_horizontal_50_ac4_av_target', 'miller2_CFLI'))": 0.28812838,
    "(('miller2_horizontal_50_ac4_av_source', 'Enviromental sustainability (marker)'), ('miller2_horizontal_50_ac4_av_target', 'miller2_EnvSustai'))": 0.2842346,
    "(('miller2_horizontal_50_ac4_av_source', 'Project number'), ('miller2_horizontal_50_ac4_av_target', 'miller2_ProNum'))": 0.2804107,
    "(('miller2_horizontal_50_ac4_av_source', 'Status'), ('miller2_horizontal_50_ac4_av_target', 'miller2_St'))": 0.27739066,
    "(('miller2_horizontal_50_ac4_av_source', 'Programming process (new)'), ('miller2_horizontal_50_ac4_av_target', 'miller2_ProgrPro'))": 0.27412224,
    "(('miller2_horizontal_50_ac4_av_source', 'Amount spent'), ('miller2_horizontal_50_ac4_av_target', 'miller2_UntAmoPrBu'))": 0.27157432,
    "(('miller2_horizontal_50_ac4_av_source', 'Climate change adaptation (marker)'), ('miller2_horizontal_50_ac4_av_target', 'miller2_ClimChAda'))": 0.26643044,
    "(('miller2_horizontal_50_ac4_av_source', 'Knowledge for development (marker)'), ('miller2_horizontal_50_ac4_av_target', 'miller2_KnowFoDeve'))": 0.2628996,
    "(('miller2_horizontal_50_ac4_av_source', 'CIDA business delivery model (old)'), ('miller2_horizontal_50_ac4_av_target', 'miller2_CIDABusDelMo'))": 0.26055637,
    "(('miller2_horizontal_50_ac4_av_source', 'Climate change mitigation (marker)'), ('miller2_horizontal_50_ac4_av_target', 'miller2_ClChMitig'))": 0.24824864
  },
  "metrics": {
    "precision": 0.88,
    "recall": 0.43137254901960786,
    "f1_score": 0.5789473684210527,
    "precision_at_10_percent": 1.0,
    "precision_at_20_percent": 0.8,
    "precision_at_30_percent": 0.875,
    "precision_at_40_percent": 0.9,
    "precision_at_50_percent": 0.9230769230769231,
    "precision_at_60_percent": 0.8666666666666667,
    "precision_at_70_percent": 0.8888888888888888,
    "precision_at_80_percent": 0.9,
    "precision_at_90_percent": 0.8695652173913043,
    "recall_at_sizeof_ground_truth": 0.43137254901960786
  },
  "run_times": {
    "total_time": 3.3101190370000495,
    "algorithm_time": 3.310101874000111
  }
}