{
  "name": "miller2_both_50_30_ac3_ev__Coma{'max_n': 0, 'strategy': 'COMA_OPT_INST'}",
  "matches": {
    "(('miller2_both_50_30_ac3_ev_source', 'Status'), ('miller2_both_50_30_ac3_ev_target', 'stts'))": 0.5080544,
    "(('miller2_both_50_30_ac3_ev_source', 'IRTC percent'), ('miller2_both_50_30_ac3_ev_target', 'rtcprcnt'))": 0.46527186,
    "(('miller2_both_50_30_ac3_ev_source', 'Fiscal year'), ('miller2_both_50_30_ac3_ev_target', 'fsclr'))": 0.4409698,
    "(('miller2_both_50_30_ac3_ev_source', 'Children issues (marker)'), ('miller2_both_50_30_ac3_ev_target', 'chldrnsss(mrkr)'))": 0.4383409,
    "(('miller2_both_50_30_ac3_ev_source', 'Biodiversity (marker)'), ('miller2_both_50_30_ac3_ev_target', 'bdvrst(mrkr)'))": 0.40826136,
    "(('miller2_both_50_30_ac3_ev_source', 'Gender equality (marker)'), ('miller2_both_50_30_ac3_ev_target', 'gndrqlt(mrkr)'))": 0.3988061,
    "(('miller2_both_50_30_ac3_ev_source', 'Organisation sub-class'), ('miller2_both_50_30_ac3_ev_target', 'rgnstnsb-clss'))": 0.35973728,
    "(('miller2_both_50_30_ac3_ev_source', 'FSTC percent'), ('miller2_both_50_30_ac3_ev_target', 'sctrprcnt'))": 0.33650166,
    "(('miller2_both_50_30_ac3_ev_source', 'Fund centre ID'), ('miller2_both_50_30_ac3_ev_target', 'fndcntrd'))": 0.24937332,
    "(('miller2_both_50_30_ac3_ev_source', 'Section ID'), ('miller2_both_50_30_ac3_ev_target', 'sctrd'))": 0.24661367,
    "(('miller2_both_50_30_ac3_ev_source', 'Fund centre name'), ('miller2_both_50_30_ac3_ev_target', 'cntrrgnnm'))": 0.24623573,
    "(('miller2_both_50_30_ac3_ev_source', 'Project number'), ('miller2_both_50_30_ac3_ev_target', 'prjctnmbr'))": 0.24467643,
    "(('miller2_both_50_30_ac3_ev_source', 'Amount spent'), ('miller2_both_50_30_ac3_ev_target', 'mntspnt'))": 0.23662654,
    "(('miller2_both_50_30_ac3_ev_source', 'Organisation ID'), ('miller2_both_50_30_ac3_ev_target', 'rgnstnd'))": 0.22775324,
    "(('miller2_both_50_30_ac3_ev_source', 'Division name'), ('miller2_both_50_30_ac3_ev_target', 'cntnntnm'))": 0.21329863,
    "(('miller2_both_50_30_ac3_ev_source', 'Branch name'), ('miller2_both_50_30_ac3_ev_target', 'cntnntnm'))": 0.2127428
  },
  "metrics": {
    "precision": 0.6875,
    "recall": 0.7333333333333333,
    "f1_score": 0.7096774193548386,
    "precision_at_10_percent": 1.0,
    "precision_at_20_percent": 1.0,
    "precision_at_30_percent": 1.0,
    "precision_at_40_percent": 1.0,
    "precision_at_50_percent": 0.875,
    "precision_at_60_percent": 0.8,
    "precision_at_70_percent": 0.75,
    "precision_at_80_percent": 0.7692307692307693,
    "precision_at_90_percent": 0.7333333333333333,
    "recall_at_sizeof_ground_truth": 0.7333333333333333
  },
  "run_times": {
    "total_time": 351.72450279584154,
    "algorithm_time": 351.72448436077684
  }
}