{
  "name": "miller2_both_50_1_ac2_ev__Coma{'max_n': 0, 'strategy': 'COMA_OPT_INST'}",
  "matches": {
    "(('miller2_both_50_1_ac2_ev_source', 'Fiscal year'), ('miller2_both_50_1_ac2_ev_target', 'FiY'))": 0.4517358,
    "(('miller2_both_50_1_ac2_ev_source', 'Participatory development and good governance'), ('miller2_both_50_1_ac2_ev_target', 'TrDevelo'))": 0.39081052,
    "(('miller2_both_50_1_ac2_ev_source', 'Section ID'), ('miller2_both_50_1_ac2_ev_target', 'SecID'))": 0.38537523,
    "(('miller2_both_50_1_ac2_ev_source', 'CFLI (marker)'), ('miller2_both_50_1_ac2_ev_target', 'ChilIs'))": 0.38504142,
    "(('miller2_both_50_1_ac2_ev_source', 'Desertification (marker)'), ('miller2_both_50_1_ac2_ev_target', 'DisaIss'))": 0.36055252,
    "(('miller2_both_50_1_ac2_ev_source', 'FSTC percent'), ('miller2_both_50_1_ac2_ev_target', 'SePer'))": 0.31081283,
    "(('miller2_both_50_1_ac2_ev_source', 'PBA type'), ('miller2_both_50_1_ac2_ev_target', 'AmoSpe'))": 0.25628123,
    "(('miller2_both_50_1_ac2_ev_source', 'IRTC percent'), ('miller2_both_50_1_ac2_ev_target', 'OrganT'))": 0.23562412,
    "(('miller2_both_50_1_ac2_ev_source', 'Project number'), ('miller2_both_50_1_ac2_ev_target', 'ProBroCouID'))": 0.23499945,
    "(('miller2_both_50_1_ac2_ev_source', 'Fund centre name'), ('miller2_both_50_1_ac2_ev_target', 'CounRegN'))": 0.2133698,
    "(('miller2_both_50_1_ac2_ev_source', 'Branch name'), ('miller2_both_50_1_ac2_ev_target', 'ContiNa'))": 0.2093978
  },
  "metrics": {
    "precision": 0.09090909090909091,
    "recall": 1.0,
    "f1_score": 0.16666666666666669,
    "precision_at_10_percent": 0.5,
    "precision_at_20_percent": 0.3333333333333333,
    "precision_at_30_percent": 0.25,
    "precision_at_40_percent": 0.2,
    "precision_at_50_percent": 0.16666666666666666,
    "precision_at_60_percent": 0.14285714285714285,
    "precision_at_70_percent": 0.125,
    "precision_at_80_percent": 0.1111111111111111,
    "precision_at_90_percent": 0.1,
    "recall_at_sizeof_ground_truth": 1.0
  },
  "run_times": {
    "total_time": 160.45682255364954,
    "algorithm_time": 160.45679726498201
  }
}