{
  "name": "miller2_both_50_30_ac4_ev__Coma{'max_n': 0, 'strategy': 'COMA_OPT'}",
  "matches": {
    "(('miller2_both_50_30_ac4_ev_source', 'Organisation class'), ('miller2_both_50_30_ac4_ev_target', 'miller2_OrganiCla'))": 0.31973827,
    "(('miller2_both_50_30_ac4_ev_source', 'PBA type'), ('miller2_both_50_30_ac4_ev_target', 'miller2_SePe'))": 0.28518394,
    "(('miller2_both_50_30_ac4_ev_source', 'Branch ID'), ('miller2_both_50_30_ac4_ev_target', 'miller2_SeID'))": 0.27995804,
    "(('miller2_both_50_30_ac4_ev_source', 'Maximum CIDA contribution (project-level)'), ('miller2_both_50_30_ac4_ev_target', 'miller2_MaxCIDAContr'))": 0.27193606,
    "(('miller2_both_50_30_ac4_ev_source', 'Programming process (new)'), ('miller2_both_50_30_ac4_ev_target', 'miller2_PrograPro'))": 0.2719136,
    "(('miller2_both_50_30_ac4_ev_source', 'CFLI (marker)'), ('miller2_both_50_30_ac4_ev_target', 'miller2_CFLI'))": 0.26175177,
    "(('miller2_both_50_30_ac4_ev_source', 'CountryRegion name'), ('miller2_both_50_30_ac4_ev_target', 'miller2_CounRegNa'))": 0.2589324
  },
  "metrics": {
    "precision": 0.7142857142857143,
    "recall": 0.3333333333333333,
    "f1_score": 0.4545454545454545,
    "precision_at_10_percent": 1.0,
    "precision_at_20_percent": 0.5,
    "precision_at_30_percent": 0.3333333333333333,
    "precision_at_40_percent": 0.3333333333333333,
    "precision_at_50_percent": 0.5,
    "precision_at_60_percent": 0.6,
    "precision_at_70_percent": 0.6,
    "precision_at_80_percent": 0.6666666666666666,
    "precision_at_90_percent": 0.7142857142857143,
    "recall_at_sizeof_ground_truth": 0.3333333333333333
  },
  "run_times": {
    "total_time": 2.642922976054251,
    "algorithm_time": 2.642901766113937
  }
}