{
  "name": "miller2_vertical_70_ac2_av__Coma{'max_n': 0, 'strategy': 'COMA_OPT'}",
  "matches": {
    "(('miller2_vertical_70_ac2_av_source', 'Sector ID'), ('miller2_vertical_70_ac2_av_target', 'Sector ID'))": 0.7862983,
    "(('miller2_vertical_70_ac2_av_source', 'Continent ID'), ('miller2_vertical_70_ac2_av_target', 'ContID'))": 0.5836468,
    "(('miller2_vertical_70_ac2_av_source', 'Branch ID'), ('miller2_vertical_70_ac2_av_target', 'BrID'))": 0.49457774,
    "(('miller2_vertical_70_ac2_av_source', 'Organisation class'), ('miller2_vertical_70_ac2_av_target', 'OrganiCla'))": 0.47519997,
    "(('miller2_vertical_70_ac2_av_source', 'Organisation type'), ('miller2_vertical_70_ac2_av_target', 'OrganiT'))": 0.4638193,
    "(('miller2_vertical_70_ac2_av_source', 'Organisation name'), ('miller2_vertical_70_ac2_av_target', 'OrganiT'))": 0.4638193,
    "(('miller2_vertical_70_ac2_av_source', 'Status'), ('miller2_vertical_70_ac2_av_target', 'St'))": 0.45819747,
    "(('miller2_vertical_70_ac2_av_source', 'Division ID'), ('miller2_vertical_70_ac2_av_target', 'DiviNa'))": 0.45164913,
    "(('miller2_vertical_70_ac2_av_source', 'Project number'), ('miller2_vertical_70_ac2_av_target', 'ProjNum'))": 0.4514343,
    "(('miller2_vertical_70_ac2_av_source', 'CFLI (marker)'), ('miller2_vertical_70_ac2_av_target', 'CFLI'))": 0.44212532,
    "(('miller2_vertical_70_ac2_av_source', 'Desertification (marker)'), ('miller2_vertical_70_ac2_av_target', 'Deserti'))": 0.44142646,
    "(('miller2_vertical_70_ac2_av_source', 'FSTC percent'), ('miller2_vertical_70_ac2_av_target', 'FSTCPe'))": 0.43346733,
    "(('miller2_vertical_70_ac2_av_source', 'PBA type'), ('miller2_vertical_70_ac2_av_target', 'PBATy'))": 0.4302597,
    "(('miller2_vertical_70_ac2_av_source', 'CIDA business delivery model (old)'), ('miller2_vertical_70_ac2_av_target', 'CIDABusDelMod'))": 0.3643064,
    "(('miller2_vertical_70_ac2_av_source', 'Fiscal year'), ('miller2_vertical_70_ac2_av_target', 'FiY'))": 0.35940573,
    "(('miller2_vertical_70_ac2_av_source', 'Climate change adaptation (marker)'), ('miller2_vertical_70_ac2_av_target', 'ClimChAda'))": 0.35145783,
    "(('miller2_vertical_70_ac2_av_source', 'Knowledge for development (marker)'), ('miller2_vertical_70_ac2_av_target', 'KnowFDeve'))": 0.3502526,
    "(('miller2_vertical_70_ac2_av_source', 'Gender equality (marker)'), ('miller2_vertical_70_ac2_av_target', 'GeEqua'))": 0.34838977,
    "(('miller2_vertical_70_ac2_av_source', 'Biodiversity (marker)'), ('miller2_vertical_70_ac2_av_target', 'Bio'))": 0.34352362,
    "(('miller2_vertical_70_ac2_av_source', 'Urban issues (marker)'), ('miller2_vertical_70_ac2_av_target', 'UrbIs'))": 0.3318111,
    "(('miller2_vertical_70_ac2_av_source', 'CountryRegion percent'), ('miller2_vertical_70_ac2_av_target', 'CouReNa'))": 0.3288578,
    "(('miller2_vertical_70_ac2_av_source', 'Enviromental sustainability (marker)'), ('miller2_vertical_70_ac2_av_target', 'EnvSust'))": 0.32484376,
    "(('miller2_vertical_70_ac2_av_source', 'Untied amount(Project-level budget)'), ('miller2_vertical_70_ac2_av_target', 'UntAmoPrBud'))": 0.3222822,
    "(('miller2_vertical_70_ac2_av_source', 'Bilateral aid (international marker)'), ('miller2_vertical_70_ac2_av_target', 'BilaAMa'))": 0.3055093,
    "(('miller2_vertical_70_ac2_av_source', 'ICT as a tool for development (marker)'), ('miller2_vertical_70_ac2_av_target', 'ICTAATFDev'))": 0.2858404
  },
  "metrics": {
    "precision": 0.88,
    "recall": 0.6285714285714286,
    "f1_score": 0.7333333333333334,
    "precision_at_10_percent": 1.0,
    "precision_at_20_percent": 1.0,
    "precision_at_30_percent": 0.75,
    "precision_at_40_percent": 0.8,
    "precision_at_50_percent": 0.8461538461538461,
    "precision_at_60_percent": 0.8666666666666667,
    "precision_at_70_percent": 0.8888888888888888,
    "precision_at_80_percent": 0.9,
    "precision_at_90_percent": 0.8695652173913043,
    "recall_at_sizeof_ground_truth": 0.6285714285714286
  },
  "run_times": {
    "total_time": 13.76345984099953,
    "algorithm_time": 13.763433694000014
  }
}