{
  "name": "miller2_vertical_70_ac2_ev__Coma{'max_n': 0, 'strategy': 'COMA_OPT_INST'}",
  "matches": {
    "(('miller2_vertical_70_ac2_ev_source', 'Division ID'), ('miller2_vertical_70_ac2_ev_target', 'DivID'))": 0.6316089,
    "(('miller2_vertical_70_ac2_ev_source', 'FSTC percent'), ('miller2_vertical_70_ac2_ev_target', 'FSTCPerc'))": 0.6047804,
    "(('miller2_vertical_70_ac2_ev_source', 'Continent ID'), ('miller2_vertical_70_ac2_ev_target', 'ConID'))": 0.5940846,
    "(('miller2_vertical_70_ac2_ev_source', 'Organisation ID'), ('miller2_vertical_70_ac2_ev_target', 'OrgaID'))": 0.5938647,
    "(('miller2_vertical_70_ac2_ev_source', 'Trade development (marker)'), ('miller2_vertical_70_ac2_ev_target', 'TraDevelo'))": 0.5795792,
    "(('miller2_vertical_70_ac2_ev_source', 'IRTC percent'), ('miller2_vertical_70_ac2_ev_target', 'IRTCPer'))": 0.5760302,
    "(('miller2_vertical_70_ac2_ev_source', 'Branch name'), ('miller2_vertical_70_ac2_ev_target', 'BraN'))": 0.5708071,
    "(('miller2_vertical_70_ac2_ev_source', 'CFLI (marker)'), ('miller2_vertical_70_ac2_ev_target', 'CFLI'))": 0.55177885,
    "(('miller2_vertical_70_ac2_ev_source', 'Organisation name'), ('miller2_vertical_70_ac2_ev_target', 'OrganN'))": 0.5432521,
    "(('miller2_vertical_70_ac2_ev_source', 'PBA type'), ('miller2_vertical_70_ac2_ev_target', 'PBATy'))": 0.54228634,
    "(('miller2_vertical_70_ac2_ev_source', 'Programming process (new)'), ('miller2_vertical_70_ac2_ev_target', 'PrograPr'))": 0.52603376,
    "(('miller2_vertical_70_ac2_ev_source', 'Fiscal year'), ('miller2_vertical_70_ac2_ev_target', 'FisYe'))": 0.5180849,
    "(('miller2_vertical_70_ac2_ev_source', 'Disability issues (marker)'), ('miller2_vertical_70_ac2_ev_target', 'DisabIs'))": 0.51630634,
    "(('miller2_vertical_70_ac2_ev_source', 'Desertification (marker)'), ('miller2_vertical_70_ac2_ev_target', 'Deser'))": 0.51243186,
    "(('miller2_vertical_70_ac2_ev_source', 'Amount spent'), ('miller2_vertical_70_ac2_ev_target', 'AmoSp'))": 0.5094731,
    "(('miller2_vertical_70_ac2_ev_source', 'Project Browser country ID'), ('miller2_vertical_70_ac2_ev_target', 'ProjBrCoID'))": 0.5032575,
    "(('miller2_vertical_70_ac2_ev_source', 'Sector percent'), ('miller2_vertical_70_ac2_ev_target', 'SePer'))": 0.49813166,
    "(('miller2_vertical_70_ac2_ev_source', 'Continent name'), ('miller2_vertical_70_ac2_ev_target', 'ConNa'))": 0.4967571,
    "(('miller2_vertical_70_ac2_ev_source', 'Indigenous issues (marker)'), ('miller2_vertical_70_ac2_ev_target', 'IndigIs'))": 0.49108115,
    "(('miller2_vertical_70_ac2_ev_source', 'Youth issues (marker)'), ('miller2_vertical_70_ac2_ev_target', 'YouIss'))": 0.4893906,
    "(('miller2_vertical_70_ac2_ev_source', 'Section name'), ('miller2_vertical_70_ac2_ev_target', 'SeN'))": 0.47799435,
    "(('miller2_vertical_70_ac2_ev_source', 'Sector name'), ('miller2_vertical_70_ac2_ev_target', 'SeNa'))": 0.47799435,
    "(('miller2_vertical_70_ac2_ev_source', 'Children issues (marker)'), ('miller2_vertical_70_ac2_ev_target', 'ChilIs'))": 0.47679037,
    "(('miller2_vertical_70_ac2_ev_source', 'Organisation class'), ('miller2_vertical_70_ac2_ev_target', 'OrgCl'))": 0.47607207,
    "(('miller2_vertical_70_ac2_ev_source', 'CountryRegion name'), ('miller2_vertical_70_ac2_ev_target', 'CouReN'))": 0.47557655,
    "(('miller2_vertical_70_ac2_ev_source', 'CIDA business delivery model (old)'), ('miller2_vertical_70_ac2_ev_target', 'CIDABuDeliMo'))": 0.47316375,
    "(('miller2_vertical_70_ac2_ev_source', 'Untied amount(Project-level budget)'), ('miller2_vertical_70_ac2_ev_target', 'UnAmoProjBud'))": 0.47257954,
    "(('miller2_vertical_70_ac2_ev_source', 'ICT as a tool for development (marker)'), ('miller2_vertical_70_ac2_ev_target', 'ICTAAToFDevelo'))": 0.47121972,
    "(('miller2_vertical_70_ac2_ev_source', 'Knowledge for development (marker)'), ('miller2_vertical_70_ac2_ev_target', 'KnoFDeve'))": 0.4607404,
    "(('miller2_vertical_70_ac2_ev_source', 'Organisation sub-class'), ('miller2_vertical_70_ac2_ev_target', 'OrgSu'))": 0.45977464,
    "(('miller2_vertical_70_ac2_ev_source', 'CountryRegion percent'), ('miller2_vertical_70_ac2_ev_target', 'CoRegPe'))": 0.45735526,
    "(('miller2_vertical_70_ac2_ev_source', 'Gender equality (marker)'), ('miller2_vertical_70_ac2_ev_target', 'GenEq'))": 0.45280394,
    "(('miller2_vertical_70_ac2_ev_source', 'Fund centre name'), ('miller2_vertical_70_ac2_ev_target', 'FCenNa'))": 0.44598895,
    "(('miller2_vertical_70_ac2_ev_source', 'Climate change mitigation (marker)'), ('miller2_vertical_70_ac2_ev_target', 'CliChMit'))": 0.44094008,
    "(('miller2_vertical_70_ac2_ev_source', 'Regional program (marker)'), ('miller2_vertical_70_ac2_ev_target', 'RePr'))": 0.42633834,
    "(('miller2_vertical_70_ac2_ev_source', 'Section ID'), ('miller2_vertical_70_ac2_ev_target', 'SecID'))": 0.41721338
  },
  "metrics": {
    "precision": 0.9722222222222222,
    "recall": 1.0,
    "f1_score": 0.9859154929577464,
    "precision_at_10_percent": 1.0,
    "precision_at_20_percent": 1.0,
    "precision_at_30_percent": 1.0,
    "precision_at_40_percent": 1.0,
    "precision_at_50_percent": 1.0,
    "precision_at_60_percent": 1.0,
    "precision_at_70_percent": 1.0,
    "precision_at_80_percent": 1.0,
    "precision_at_90_percent": 1.0,
    "recall_at_sizeof_ground_truth": 1.0
  },
  "run_times": {
    "total_time": 562.8903409349732,
    "algorithm_time": 562.8903220039792
  }
}