{
  "name": "miller2_both_50_70_ac4_ev__Coma{'max_n': 0, 'strategy': 'COMA_OPT_INST'}",
  "matches": {
    "(('miller2_both_50_70_ac4_ev_source', 'Sector ID'), ('miller2_both_50_70_ac4_ev_target', 'Sector ID'))": 0.71845734,
    "(('miller2_both_50_70_ac4_ev_source', 'Continent ID'), ('miller2_both_50_70_ac4_ev_target', 'miller2_ContiID'))": 0.49453837,
    "(('miller2_both_50_70_ac4_ev_source', 'Desertification (marker)'), ('miller2_both_50_70_ac4_ev_target', 'miller2_Desert'))": 0.4329126,
    "(('miller2_both_50_70_ac4_ev_source', 'CFLI (marker)'), ('miller2_both_50_70_ac4_ev_target', 'miller2_CFLI'))": 0.42039862,
    "(('miller2_both_50_70_ac4_ev_source', 'Organisation type'), ('miller2_both_50_70_ac4_ev_target', 'miller2_OrganTy'))": 0.41911587,
    "(('miller2_both_50_70_ac4_ev_source', 'Knowledge for development (marker)'), ('miller2_both_50_70_ac4_ev_target', 'miller2_KnowlFDeve'))": 0.41770387,
    "(('miller2_both_50_70_ac4_ev_source', 'Status'), ('miller2_both_50_70_ac4_ev_target', 'miller2_Sta'))": 0.41273093,
    "(('miller2_both_50_70_ac4_ev_source', 'Programming process (new)'), ('miller2_both_50_70_ac4_ev_target', 'miller2_ProgProc'))": 0.4091324,
    "(('miller2_both_50_70_ac4_ev_source', 'Continent name'), ('miller2_both_50_70_ac4_ev_target', 'miller2_ContNa'))": 0.40183052,
    "(('miller2_both_50_70_ac4_ev_source', 'Biodiversity (marker)'), ('miller2_both_50_70_ac4_ev_target', 'miller2_Biod'))": 0.39871177,
    "(('miller2_both_50_70_ac4_ev_source', 'Urban issues (marker)'), ('miller2_both_50_70_ac4_ev_target', 'miller2_UrbIss'))": 0.39392078,
    "(('miller2_both_50_70_ac4_ev_source', 'Fiscal year'), ('miller2_both_50_70_ac4_ev_target', 'miller2_FisYe'))": 0.39103088,
    "(('miller2_both_50_70_ac4_ev_source', 'Sector percent'), ('miller2_both_50_70_ac4_ev_target', 'miller2_SePerc'))": 0.39023492,
    "(('miller2_both_50_70_ac4_ev_source', 'ICT as a tool for development (marker)'), ('miller2_both_50_70_ac4_ev_target', 'miller2_ICTAAToFDevel'))": 0.38771912,
    "(('miller2_both_50_70_ac4_ev_source', 'Enviromental sustainability (marker)'), ('miller2_both_50_70_ac4_ev_target', 'miller2_EnvSust'))": 0.38392138,
    "(('miller2_both_50_70_ac4_ev_source', 'Disability issues (marker)'), ('miller2_both_50_70_ac4_ev_target', 'miller2_DisaIs'))": 0.3838908,
    "(('miller2_both_50_70_ac4_ev_source', 'Disability issues (marker)'), ('miller2_both_50_70_ac4_ev_target', 'miller2_ChilIss'))": 0.38086718,
    "(('miller2_both_50_70_ac4_ev_source', 'FSTC percent'), ('miller2_both_50_70_ac4_ev_target', 'miller2_FSTCPe'))": 0.37985954,
    "(('miller2_both_50_70_ac4_ev_source', 'Regional program (marker)'), ('miller2_both_50_70_ac4_ev_target', 'miller2_RegiProg'))": 0.3772299,
    "(('miller2_both_50_70_ac4_ev_source', 'Youth issues (marker)'), ('miller2_both_50_70_ac4_ev_target', 'miller2_YouIs'))": 0.37003714,
    "(('miller2_both_50_70_ac4_ev_source', 'Youth issues (marker)'), ('miller2_both_50_70_ac4_ev_target', 'miller2_IndiIss'))": 0.36680743,
    "(('miller2_both_50_70_ac4_ev_source', 'Organisation ID'), ('miller2_both_50_70_ac4_ev_target', 'miller2_OrganID'))": 0.35997635,
    "(('miller2_both_50_70_ac4_ev_source', 'Organisation sub-class'), ('miller2_both_50_70_ac4_ev_target', 'miller2_OrgaS'))": 0.34647554,
    "(('miller2_both_50_70_ac4_ev_source', 'Project Browser country ID'), ('miller2_both_50_70_ac4_ev_target', 'miller2_PrBrCouID'))": 0.3351501,
    "(('miller2_both_50_70_ac4_ev_source', 'Maximum CIDA contribution (project-level)'), ('miller2_both_50_70_ac4_ev_target', 'miller2_MaxiCIDACon'))": 0.24842624,
    "(('miller2_both_50_70_ac4_ev_source', 'Project number'), ('miller2_both_50_70_ac4_ev_target', 'miller2_ProjNum'))": 0.24041212,
    "(('miller2_both_50_70_ac4_ev_source', 'PBA type'), ('miller2_both_50_70_ac4_ev_target', 'miller2_AmSpe'))": 0.23506363,
    "(('miller2_both_50_70_ac4_ev_source', 'Untied amount(Project-level budget)'), ('miller2_both_50_70_ac4_ev_target', 'miller2_UntAmoProBu'))": 0.23125732,
    "(('miller2_both_50_70_ac4_ev_source', 'Fund centre name'), ('miller2_both_50_70_ac4_ev_target', 'miller2_CoRegN'))": 0.2189252
  },
  "metrics": {
    "precision": 0.8620689655172413,
    "recall": 0.7142857142857143,
    "f1_score": 0.7812500000000001,
    "precision_at_10_percent": 1.0,
    "precision_at_20_percent": 1.0,
    "precision_at_30_percent": 1.0,
    "precision_at_40_percent": 1.0,
    "precision_at_50_percent": 1.0,
    "precision_at_60_percent": 0.9444444444444444,
    "precision_at_70_percent": 0.9047619047619048,
    "precision_at_80_percent": 0.9166666666666666,
    "precision_at_90_percent": 0.8888888888888888,
    "recall_at_sizeof_ground_truth": 0.7142857142857143
  },
  "run_times": {
    "total_time": 352.3236656091176,
    "algorithm_time": 352.3236479591578
  }
}