{
  "name": "miller2_horizontal_100_ac5_ev__Coma{'max_n': 0, 'strategy': 'COMA_OPT_INST'}",
  "matches": {
    "(('miller2_horizontal_100_ac5_ev_source', 'IRTC percent'), ('miller2_horizontal_100_ac5_ev_target', 'miller2_rtcprcnt'))": 0.43148375,
    "(('miller2_horizontal_100_ac5_ev_source', 'CFLI (marker)'), ('miller2_horizontal_100_ac5_ev_target', 'miller2_cfl(mrkr)'))": 0.42316246,
    "(('miller2_horizontal_100_ac5_ev_source', 'FSTC percent'), ('miller2_horizontal_100_ac5_ev_target', 'miller2_fstcprcnt'))": 0.41713324,
    "(('miller2_horizontal_100_ac5_ev_source', 'Status'), ('miller2_horizontal_100_ac5_ev_target', 'miller2_stts'))": 0.39910278,
    "(('miller2_horizontal_100_ac5_ev_source', 'Children issues (marker)'), ('miller2_horizontal_100_ac5_ev_target', 'miller2_chldrnsss(mrkr)'))": 0.3815997,
    "(('miller2_horizontal_100_ac5_ev_source', 'Fiscal year'), ('miller2_horizontal_100_ac5_ev_target', 'miller2_fsclr'))": 0.38124564,
    "(('miller2_horizontal_100_ac5_ev_source', 'PBA type'), ('miller2_horizontal_100_ac5_ev_target', 'miller2_pbtp'))": 0.3768015,
    "(('miller2_horizontal_100_ac5_ev_source', 'Sector percent'), ('miller2_horizontal_100_ac5_ev_target', 'miller2_sctrprcnt'))": 0.37228477,
    "(('miller2_horizontal_100_ac5_ev_source', 'Youth issues (marker)'), ('miller2_horizontal_100_ac5_ev_target', 'miller2_gndrqlt(mrkr)'))": 0.37069014,
    "(('miller2_horizontal_100_ac5_ev_source', 'Continent ID'), ('miller2_horizontal_100_ac5_ev_target', 'miller2_cntnntd'))": 0.3664165,
    "(('miller2_horizontal_100_ac5_ev_source', 'Programming process (new)'), ('miller2_horizontal_100_ac5_ev_target', 'miller2_prgrmmngprcss(nw)'))": 0.36064065,
    "(('miller2_horizontal_100_ac5_ev_source', 'Organisation sub-class'), ('miller2_horizontal_100_ac5_ev_target', 'miller2_rgnstnsb-clss'))": 0.3379684,
    "(('miller2_horizontal_100_ac5_ev_source', 'Organisation class'), ('miller2_horizontal_100_ac5_ev_target', 'miller2_rgnstnclss'))": 0.3373479,
    "(('miller2_horizontal_100_ac5_ev_source', 'Continent name'), ('miller2_horizontal_100_ac5_ev_target', 'miller2_cntnntnm'))": 0.33555514,
    "(('miller2_horizontal_100_ac5_ev_source', 'Organisation type'), ('miller2_horizontal_100_ac5_ev_target', 'miller2_rgnstntp'))": 0.33035797,
    "(('miller2_horizontal_100_ac5_ev_source', 'CIDA business delivery model (old)'), ('miller2_horizontal_100_ac5_ev_target', 'miller2_cdbsnssdlvrmdl(ld)'))": 0.3157456,
    "(('miller2_horizontal_100_ac5_ev_source', 'Sector ID'), ('miller2_horizontal_100_ac5_ev_target', 'miller2_sctrd'))": 0.30381012,
    "(('miller2_horizontal_100_ac5_ev_source', 'Sector name'), ('miller2_horizontal_100_ac5_ev_target', 'miller2_sctrnm'))": 0.29782915,
    "(('miller2_horizontal_100_ac5_ev_source', 'Project Browser country ID'), ('miller2_horizontal_100_ac5_ev_target', 'miller2_prjctbrwsrcntrd'))": 0.29577783,
    "(('miller2_horizontal_100_ac5_ev_source', 'CountryRegion ID'), ('miller2_horizontal_100_ac5_ev_target', 'miller2_cntrrgnd'))": 0.27003703,
    "(('miller2_horizontal_100_ac5_ev_source', 'CountryRegion name'), ('miller2_horizontal_100_ac5_ev_target', 'miller2_cntrrgnnm'))": 0.25628275,
    "(('miller2_horizontal_100_ac5_ev_source', 'Maximum CIDA contribution (project-level)'), ('miller2_horizontal_100_ac5_ev_target', 'miller2_mxmmcdcntrbtn(prjct-lvl)'))": 0.22996613,
    "(('miller2_horizontal_100_ac5_ev_source', 'Branch ID'), ('miller2_horizontal_100_ac5_ev_target', 'miller2_brnchd'))": 0.21721399,
    "(('miller2_horizontal_100_ac5_ev_source', 'Organisation name'), ('miller2_horizontal_100_ac5_ev_target', 'miller2_rgnstnnm'))": 0.21510196,
    "(('miller2_horizontal_100_ac5_ev_source', 'Organisation ID'), ('miller2_horizontal_100_ac5_ev_target', 'miller2_rgnstnd'))": 0.21279621,
    "(('miller2_horizontal_100_ac5_ev_source', 'Amount spent'), ('miller2_horizontal_100_ac5_ev_target', 'miller2_mntspnt'))": 0.21156916,
    "(('miller2_horizontal_100_ac5_ev_source', 'Fund centre ID'), ('miller2_horizontal_100_ac5_ev_target', 'miller2_fndcntrd'))": 0.19602934
  },
  "metrics": {
    "precision": 0.9629629629629629,
    "recall": 0.5098039215686274,
    "f1_score": 0.6666666666666666,
    "precision_at_10_percent": 1.0,
    "precision_at_20_percent": 1.0,
    "precision_at_30_percent": 0.8888888888888888,
    "precision_at_40_percent": 0.9090909090909091,
    "precision_at_50_percent": 0.9285714285714286,
    "precision_at_60_percent": 0.9411764705882353,
    "precision_at_70_percent": 0.9473684210526315,
    "precision_at_80_percent": 0.9545454545454546,
    "precision_at_90_percent": 0.96,
    "recall_at_sizeof_ground_truth": 0.5098039215686274
  },
  "run_times": {
    "total_time": 948.8314245219999,
    "algorithm_time": 948.8314062240006
  }
}