{
  "name": "miller2_horizontal_0_ac4_av__Coma{'max_n': 0, 'strategy': 'COMA_OPT_INST'}",
  "matches": {
    "(('miller2_horizontal_0_ac4_av_source', 'IRTC percent'), ('miller2_horizontal_0_ac4_av_target', 'miller2_IRTCPerc'))": 0.46942067,
    "(('miller2_horizontal_0_ac4_av_source', 'Organisation class'), ('miller2_horizontal_0_ac4_av_target', 'miller2_OrganiCla'))": 0.42068106,
    "(('miller2_horizontal_0_ac4_av_source', 'Status'), ('miller2_horizontal_0_ac4_av_target', 'miller2_Sta'))": 0.4114662,
    "(('miller2_horizontal_0_ac4_av_source', 'Programming process (new)'), ('miller2_horizontal_0_ac4_av_target', 'miller2_ProgPr'))": 0.40686864,
    "(('miller2_horizontal_0_ac4_av_source', 'FSTC percent'), ('miller2_horizontal_0_ac4_av_target', 'miller2_FSTCPer'))": 0.40542617,
    "(('miller2_horizontal_0_ac4_av_source', 'Continent name'), ('miller2_horizontal_0_ac4_av_target', 'miller2_ContN'))": 0.40221268,
    "(('miller2_horizontal_0_ac4_av_source', 'PBA type'), ('miller2_horizontal_0_ac4_av_target', 'miller2_PBAT'))": 0.3897438,
    "(('miller2_horizontal_0_ac4_av_source', 'Sector percent'), ('miller2_horizontal_0_ac4_av_target', 'miller2_SePerc'))": 0.3890999,
    "(('miller2_horizontal_0_ac4_av_source', 'CIDA business delivery model (old)'), ('miller2_horizontal_0_ac4_av_target', 'miller2_CIDABusiDelMod'))": 0.38009146,
    "(('miller2_horizontal_0_ac4_av_source', 'Organisation type'), ('miller2_horizontal_0_ac4_av_target', 'miller2_OrgTy'))": 0.36951137,
    "(('miller2_horizontal_0_ac4_av_source', 'Project Browser country ID'), ('miller2_horizontal_0_ac4_av_target', 'miller2_ProBrowCoID'))": 0.36945996,
    "(('miller2_horizontal_0_ac4_av_source', 'Organisation sub-class'), ('miller2_horizontal_0_ac4_av_target', 'miller2_OrganS'))": 0.36630794,
    "(('miller2_horizontal_0_ac4_av_source', 'Fiscal year'), ('miller2_horizontal_0_ac4_av_target', 'miller2_FiYe'))": 0.3586419,
    "(('miller2_horizontal_0_ac4_av_source', 'Organisation ID'), ('miller2_horizontal_0_ac4_av_target', 'miller2_OrganID'))": 0.358291,
    "(('miller2_horizontal_0_ac4_av_source', 'CountryRegion ID'), ('miller2_horizontal_0_ac4_av_target', 'miller2_CouReID'))": 0.3116906,
    "(('miller2_horizontal_0_ac4_av_source', 'Sector name'), ('miller2_horizontal_0_ac4_av_target', 'miller2_SeN'))": 0.30904973,
    "(('miller2_horizontal_0_ac4_av_source', 'Continent ID'), ('miller2_horizontal_0_ac4_av_target', 'miller2_ContID'))": 0.30699736,
    "(('miller2_horizontal_0_ac4_av_source', 'Organisation name'), ('miller2_horizontal_0_ac4_av_target', 'miller2_OrganNa'))": 0.3015356,
    "(('miller2_horizontal_0_ac4_av_source', 'CountryRegion name'), ('miller2_horizontal_0_ac4_av_target', 'miller2_CouRegNa'))": 0.2932987,
    "(('miller2_horizontal_0_ac4_av_source', 'Division ID'), ('miller2_horizontal_0_ac4_av_target', 'miller2_DiviID'))": 0.2865067,
    "(('miller2_horizontal_0_ac4_av_source', 'Branch ID'), ('miller2_horizontal_0_ac4_av_target', 'miller2_BraID'))": 0.2647812,
    "(('miller2_horizontal_0_ac4_av_source', 'Sector ID'), ('miller2_horizontal_0_ac4_av_target', 'miller2_SecID'))": 0.2647812,
    "(('miller2_horizontal_0_ac4_av_source', 'Maximum CIDA contribution (project-level)'), ('miller2_horizontal_0_ac4_av_target', 'miller2_MaCIDAContri'))": 0.25925162
  },
  "metrics": {
    "precision": 1.0,
    "recall": 0.45098039215686275,
    "f1_score": 0.6216216216216216,
    "precision_at_10_percent": 1.0,
    "precision_at_20_percent": 1.0,
    "precision_at_30_percent": 1.0,
    "precision_at_40_percent": 1.0,
    "precision_at_50_percent": 1.0,
    "precision_at_60_percent": 1.0,
    "precision_at_70_percent": 1.0,
    "precision_at_80_percent": 1.0,
    "precision_at_90_percent": 1.0,
    "recall_at_sizeof_ground_truth": 0.45098039215686275
  },
  "run_times": {
    "total_time": 830.4488325750008,
    "algorithm_time": 830.4488150960005
  }
}