{
  "name": "miller2_horizontal_50_ac2_av__Coma{'max_n': 0, 'strategy': 'COMA_OPT'}",
  "matches": {
    "(('miller2_horizontal_50_ac2_av_source', 'Section ID'), ('miller2_horizontal_50_ac2_av_target', 'SectID'))": 0.6279989,
    "(('miller2_horizontal_50_ac2_av_source', 'Organisation ID'), ('miller2_horizontal_50_ac2_av_target', 'OrganiID'))": 0.5661319,
    "(('miller2_horizontal_50_ac2_av_source', 'Division ID'), ('miller2_horizontal_50_ac2_av_target', 'DiviID'))": 0.5341479,
    "(('miller2_horizontal_50_ac2_av_source', 'Status'), ('miller2_horizontal_50_ac2_av_target', 'Sta'))": 0.5209345,
    "(('miller2_horizontal_50_ac2_av_source', 'Continent ID'), ('miller2_horizontal_50_ac2_av_target', 'ConID'))": 0.50589,
    "(('miller2_horizontal_50_ac2_av_source', 'Branch ID'), ('miller2_horizontal_50_ac2_av_target', 'BrID'))": 0.503626,
    "(('miller2_horizontal_50_ac2_av_source', 'Branch ID'), ('miller2_horizontal_50_ac2_av_target', 'BraN'))": 0.503626,
    "(('miller2_horizontal_50_ac2_av_source', 'FSTC percent'), ('miller2_horizontal_50_ac2_av_target', 'FSTCPer'))": 0.48151267,
    "(('miller2_horizontal_50_ac2_av_source', 'IRTC percent'), ('miller2_horizontal_50_ac2_av_target', 'IRTCPer'))": 0.48151267,
    "(('miller2_horizontal_50_ac2_av_source', 'Trade development (marker)'), ('miller2_horizontal_50_ac2_av_target', 'TraDevel'))": 0.4627511,
    "(('miller2_horizontal_50_ac2_av_source', 'Sector name'), ('miller2_horizontal_50_ac2_av_target', 'SecPe'))": 0.46269274,
    "(('miller2_horizontal_50_ac2_av_source', 'Organisation class'), ('miller2_horizontal_50_ac2_av_target', 'OrganCla'))": 0.45541763,
    "(('miller2_horizontal_50_ac2_av_source', 'PBA type'), ('miller2_horizontal_50_ac2_av_target', 'PBAT'))": 0.4524724,
    "(('miller2_horizontal_50_ac2_av_source', 'Desertification (marker)'), ('miller2_horizontal_50_ac2_av_target', 'Deserti'))": 0.45226294,
    "(('miller2_horizontal_50_ac2_av_source', 'CFLI (marker)'), ('miller2_horizontal_50_ac2_av_target', 'CFLI'))": 0.45136517,
    "(('miller2_horizontal_50_ac2_av_source', 'CountryRegion ID'), ('miller2_horizontal_50_ac2_av_target', 'CouReID'))": 0.44549698,
    "(('miller2_horizontal_50_ac2_av_source', 'CountryRegion percent'), ('miller2_horizontal_50_ac2_av_target', 'CounRePerc'))": 0.42577046,
    "(('miller2_horizontal_50_ac2_av_source', 'Fund centre ID'), ('miller2_horizontal_50_ac2_av_target', 'FuCeID'))": 0.42235667,
    "(('miller2_horizontal_50_ac2_av_source', 'Enviromental sustainability (marker)'), ('miller2_horizontal_50_ac2_av_target', 'EnvirSustai'))": 0.41807222,
    "(('miller2_horizontal_50_ac2_av_source', 'Project Browser country ID'), ('miller2_horizontal_50_ac2_av_target', 'PrBrowCouID'))": 0.41451693,
    "(('miller2_horizontal_50_ac2_av_source', 'Disability issues (marker)'), ('miller2_horizontal_50_ac2_av_target', 'DisabIs'))": 0.40715307,
    "(('miller2_horizontal_50_ac2_av_source', 'Amount spent'), ('miller2_horizontal_50_ac2_av_target', 'AmoSp'))": 0.39869565,
    "(('miller2_horizontal_50_ac2_av_source', 'Participatory development and good governance'), ('miller2_horizontal_50_ac2_av_target', 'ParticDevelAGGov'))": 0.38824153,
    "(('miller2_horizontal_50_ac2_av_source', 'Programming process (new)'), ('miller2_horizontal_50_ac2_av_target', 'ProgProc'))": 0.38769275,
    "(('miller2_horizontal_50_ac2_av_source', 'Maximum CIDA contribution (project-level)'), ('miller2_horizontal_50_ac2_av_target', 'MaxCIDAContri'))": 0.3848161,
    "(('miller2_horizontal_50_ac2_av_source', 'Regional program (marker)'), ('miller2_horizontal_50_ac2_av_target', 'RegProg'))": 0.38090497,
    "(('miller2_horizontal_50_ac2_av_source', 'Urban issues (marker)'), ('miller2_horizontal_50_ac2_av_target', 'UrbIss'))": 0.37370408,
    "(('miller2_horizontal_50_ac2_av_source', 'Fiscal year'), ('miller2_horizontal_50_ac2_av_target', 'FiYe'))": 0.3594876,
    "(('miller2_horizontal_50_ac2_av_source', 'Climate change adaptation (marker)'), ('miller2_horizontal_50_ac2_av_target', 'ClChaAdapt'))": 0.35712135,
    "(('miller2_horizontal_50_ac2_av_source', 'Climate change mitigation (marker)'), ('miller2_horizontal_50_ac2_av_target', 'ClChaMitig'))": 0.35712135,
    "(('miller2_horizontal_50_ac2_av_source', 'Indigenous issues (marker)'), ('miller2_horizontal_50_ac2_av_target', 'IndIs'))": 0.3532743,
    "(('miller2_horizontal_50_ac2_av_source', 'Biodiversity (marker)'), ('miller2_horizontal_50_ac2_av_target', 'Bio'))": 0.35164154,
    "(('miller2_horizontal_50_ac2_av_source', 'Youth issues (marker)'), ('miller2_horizontal_50_ac2_av_target', 'YoIss'))": 0.3415287,
    "(('miller2_horizontal_50_ac2_av_source', 'Bilateral aid (international marker)'), ('miller2_horizontal_50_ac2_av_target', 'BilAiMar'))": 0.33797824,
    "(('miller2_horizontal_50_ac2_av_source', 'CIDA business delivery model (old)'), ('miller2_horizontal_50_ac2_av_target', 'CIDABusDeMo'))": 0.33114514,
    "(('miller2_horizontal_50_ac2_av_source', 'Gender equality (marker)'), ('miller2_horizontal_50_ac2_av_target', 'GenEq'))": 0.3281836,
    "(('miller2_horizontal_50_ac2_av_source', 'Knowledge for development (marker)'), ('miller2_horizontal_50_ac2_av_target', 'KnoFoDev'))": 0.3122069,
    "(('miller2_horizontal_50_ac2_av_source', 'ICT as a tool for development (marker)'), ('miller2_horizontal_50_ac2_av_target', 'ICTAATFDev'))": 0.29565978,
    "(('miller2_horizontal_50_ac2_av_source', 'Untied amount(Project-level budget)'), ('miller2_horizontal_50_ac2_av_target', 'UnAmoPrBu'))": 0.2893387
  },
  "metrics": {
    "precision": 0.9487179487179487,
    "recall": 0.7254901960784313,
    "f1_score": 0.8222222222222223,
    "precision_at_10_percent": 1.0,
    "precision_at_20_percent": 0.875,
    "precision_at_30_percent": 0.8333333333333334,
    "precision_at_40_percent": 0.875,
    "precision_at_50_percent": 0.9,
    "precision_at_60_percent": 0.9166666666666666,
    "precision_at_70_percent": 0.9285714285714286,
    "precision_at_80_percent": 0.9375,
    "precision_at_90_percent": 0.9444444444444444,
    "recall_at_sizeof_ground_truth": 0.7254901960784313
  },
  "run_times": {
    "total_time": 2.9155787579998105,
    "algorithm_time": 2.915560583999877
  }
}