{
  "name": "miller2_both_50_30_ec_av__Coma{'max_n': 0, 'strategy': 'COMA_OPT'}",
  "matches": {
    "(('miller2_both_50_30_ec_av_source', 'Climate change adaptation (marker)'), ('miller2_both_50_30_ec_av_target', 'Climate change adaptation (marker)'))": 0.902079,
    "(('miller2_both_50_30_ec_av_source', 'Disability issues (marker)'), ('miller2_both_50_30_ec_av_target', 'Disability issues (marker)'))": 0.89692867,
    "(('miller2_both_50_30_ec_av_source', 'Children issues (marker)'), ('miller2_both_50_30_ec_av_target', 'Children issues (marker)'))": 0.8958878,
    "(('miller2_both_50_30_ec_av_source', 'Youth issues (marker)'), ('miller2_both_50_30_ec_av_target', 'Youth issues (marker)'))": 0.8941919,
    "(('miller2_both_50_30_ec_av_source', 'Biodiversity (marker)'), ('miller2_both_50_30_ec_av_target', 'Biodiversity (marker)'))": 0.8941919,
    "(('miller2_both_50_30_ec_av_source', 'Organisation type'), ('miller2_both_50_30_ec_av_target', 'Organisation type'))": 0.8916377,
    "(('miller2_both_50_30_ec_av_source', 'CountryRegion ID'), ('miller2_both_50_30_ec_av_target', 'CountryRegion ID'))": 0.8909389,
    "(('miller2_both_50_30_ec_av_source', 'Fund centre name'), ('miller2_both_50_30_ec_av_target', 'Fund centre name'))": 0.8909389,
    "(('miller2_both_50_30_ec_av_source', 'FSTC percent'), ('miller2_both_50_30_ec_av_target', 'FSTC percent'))": 0.8900149,
    "(('miller2_both_50_30_ec_av_source', 'Amount spent'), ('miller2_both_50_30_ec_av_target', 'Amount spent'))": 0.8878584,
    "(('miller2_both_50_30_ec_av_source', 'Fiscal year'), ('miller2_both_50_30_ec_av_target', 'Fiscal year'))": 0.887008,
    "(('miller2_both_50_30_ec_av_source', 'Branch name'), ('miller2_both_50_30_ec_av_target', 'Branch name'))": 0.887008,
    "(('miller2_both_50_30_ec_av_source', 'Branch ID'), ('miller2_both_50_30_ec_av_target', 'Branch ID'))": 0.88519645,
    "(('miller2_both_50_30_ec_av_source', 'Sector ID'), ('miller2_both_50_30_ec_av_target', 'Sector ID'))": 0.88519645,
    "(('miller2_both_50_30_ec_av_source', 'Status'), ('miller2_both_50_30_ec_av_target', 'Status'))": 0.88216305,
    "(('miller2_both_50_30_ec_av_source', 'Section name'), ('miller2_both_50_30_ec_av_target', 'Sector name'))": 0.69757503,
    "(('miller2_both_50_30_ec_av_source', 'Project number'), ('miller2_both_50_30_ec_av_target', 'Project Browser country ID'))": 0.51400167
  },
  "metrics": {
    "precision": 0.8823529411764706,
    "recall": 1.0,
    "f1_score": 0.9375,
    "precision_at_10_percent": 1.0,
    "precision_at_20_percent": 1.0,
    "precision_at_30_percent": 1.0,
    "precision_at_40_percent": 1.0,
    "precision_at_50_percent": 1.0,
    "precision_at_60_percent": 1.0,
    "precision_at_70_percent": 1.0,
    "precision_at_80_percent": 1.0,
    "precision_at_90_percent": 0.9375,
    "recall_at_sizeof_ground_truth": 1.0
  },
  "run_times": {
    "total_time": 1.7559481489988684,
    "algorithm_time": 1.7559340629995859
  }
}