{
  "name": "miller2_vertical_30_ac5_ev__Coma{'max_n': 0, 'strategy': 'COMA_OPT'}",
  "matches": {
    "(('miller2_vertical_30_ac5_ev_source', 'FSTC percent'), ('miller2_vertical_30_ac5_ev_target', 'miller2_fstcprcnt'))": 0.31403932,
    "(('miller2_vertical_30_ac5_ev_source', 'Untied amount(Project-level budget)'), ('miller2_vertical_30_ac5_ev_target', 'miller2_ntdmnt(prjct-lvlbdgt)'))": 0.26804554,
    "(('miller2_vertical_30_ac5_ev_source', 'Maximum CIDA contribution (project-level)'), ('miller2_vertical_30_ac5_ev_target', 'miller2_mxmmcdcntrbtn(prjct-lvl)'))": 0.23873629,
    "(('miller2_vertical_30_ac5_ev_source', 'CFLI (marker)'), ('miller2_vertical_30_ac5_ev_target', 'miller2_thsss(mrkr)'))": 0.2322289
  },
  "metrics": {
    "precision": 0.75,
    "recall": 0.2,
    "f1_score": 0.31578947368421056,
    "precision_at_10_percent": 1.0,
    "precision_at_20_percent": 1.0,
    "precision_at_30_percent": 1.0,
    "precision_at_40_percent": 1.0,
    "precision_at_50_percent": 1.0,
    "precision_at_60_percent": 1.0,
    "precision_at_70_percent": 1.0,
    "precision_at_80_percent": 0.75,
    "precision_at_90_percent": 0.75,
    "recall_at_sizeof_ground_truth": 0.2
  },
  "run_times": {
    "total_time": 2.715986216906458,
    "algorithm_time": 2.715962936170399
  }
}