{
  "name": "miller2_both_0_70_ec_ev__Coma{'max_n': 0, 'strategy': 'COMA_OPT'}",
  "matches": {
    "(('miller2_both_0_70_ec_ev_source', 'Participatory development and good governance'), ('miller2_both_0_70_ec_ev_target', 'Participatory development and good governance'))": 0.9538665,
    "(('miller2_both_0_70_ec_ev_source', 'Maximum CIDA contribution (project-level)'), ('miller2_both_0_70_ec_ev_target', 'Maximum CIDA contribution (project-level)'))": 0.9532089,
    "(('miller2_both_0_70_ec_ev_source', 'Untied amount(Project-level budget)'), ('miller2_both_0_70_ec_ev_target', 'Untied amount(Project-level budget)'))": 0.95220447,
    "(('miller2_both_0_70_ec_ev_source', 'ICT as a tool for development (marker)'), ('miller2_both_0_70_ec_ev_target', 'ICT as a tool for development (marker)'))": 0.95215595,
    "(('miller2_both_0_70_ec_ev_source', 'Enviromental sustainability (marker)'), ('miller2_both_0_70_ec_ev_target', 'Enviromental sustainability (marker)'))": 0.95140517,
    "(('miller2_both_0_70_ec_ev_source', 'Knowledge for development (marker)'), ('miller2_both_0_70_ec_ev_target', 'Knowledge for development (marker)'))": 0.9506115,
    "(('miller2_both_0_70_ec_ev_source', 'Project Browser country ID'), ('miller2_both_0_70_ec_ev_target', 'Project Browser country ID'))": 0.9469249,
    "(('miller2_both_0_70_ec_ev_source', 'Trade development (marker)'), ('miller2_both_0_70_ec_ev_target', 'Trade development (marker)'))": 0.9469249,
    "(('miller2_both_0_70_ec_ev_source', 'Indigenous issues (marker)'), ('miller2_both_0_70_ec_ev_target', 'Indigenous issues (marker)'))": 0.9469249,
    "(('miller2_both_0_70_ec_ev_source', 'Regional program (marker)'), ('miller2_both_0_70_ec_ev_target', 'Regional program (marker)'))": 0.946396,
    "(('miller2_both_0_70_ec_ev_source', 'Gender equality (marker)'), ('miller2_both_0_70_ec_ev_target', 'Gender equality (marker)'))": 0.94584966,
    "(('miller2_both_0_70_ec_ev_source', 'Children issues (marker)'), ('miller2_both_0_70_ec_ev_target', 'Children issues (marker)'))": 0.94584966,
    "(('miller2_both_0_70_ec_ev_source', 'Programming process (new)'), ('miller2_both_0_70_ec_ev_target', 'Programming process (new)'))": 0.9452846,
    "(('miller2_both_0_70_ec_ev_source', 'Biodiversity (marker)'), ('miller2_both_0_70_ec_ev_target', 'Biodiversity (marker)'))": 0.94409525,
    "(('miller2_both_0_70_ec_ev_source', 'Youth issues (marker)'), ('miller2_both_0_70_ec_ev_target', 'Youth issues (marker)'))": 0.94409525,
    "(('miller2_both_0_70_ec_ev_source', 'Urban issues (marker)'), ('miller2_both_0_70_ec_ev_target', 'Urban issues (marker)'))": 0.94409525,
    "(('miller2_both_0_70_ec_ev_source', 'Organisation class'), ('miller2_both_0_70_ec_ev_target', 'Organisation class'))": 0.94214594,
    "(('miller2_both_0_70_ec_ev_source', 'Sector percent'), ('miller2_both_0_70_ec_ev_target', 'Sector percent'))": 0.9413042,
    "(('miller2_both_0_70_ec_ev_source', 'Fund centre name'), ('miller2_both_0_70_ec_ev_target', 'Fund centre name'))": 0.9407214,
    "(('miller2_both_0_70_ec_ev_source', 'CountryRegion ID'), ('miller2_both_0_70_ec_ev_target', 'CountryRegion ID'))": 0.9407214,
    "(('miller2_both_0_70_ec_ev_source', 'IRTC percent'), ('miller2_both_0_70_ec_ev_target', 'IRTC percent'))": 0.9397093,
    "(('miller2_both_0_70_ec_ev_source', 'FSTC percent'), ('miller2_both_0_70_ec_ev_target', 'FSTC percent'))": 0.9397093,
    "(('miller2_both_0_70_ec_ev_source', 'Project number'), ('miller2_both_0_70_ec_ev_target', 'Project number'))": 0.9391829,
    "(('miller2_both_0_70_ec_ev_source', 'Fund centre ID'), ('miller2_both_0_70_ec_ev_target', 'Fund centre ID'))": 0.9391829,
    "(('miller2_both_0_70_ec_ev_source', 'Continent name'), ('miller2_both_0_70_ec_ev_target', 'Continent name'))": 0.9391829,
    "(('miller2_both_0_70_ec_ev_source', 'CFLI (marker)'), ('miller2_both_0_70_ec_ev_target', 'CFLI (marker)'))": 0.93836665,
    "(('miller2_both_0_70_ec_ev_source', 'Section name'), ('miller2_both_0_70_ec_ev_target', 'Section name'))": 0.9375162,
    "(('miller2_both_0_70_ec_ev_source', 'Amount spent'), ('miller2_both_0_70_ec_ev_target', 'Amount spent'))": 0.9375162,
    "(('miller2_both_0_70_ec_ev_source', 'Fiscal year'), ('miller2_both_0_70_ec_ev_target', 'Fiscal year'))": 0.9366298,
    "(('miller2_both_0_70_ec_ev_source', 'Sector name'), ('miller2_both_0_70_ec_ev_target', 'Sector name'))": 0.9366298,
    "(('miller2_both_0_70_ec_ev_source', 'Division ID'), ('miller2_both_0_70_ec_ev_target', 'Division ID'))": 0.9366298,
    "(('miller2_both_0_70_ec_ev_source', 'Section ID'), ('miller2_both_0_70_ec_ev_target', 'Section ID'))": 0.9357047,
    "(('miller2_both_0_70_ec_ev_source', 'Sector ID'), ('miller2_both_0_70_ec_ev_target', 'Sector ID'))": 0.9347385,
    "(('miller2_both_0_70_ec_ev_source', 'Branch ID'), ('miller2_both_0_70_ec_ev_target', 'Branch ID'))": 0.9347385,
    "(('miller2_both_0_70_ec_ev_source', 'Status'), ('miller2_both_0_70_ec_ev_target', 'Status'))": 0.93156385
  },
  "metrics": {
    "precision": 1.0,
    "recall": 1.0,
    "f1_score": 1.0,
    "precision_at_10_percent": 1.0,
    "precision_at_20_percent": 1.0,
    "precision_at_30_percent": 1.0,
    "precision_at_40_percent": 1.0,
    "precision_at_50_percent": 1.0,
    "precision_at_60_percent": 1.0,
    "precision_at_70_percent": 1.0,
    "precision_at_80_percent": 1.0,
    "precision_at_90_percent": 1.0,
    "recall_at_sizeof_ground_truth": 1.0
  },
  "run_times": {
    "total_time": 3.9899737732484937,
    "algorithm_time": 3.9899542974308133
  }
}