{
  "name": "miller2_both_50_50_ac4_ev__Coma{'max_n': 0, 'strategy': 'COMA_OPT'}",
  "matches": {
    "(('miller2_both_50_50_ac4_ev_source', 'Organisation ID'), ('miller2_both_50_50_ac4_ev_target', 'miller2_OrganID'))": 0.38667762,
    "(('miller2_both_50_50_ac4_ev_source', 'Continent ID'), ('miller2_both_50_50_ac4_ev_target', 'miller2_ContiID'))": 0.37166536,
    "(('miller2_both_50_50_ac4_ev_source', 'CountryRegion ID'), ('miller2_both_50_50_ac4_ev_target', 'miller2_CounRegID'))": 0.36716086,
    "(('miller2_both_50_50_ac4_ev_source', 'Trade development (marker)'), ('miller2_both_50_50_ac4_ev_target', 'miller2_TraDevelo'))": 0.3432315,
    "(('miller2_both_50_50_ac4_ev_source', 'Enviromental sustainability (marker)'), ('miller2_both_50_50_ac4_ev_target', 'miller2_EnviSustain'))": 0.29747194,
    "(('miller2_both_50_50_ac4_ev_source', 'Fund centre ID'), ('miller2_both_50_50_ac4_ev_target', 'miller2_FCenID'))": 0.2916565,
    "(('miller2_both_50_50_ac4_ev_source', 'Branch ID'), ('miller2_both_50_50_ac4_ev_target', 'miller2_BrID'))": 0.2869367,
    "(('miller2_both_50_50_ac4_ev_source', 'Branch ID'), ('miller2_both_50_50_ac4_ev_target', 'miller2_SeID'))": 0.28499871,
    "(('miller2_both_50_50_ac4_ev_source', 'PBA type'), ('miller2_both_50_50_ac4_ev_target', 'miller2_AmSpe'))": 0.28499871,
    "(('miller2_both_50_50_ac4_ev_source', 'Biodiversity (marker)'), ('miller2_both_50_50_ac4_ev_target', 'miller2_Biodi'))": 0.26879454,
    "(('miller2_both_50_50_ac4_ev_source', 'CFLI (marker)'), ('miller2_both_50_50_ac4_ev_target', 'miller2_CFLI'))": 0.26663822,
    "(('miller2_both_50_50_ac4_ev_source', 'FSTC percent'), ('miller2_both_50_50_ac4_ev_target', 'miller2_SePerc'))": 0.26433936,
    "(('miller2_both_50_50_ac4_ev_source', 'IRTC percent'), ('miller2_both_50_50_ac4_ev_target', 'miller2_SePerc'))": 0.26433936,
    "(('miller2_both_50_50_ac4_ev_source', 'Maximum CIDA contribution (project-level)'), ('miller2_both_50_50_ac4_ev_target', 'miller2_MaCIDAContr'))": 0.26008204,
    "(('miller2_both_50_50_ac4_ev_source', 'Project number'), ('miller2_both_50_50_ac4_ev_target', 'miller2_ProjNu'))": 0.25508735,
    "(('miller2_both_50_50_ac4_ev_source', 'Climate change mitigation (marker)'), ('miller2_both_50_50_ac4_ev_target', 'miller2_CliChMitig'))": 0.24651274,
    "(('miller2_both_50_50_ac4_ev_source', 'CIDA business delivery model (old)'), ('miller2_both_50_50_ac4_ev_target', 'miller2_CIDABusiDeMo'))": 0.23875958
  },
  "metrics": {
    "precision": 0.7647058823529411,
    "recall": 0.52,
    "f1_score": 0.6190476190476191,
    "precision_at_10_percent": 1.0,
    "precision_at_20_percent": 1.0,
    "precision_at_30_percent": 1.0,
    "precision_at_40_percent": 1.0,
    "precision_at_50_percent": 0.7777777777777778,
    "precision_at_60_percent": 0.8181818181818182,
    "precision_at_70_percent": 0.75,
    "precision_at_80_percent": 0.7142857142857143,
    "precision_at_90_percent": 0.75,
    "recall_at_sizeof_ground_truth": 0.52
  },
  "run_times": {
    "total_time": 2.422466177958995,
    "algorithm_time": 2.4224400906823575
  }
}