{
  "name": "miller2_both_0_30_ac4_av__Coma{'max_n': 0, 'strategy': 'COMA_OPT_INST'}",
  "matches": {
    "(('miller2_both_0_30_ac4_av_source', 'Desertification (marker)'), ('miller2_both_0_30_ac4_av_target', 'miller2_Deser'))": 0.40057808,
    "(('miller2_both_0_30_ac4_av_source', 'ICT as a tool for development (marker)'), ('miller2_both_0_30_ac4_av_target', 'miller2_KnoFoDevelo'))": 0.37910527,
    "(('miller2_both_0_30_ac4_av_source', 'Indigenous issues (marker)'), ('miller2_both_0_30_ac4_av_target', 'miller2_IndiIs'))": 0.37132102,
    "(('miller2_both_0_30_ac4_av_source', 'Regional program (marker)'), ('miller2_both_0_30_ac4_av_target', 'miller2_RegiProg'))": 0.36518854,
    "(('miller2_both_0_30_ac4_av_source', 'CountryRegion ID'), ('miller2_both_0_30_ac4_av_target', 'miller2_CouRegID'))": 0.35033634,
    "(('miller2_both_0_30_ac4_av_source', 'CFLI (marker)'), ('miller2_both_0_30_ac4_av_target', 'miller2_Biodiv'))": 0.34339517,
    "(('miller2_both_0_30_ac4_av_source', 'CFLI (marker)'), ('miller2_both_0_30_ac4_av_target', 'miller2_DisaIs'))": 0.34214097,
    "(('miller2_both_0_30_ac4_av_source', 'FSTC percent'), ('miller2_both_0_30_ac4_av_target', 'miller2_SePerc'))": 0.3194118,
    "(('miller2_both_0_30_ac4_av_source', 'Division ID'), ('miller2_both_0_30_ac4_av_target', 'miller2_DiviID'))": 0.27616638,
    "(('miller2_both_0_30_ac4_av_source', 'Organisation name'), ('miller2_both_0_30_ac4_av_target', 'miller2_OrganID'))": 0.24113512,
    "(('miller2_both_0_30_ac4_av_source', 'Organisation name'), ('miller2_both_0_30_ac4_av_target', 'miller2_OrganiT'))": 0.24113512,
    "(('miller2_both_0_30_ac4_av_source', 'Branch ID'), ('miller2_both_0_30_ac4_av_target', 'miller2_SeID'))": 0.2230777,
    "(('miller2_both_0_30_ac4_av_source', 'Branch name'), ('miller2_both_0_30_ac4_av_target', 'miller2_ContiN'))": 0.20468235,
    "(('miller2_both_0_30_ac4_av_source', 'Maximum CIDA contribution (project-level)'), ('miller2_both_0_30_ac4_av_target', 'miller2_UnAmProjBud'))": 0.18869624
  },
  "metrics": {
    "precision": 0.35714285714285715,
    "recall": 0.3333333333333333,
    "f1_score": 0.3448275862068965,
    "precision_at_10_percent": 0.5,
    "precision_at_20_percent": 0.6666666666666666,
    "precision_at_30_percent": 0.8,
    "precision_at_40_percent": 0.6666666666666666,
    "precision_at_50_percent": 0.5714285714285714,
    "precision_at_60_percent": 0.5555555555555556,
    "precision_at_70_percent": 0.5,
    "precision_at_80_percent": 0.4166666666666667,
    "precision_at_90_percent": 0.38461538461538464,
    "recall_at_sizeof_ground_truth": 0.3333333333333333
  },
  "run_times": {
    "total_time": 312.291999735,
    "algorithm_time": 312.2919852809973
  }
}