{
  "name": "miller2_vertical_30_ac2_av__Coma{'max_n': 0, 'strategy': 'COMA_OPT_INST'}",
  "matches": {
    "(('miller2_vertical_30_ac2_av_source', 'Continent ID'), ('miller2_vertical_30_ac2_av_target', 'ContID'))": 0.65828705,
    "(('miller2_vertical_30_ac2_av_source', 'Desertification (marker)'), ('miller2_vertical_30_ac2_av_target', 'Deserti'))": 0.5445109,
    "(('miller2_vertical_30_ac2_av_source', 'Regional program (marker)'), ('miller2_vertical_30_ac2_av_target', 'RegiProg'))": 0.5095975,
    "(('miller2_vertical_30_ac2_av_source', 'Biodiversity (marker)'), ('miller2_vertical_30_ac2_av_target', 'Biod'))": 0.49349824,
    "(('miller2_vertical_30_ac2_av_source', 'Indigenous issues (marker)'), ('miller2_vertical_30_ac2_av_target', 'IndIss'))": 0.48848915,
    "(('miller2_vertical_30_ac2_av_source', 'Participatory development and good governance'), ('miller2_vertical_30_ac2_av_target', 'ParticDevAnGoGov'))": 0.46138954,
    "(('miller2_vertical_30_ac2_av_source', 'Knowledge for development (marker)'), ('miller2_vertical_30_ac2_av_target', 'KnowFDev'))": 0.45403153,
    "(('miller2_vertical_30_ac2_av_source', 'Continent name'), ('miller2_vertical_30_ac2_av_target', 'ContiN'))": 0.44839877,
    "(('miller2_vertical_30_ac2_av_source', 'Climate change adaptation (marker)'), ('miller2_vertical_30_ac2_av_target', 'ClimChaMiti'))": 0.44024974,
    "(('miller2_vertical_30_ac2_av_source', 'Organisation class'), ('miller2_vertical_30_ac2_av_target', 'OrganiS'))": 0.41812062,
    "(('miller2_vertical_30_ac2_av_source', 'CFLI (marker)'), ('miller2_vertical_30_ac2_av_target', 'ChiIs'))": 0.41140532,
    "(('miller2_vertical_30_ac2_av_source', 'Branch ID'), ('miller2_vertical_30_ac2_av_target', 'BraNa'))": 0.3749977,
    "(('miller2_vertical_30_ac2_av_source', 'Section ID'), ('miller2_vertical_30_ac2_av_target', 'SeID'))": 0.3749977,
    "(('miller2_vertical_30_ac2_av_source', 'FSTC percent'), ('miller2_vertical_30_ac2_av_target', 'SePer'))": 0.3589518,
    "(('miller2_vertical_30_ac2_av_source', 'Amount spent'), ('miller2_vertical_30_ac2_av_target', 'AmoSp'))": 0.30276424,
    "(('miller2_vertical_30_ac2_av_source', 'Project number'), ('miller2_vertical_30_ac2_av_target', 'ProjBroCoID'))": 0.29224184,
    "(('miller2_vertical_30_ac2_av_source', 'Fiscal year'), ('miller2_vertical_30_ac2_av_target', 'FiYe'))": 0.27273482
  },
  "metrics": {
    "precision": 0.5882352941176471,
    "recall": 0.6666666666666666,
    "f1_score": 0.625,
    "precision_at_10_percent": 1.0,
    "precision_at_20_percent": 1.0,
    "precision_at_30_percent": 1.0,
    "precision_at_40_percent": 1.0,
    "precision_at_50_percent": 0.8888888888888888,
    "precision_at_60_percent": 0.7272727272727273,
    "precision_at_70_percent": 0.6666666666666666,
    "precision_at_80_percent": 0.5714285714285714,
    "precision_at_90_percent": 0.5625,
    "recall_at_sizeof_ground_truth": 0.6
  },
  "run_times": {
    "total_time": 996.6343158199998,
    "algorithm_time": 996.6342190309997
  }
}