{
  "name": "miller2_both_50_70_ac5_ev__Coma{'max_n': 0, 'strategy': 'COMA_OPT_INST'}",
  "matches": {
    "(('miller2_both_50_70_ac5_ev_source', 'CFLI (marker)'), ('miller2_both_50_70_ac5_ev_target', 'miller2_cfl(mrkr)'))": 0.41715002,
    "(('miller2_both_50_70_ac5_ev_source', 'FSTC percent'), ('miller2_both_50_70_ac5_ev_target', 'miller2_fstcprcnt'))": 0.41152534,
    "(('miller2_both_50_70_ac5_ev_source', 'Status'), ('miller2_both_50_70_ac5_ev_target', 'miller2_stts'))": 0.39312065,
    "(('miller2_both_50_70_ac5_ev_source', 'Children issues (marker)'), ('miller2_both_50_70_ac5_ev_target', 'miller2_chldrnsss(mrkr)'))": 0.37512234,
    "(('miller2_both_50_70_ac5_ev_source', 'Fiscal year'), ('miller2_both_50_70_ac5_ev_target', 'miller2_fsclr'))": 0.37489277,
    "(('miller2_both_50_70_ac5_ev_source', 'Sector percent'), ('miller2_both_50_70_ac5_ev_target', 'miller2_sctrprcnt'))": 0.36597607,
    "(('miller2_both_50_70_ac5_ev_source', 'Youth issues (marker)'), ('miller2_both_50_70_ac5_ev_target', 'miller2_gndrqlt(mrkr)'))": 0.36405867,
    "(('miller2_both_50_70_ac5_ev_source', 'Programming process (new)'), ('miller2_both_50_70_ac5_ev_target', 'miller2_prgrmmngprcss(nw)'))": 0.35393518,
    "(('miller2_both_50_70_ac5_ev_source', 'Organisation class'), ('miller2_both_50_70_ac5_ev_target', 'miller2_rgnstnclss'))": 0.33084294,
    "(('miller2_both_50_70_ac5_ev_source', 'Continent name'), ('miller2_both_50_70_ac5_ev_target', 'miller2_cntnntnm'))": 0.32752913,
    "(('miller2_both_50_70_ac5_ev_source', 'Organisation type'), ('miller2_both_50_70_ac5_ev_target', 'miller2_rgnstntp'))": 0.32299414,
    "(('miller2_both_50_70_ac5_ev_source', 'CIDA business delivery model (old)'), ('miller2_both_50_70_ac5_ev_target', 'miller2_cdbsnssdlvrmdl(ld)'))": 0.3091818,
    "(('miller2_both_50_70_ac5_ev_source', 'Sector ID'), ('miller2_both_50_70_ac5_ev_target', 'miller2_sctrd'))": 0.29756582,
    "(('miller2_both_50_70_ac5_ev_source', 'Sector name'), ('miller2_both_50_70_ac5_ev_target', 'miller2_sctrnm'))": 0.29129133,
    "(('miller2_both_50_70_ac5_ev_source', 'Project Browser country ID'), ('miller2_both_50_70_ac5_ev_target', 'miller2_prjctbrwsrcntrd'))": 0.28906423,
    "(('miller2_both_50_70_ac5_ev_source', 'CountryRegion name'), ('miller2_both_50_70_ac5_ev_target', 'miller2_cntrrgnnm'))": 0.24956095,
    "(('miller2_both_50_70_ac5_ev_source', 'Untied amount(Project-level budget)'), ('miller2_both_50_70_ac5_ev_target', 'miller2_ntdmnt(prjct-lvlbdgt)'))": 0.2465221,
    "(('miller2_both_50_70_ac5_ev_source', 'Branch ID'), ('miller2_both_50_70_ac5_ev_target', 'miller2_brnchd'))": 0.21270366,
    "(('miller2_both_50_70_ac5_ev_source', 'Organisation name'), ('miller2_both_50_70_ac5_ev_target', 'miller2_rgnstnnm'))": 0.20839277,
    "(('miller2_both_50_70_ac5_ev_source', 'Organisation ID'), ('miller2_both_50_70_ac5_ev_target', 'miller2_rgnstnd'))": 0.20619121,
    "(('miller2_both_50_70_ac5_ev_source', 'Amount spent'), ('miller2_both_50_70_ac5_ev_target', 'miller2_mntspnt'))": 0.20544136
  },
  "metrics": {
    "precision": 0.9523809523809523,
    "recall": 0.5714285714285714,
    "f1_score": 0.7142857142857142,
    "precision_at_10_percent": 1.0,
    "precision_at_20_percent": 1.0,
    "precision_at_30_percent": 0.8571428571428571,
    "precision_at_40_percent": 0.8888888888888888,
    "precision_at_50_percent": 0.9090909090909091,
    "precision_at_60_percent": 0.9230769230769231,
    "precision_at_70_percent": 0.9333333333333333,
    "precision_at_80_percent": 0.9411764705882353,
    "precision_at_90_percent": 0.9473684210526315,
    "recall_at_sizeof_ground_truth": 0.5714285714285714
  },
  "run_times": {
    "total_time": 375.0136771257967,
    "algorithm_time": 375.01364907668903
  }
}