{
  "name": "miller2_vertical_70_ac1_ev__Coma{'max_n': 0, 'strategy': 'COMA_OPT'}",
  "matches": {
    "(('miller2_vertical_70_ac1_ev_source', 'Untied amount(Project-level budget)'), ('miller2_vertical_70_ac1_ev_target', 'miller2_UntiedAmount(Project-levelBudget)'))": 0.6936585,
    "(('miller2_vertical_70_ac1_ev_source', 'Organisation sub-class'), ('miller2_vertical_70_ac1_ev_target', 'miller2_OrganisationSub-class'))": 0.67932564,
    "(('miller2_vertical_70_ac1_ev_source', 'CountryRegion percent'), ('miller2_vertical_70_ac1_ev_target', 'miller2_CountryRegionPercent'))": 0.67430675,
    "(('miller2_vertical_70_ac1_ev_source', 'Biodiversity (marker)'), ('miller2_vertical_70_ac1_ev_target', 'miller2_Biodiversity(marker)'))": 0.6717857,
    "(('miller2_vertical_70_ac1_ev_source', 'Bilateral aid (international marker)'), ('miller2_vertical_70_ac1_ev_target', 'miller2_BilateralAid(internationalMarker)'))": 0.65979826,
    "(('miller2_vertical_70_ac1_ev_source', 'Climate change mitigation (marker)'), ('miller2_vertical_70_ac1_ev_target', 'miller2_ClimateChangeMitigation(marker)'))": 0.6538038,
    "(('miller2_vertical_70_ac1_ev_source', 'Climate change adaptation (marker)'), ('miller2_vertical_70_ac1_ev_target', 'miller2_ClimateChangeAdaptation(marker)'))": 0.6503316,
    "(('miller2_vertical_70_ac1_ev_source', 'Indigenous issues (marker)'), ('miller2_vertical_70_ac1_ev_target', 'miller2_IndigenousIssues(marker)'))": 0.6495724,
    "(('miller2_vertical_70_ac1_ev_source', 'Trade development (marker)'), ('miller2_vertical_70_ac1_ev_target', 'miller2_TradeDevelopment(marker)'))": 0.6495724,
    "(('miller2_vertical_70_ac1_ev_source', 'Organisation class'), ('miller2_vertical_70_ac1_ev_target', 'miller2_OrganisationClass'))": 0.6494852,
    "(('miller2_vertical_70_ac1_ev_source', 'CountryRegion name'), ('miller2_vertical_70_ac1_ev_target', 'miller2_CountryRegionName'))": 0.6494852,
    "(('miller2_vertical_70_ac1_ev_source', 'Knowledge for development (marker)'), ('miller2_vertical_70_ac1_ev_target', 'miller2_KnowledgeForDevelopment(marker)'))": 0.6490146,
    "(('miller2_vertical_70_ac1_ev_source', 'Regional program (marker)'), ('miller2_vertical_70_ac1_ev_target', 'miller2_RegionalProgram(marker)'))": 0.642757,
    "(('miller2_vertical_70_ac1_ev_source', 'Organisation type'), ('miller2_vertical_70_ac1_ev_target', 'miller2_OrganisationType'))": 0.64048547,
    "(('miller2_vertical_70_ac1_ev_source', 'Organisation name'), ('miller2_vertical_70_ac1_ev_target', 'miller2_OrganisationName'))": 0.64048547,
    "(('miller2_vertical_70_ac1_ev_source', 'Programming process (new)'), ('miller2_vertical_70_ac1_ev_target', 'miller2_ProgrammingProcess(new)'))": 0.63702893,
    "(('miller2_vertical_70_ac1_ev_source', 'Gender equality (marker)'), ('miller2_vertical_70_ac1_ev_target', 'miller2_GenderEquality(marker)'))": 0.6355051,
    "(('miller2_vertical_70_ac1_ev_source', 'Children issues (marker)'), ('miller2_vertical_70_ac1_ev_target', 'miller2_ChildrenIssues(marker)'))": 0.6355051,
    "(('miller2_vertical_70_ac1_ev_source', 'Organisation ID'), ('miller2_vertical_70_ac1_ev_target', 'miller2_OrganisationID'))": 0.62002754,
    "(('miller2_vertical_70_ac1_ev_source', 'Urban issues (marker)'), ('miller2_vertical_70_ac1_ev_target', 'miller2_UrbanIssues(marker)'))": 0.61064565,
    "(('miller2_vertical_70_ac1_ev_source', 'CIDA business delivery model (old)'), ('miller2_vertical_70_ac1_ev_target', 'miller2_CIDABusinessDeliveryModel(old)'))": 0.59703934,
    "(('miller2_vertical_70_ac1_ev_source', 'Project Browser country ID'), ('miller2_vertical_70_ac1_ev_target', 'miller2_ProjectBrowserCountryID'))": 0.59554315,
    "(('miller2_vertical_70_ac1_ev_source', 'Division name'), ('miller2_vertical_70_ac1_ev_target', 'miller2_DivisionName'))": 0.59543055,
    "(('miller2_vertical_70_ac1_ev_source', 'CFLI (marker)'), ('miller2_vertical_70_ac1_ev_target', 'miller2_CFLI(marker)'))": 0.59543055,
    "(('miller2_vertical_70_ac1_ev_source', 'Status'), ('miller2_vertical_70_ac1_ev_target', 'miller2_Status'))": 0.59120584,
    "(('miller2_vertical_70_ac1_ev_source', 'Continent ID'), ('miller2_vertical_70_ac1_ev_target', 'miller2_ContinentID'))": 0.59056646,
    "(('miller2_vertical_70_ac1_ev_source', 'FSTC percent'), ('miller2_vertical_70_ac1_ev_target', 'miller2_FSTCPercent'))": 0.58300346,
    "(('miller2_vertical_70_ac1_ev_source', 'IRTC percent'), ('miller2_vertical_70_ac1_ev_target', 'miller2_IRTCPercent'))": 0.58300346,
    "(('miller2_vertical_70_ac1_ev_source', 'Section name'), ('miller2_vertical_70_ac1_ev_target', 'miller2_SectionName'))": 0.5811474,
    "(('miller2_vertical_70_ac1_ev_source', 'Division ID'), ('miller2_vertical_70_ac1_ev_target', 'miller2_DivisionID'))": 0.5728029,
    "(('miller2_vertical_70_ac1_ev_source', 'Branch name'), ('miller2_vertical_70_ac1_ev_target', 'miller2_BranchName'))": 0.56522715,
    "(('miller2_vertical_70_ac1_ev_source', 'Sector name'), ('miller2_vertical_70_ac1_ev_target', 'miller2_SectorName'))": 0.56522715,
    "(('miller2_vertical_70_ac1_ev_source', 'Fiscal year'), ('miller2_vertical_70_ac1_ev_target', 'miller2_FiscalYear'))": 0.563977,
    "(('miller2_vertical_70_ac1_ev_source', 'Fund centre name'), ('miller2_vertical_70_ac1_ev_target', 'miller2_FundCentreName'))": 0.5545975,
    "(('miller2_vertical_70_ac1_ev_source', 'PBA type'), ('miller2_vertical_70_ac1_ev_target', 'miller2_PBAType'))": 0.5040798
  },
  "metrics": {
    "precision": 1.0,
    "recall": 1.0,
    "f1_score": 1.0,
    "precision_at_10_percent": 1.0,
    "precision_at_20_percent": 1.0,
    "precision_at_30_percent": 1.0,
    "precision_at_40_percent": 1.0,
    "precision_at_50_percent": 1.0,
    "precision_at_60_percent": 1.0,
    "precision_at_70_percent": 1.0,
    "precision_at_80_percent": 1.0,
    "precision_at_90_percent": 1.0,
    "recall_at_sizeof_ground_truth": 1.0
  },
  "run_times": {
    "total_time": 2.517092861700803,
    "algorithm_time": 2.51707329088822
  }
}