{
  "name": "miller2_both_0_1_ac5_ev__Coma{'max_n': 0, 'strategy': 'COMA_OPT_INST'}",
  "matches": {
    "(('miller2_both_0_1_ac5_ev_source', 'CFLI (marker)'), ('miller2_both_0_1_ac5_ev_target', 'miller2_thsss(mrkr)'))": 0.37869018,
    "(('miller2_both_0_1_ac5_ev_source', 'CFLI (marker)'), ('miller2_both_0_1_ac5_ev_target', 'miller2_bdvrst(mrkr)'))": 0.377489,
    "(('miller2_both_0_1_ac5_ev_source', 'CFLI (marker)'), ('miller2_both_0_1_ac5_ev_target', 'miller2_rbnsss(mrkr)'))": 0.37629336,
    "(('miller2_both_0_1_ac5_ev_source', 'Fiscal year'), ('miller2_both_0_1_ac5_ev_target', 'miller2_fsclr'))": 0.36889428,
    "(('miller2_both_0_1_ac5_ev_source', 'FSTC percent'), ('miller2_both_0_1_ac5_ev_target', 'miller2_sctrprcnt'))": 0.3005675,
    "(('miller2_both_0_1_ac5_ev_source', 'Fund centre name'), ('miller2_both_0_1_ac5_ev_target', 'miller2_cntrrgnnm'))": 0.22044173
  },
  "metrics": {
    "precision": 0.16666666666666666,
    "recall": 1.0,
    "f1_score": 0.2857142857142857,
    "precision_at_10_percent": 0.0,
    "precision_at_20_percent": 0.0,
    "precision_at_30_percent": 0.0,
    "precision_at_40_percent": 0.0,
    "precision_at_50_percent": 0.0,
    "precision_at_60_percent": 0.25,
    "precision_at_70_percent": 0.2,
    "precision_at_80_percent": 0.2,
    "precision_at_90_percent": 0.16666666666666666,
    "recall_at_sizeof_ground_truth": 0.0
  },
  "run_times": {
    "total_time": 297.79519132198766,
    "algorithm_time": 297.79514980781823
  }
}