{
  "name": "miller2_both_50_1_ac5_av__Coma{'max_n': 0, 'strategy': 'COMA_OPT_INST'}",
  "matches": {
    "(('miller2_both_50_1_ac5_av_source', 'CFLI (marker)'), ('miller2_both_50_1_ac5_av_target', 'miller2_thsss(mrkr)'))": 0.38032284,
    "(('miller2_both_50_1_ac5_av_source', 'CFLI (marker)'), ('miller2_both_50_1_ac5_av_target', 'miller2_bdvrst(mrkr)'))": 0.37912166,
    "(('miller2_both_50_1_ac5_av_source', 'CFLI (marker)'), ('miller2_both_50_1_ac5_av_target', 'miller2_rbnsss(mrkr)'))": 0.37793353,
    "(('miller2_both_50_1_ac5_av_source', 'FSTC percent'), ('miller2_both_50_1_ac5_av_target', 'miller2_sctrprcnt'))": 0.30216324,
    "(('miller2_both_50_1_ac5_av_source', 'Fund centre name'), ('miller2_both_50_1_ac5_av_target', 'miller2_cntrrgnnm'))": 0.22215863
  },
  "metrics": {
    "precision": 0.0,
    "recall": 0.0,
    "f1_score": 0,
    "precision_at_10_percent": 0.0,
    "precision_at_20_percent": 0.0,
    "precision_at_30_percent": 0.0,
    "precision_at_40_percent": 0.0,
    "precision_at_50_percent": 0.0,
    "precision_at_60_percent": 0.0,
    "precision_at_70_percent": 0.0,
    "precision_at_80_percent": 0.0,
    "precision_at_90_percent": 0.0,
    "recall_at_sizeof_ground_truth": 0.0
  },
  "run_times": {
    "total_time": 190.5517128499996,
    "algorithm_time": 190.55169719100013
  }
}