{
  "name": "miller2_horizontal_0_ac3_ev__Coma{'max_n': 0, 'strategy': 'COMA_OPT'}",
  "matches": {
    "(('miller2_horizontal_0_ac3_ev_source', 'FSTC percent'), ('miller2_horizontal_0_ac3_ev_target', 'fstcprcnt'))": 0.46513212,
    "(('miller2_horizontal_0_ac3_ev_source', 'Branch ID'), ('miller2_horizontal_0_ac3_ev_target', 'brnchd'))": 0.43460578,
    "(('miller2_horizontal_0_ac3_ev_source', 'CFLI (marker)'), ('miller2_horizontal_0_ac3_ev_target', 'cfl(mrkr)'))": 0.40900844,
    "(('miller2_horizontal_0_ac3_ev_source', 'Status'), ('miller2_horizontal_0_ac3_ev_target', 'stts'))": 0.39513212,
    "(('miller2_horizontal_0_ac3_ev_source', 'PBA type'), ('miller2_horizontal_0_ac3_ev_target', 'pbtp'))": 0.3523785,
    "(('miller2_horizontal_0_ac3_ev_source', 'IRTC percent'), ('miller2_horizontal_0_ac3_ev_target', 'rtcprcnt'))": 0.34184927,
    "(('miller2_horizontal_0_ac3_ev_source', 'Sector ID'), ('miller2_horizontal_0_ac3_ev_target', 'sctnd'))": 0.32645598,
    "(('miller2_horizontal_0_ac3_ev_source', 'Sector ID'), ('miller2_horizontal_0_ac3_ev_target', 'sctrd'))": 0.32645598,
    "(('miller2_horizontal_0_ac3_ev_source', 'Fund centre ID'), ('miller2_horizontal_0_ac3_ev_target', 'fndcntrd'))": 0.32228142,
    "(('miller2_horizontal_0_ac3_ev_source', 'Sector percent'), ('miller2_horizontal_0_ac3_ev_target', 'sctrprcnt'))": 0.31800792,
    "(('miller2_horizontal_0_ac3_ev_source', 'Project number'), ('miller2_horizontal_0_ac3_ev_target', 'prjctnmbr'))": 0.3164374,
    "(('miller2_horizontal_0_ac3_ev_source', 'Fiscal year'), ('miller2_horizontal_0_ac3_ev_target', 'fsclr'))": 0.31179878,
    "(('miller2_horizontal_0_ac3_ev_source', 'CountryRegion ID'), ('miller2_horizontal_0_ac3_ev_target', 'cntrrgnd'))": 0.3109288,
    "(('miller2_horizontal_0_ac3_ev_source', 'CountryRegion percent'), ('miller2_horizontal_0_ac3_ev_target', 'cntrrgnprcnt'))": 0.30939636,
    "(('miller2_horizontal_0_ac3_ev_source', 'Children issues (marker)'), ('miller2_horizontal_0_ac3_ev_target', 'chldrnsss(mrkr)'))": 0.30847,
    "(('miller2_horizontal_0_ac3_ev_source', 'Untied amount(Project-level budget)'), ('miller2_horizontal_0_ac3_ev_target', 'ntdmnt(prjct-lvlbdgt)'))": 0.30822062,
    "(('miller2_horizontal_0_ac3_ev_source', 'Organisation sub-class'), ('miller2_horizontal_0_ac3_ev_target', 'rgnstnsb-clss'))": 0.2998701,
    "(('miller2_horizontal_0_ac3_ev_source', 'Amount spent'), ('miller2_horizontal_0_ac3_ev_target', 'mntspnt'))": 0.2987553,
    "(('miller2_horizontal_0_ac3_ev_source', 'Continent ID'), ('miller2_horizontal_0_ac3_ev_target', 'cntnntd'))": 0.29535392,
    "(('miller2_horizontal_0_ac3_ev_source', 'Programming process (new)'), ('miller2_horizontal_0_ac3_ev_target', 'prgrmmngprcss(nw)'))": 0.27568763,
    "(('miller2_horizontal_0_ac3_ev_source', 'Maximum CIDA contribution (project-level)'), ('miller2_horizontal_0_ac3_ev_target', 'mxmmcdcntrbtn(prjct-lvl)'))": 0.27505362,
    "(('miller2_horizontal_0_ac3_ev_source', 'Project Browser country ID'), ('miller2_horizontal_0_ac3_ev_target', 'prjctbrwsrcntrd'))": 0.27451685,
    "(('miller2_horizontal_0_ac3_ev_source', 'Biodiversity (marker)'), ('miller2_horizontal_0_ac3_ev_target', 'bdvrst(mrkr)'))": 0.2722309,
    "(('miller2_horizontal_0_ac3_ev_source', 'Trade development (marker)'), ('miller2_horizontal_0_ac3_ev_target', 'trddvlpmnt(mrkr)'))": 0.27143288,
    "(('miller2_horizontal_0_ac3_ev_source', 'CIDA business delivery model (old)'), ('miller2_horizontal_0_ac3_ev_target', 'cdbsnssdlvrmdl(ld)'))": 0.24763036
  },
  "metrics": {
    "precision": 0.96,
    "recall": 0.47058823529411764,
    "f1_score": 0.631578947368421,
    "precision_at_10_percent": 1.0,
    "precision_at_20_percent": 1.0,
    "precision_at_30_percent": 0.875,
    "precision_at_40_percent": 0.9,
    "precision_at_50_percent": 0.9230769230769231,
    "precision_at_60_percent": 0.9333333333333333,
    "precision_at_70_percent": 0.9444444444444444,
    "precision_at_80_percent": 0.95,
    "precision_at_90_percent": 0.9565217391304348,
    "recall_at_sizeof_ground_truth": 0.47058823529411764
  },
  "run_times": {
    "total_time": 3.401314700000057,
    "algorithm_time": 3.401295344999994
  }
}