{
  "name": "miller2_both_50_70_ec_av__Coma{'max_n': 0, 'strategy': 'COMA_OPT_INST'}",
  "matches": {
    "(('miller2_both_50_70_ec_av_source', 'Participatory development and good governance'), ('miller2_both_50_70_ec_av_target', 'Participatory development and good governance'))": 0.96389276,
    "(('miller2_both_50_70_ec_av_source', 'ICT as a tool for development (marker)'), ('miller2_both_50_70_ec_av_target', 'ICT as a tool for development (marker)'))": 0.96315944,
    "(('miller2_both_50_70_ec_av_source', 'Knowledge for development (marker)'), ('miller2_both_50_70_ec_av_target', 'Knowledge for development (marker)'))": 0.9621576,
    "(('miller2_both_50_70_ec_av_source', 'Gender equality (marker)'), ('miller2_both_50_70_ec_av_target', 'Gender equality (marker)'))": 0.9584633,
    "(('miller2_both_50_70_ec_av_source', 'Children issues (marker)'), ('miller2_both_50_70_ec_av_target', 'Children issues (marker)'))": 0.9584633,
    "(('miller2_both_50_70_ec_av_source', 'Biodiversity (marker)'), ('miller2_both_50_70_ec_av_target', 'Biodiversity (marker)'))": 0.9562066,
    "(('miller2_both_50_70_ec_av_source', 'CFLI (marker)'), ('miller2_both_50_70_ec_av_target', 'CFLI (marker)'))": 0.95259285,
    "(('miller2_both_50_70_ec_av_source', 'Continent ID'), ('miller2_both_50_70_ec_av_target', 'Continent ID'))": 0.9425398,
    "(('miller2_both_50_70_ec_av_source', 'Bilateral aid (international marker)'), ('miller2_both_50_70_ec_av_target', 'Bilateral aid (international marker)'))": 0.91635764,
    "(('miller2_both_50_70_ec_av_source', 'Regional program (marker)'), ('miller2_both_50_70_ec_av_target', 'Regional program (marker)'))": 0.91128635,
    "(('miller2_both_50_70_ec_av_source', 'Project Browser country ID'), ('miller2_both_50_70_ec_av_target', 'Project Browser country ID'))": 0.89530814,
    "(('miller2_both_50_70_ec_av_source', 'Sector ID'), ('miller2_both_50_70_ec_av_target', 'Sector ID'))": 0.86761016,
    "(('miller2_both_50_70_ec_av_source', 'Branch ID'), ('miller2_both_50_70_ec_av_target', 'Branch ID'))": 0.8510102,
    "(('miller2_both_50_70_ec_av_source', 'CountryRegion ID'), ('miller2_both_50_70_ec_av_target', 'CountryRegion ID'))": 0.8334831,
    "(('miller2_both_50_70_ec_av_source', 'Organisation sub-class'), ('miller2_both_50_70_ec_av_target', 'Organisation sub-class'))": 0.80913126,
    "(('miller2_both_50_70_ec_av_source', 'Organisation ID'), ('miller2_both_50_70_ec_av_target', 'Organisation ID'))": 0.79792356,
    "(('miller2_both_50_70_ec_av_source', 'Maximum CIDA contribution (project-level)'), ('miller2_both_50_70_ec_av_target', 'Maximum CIDA contribution (project-level)'))": 0.76418,
    "(('miller2_both_50_70_ec_av_source', 'Untied amount(Project-level budget)'), ('miller2_both_50_70_ec_av_target', 'Untied amount(Project-level budget)'))": 0.76341623,
    "(('miller2_both_50_70_ec_av_source', 'CIDA business delivery model (old)'), ('miller2_both_50_70_ec_av_target', 'CIDA business delivery model (old)'))": 0.7618357,
    "(('miller2_both_50_70_ec_av_source', 'CountryRegion name'), ('miller2_both_50_70_ec_av_target', 'CountryRegion name'))": 0.75890195,
    "(('miller2_both_50_70_ec_av_source', 'Programming process (new)'), ('miller2_both_50_70_ec_av_target', 'Programming process (new)'))": 0.7580262,
    "(('miller2_both_50_70_ec_av_source', 'Organisation class'), ('miller2_both_50_70_ec_av_target', 'Organisation class'))": 0.75560194,
    "(('miller2_both_50_70_ec_av_source', 'Sector percent'), ('miller2_both_50_70_ec_av_target', 'Sector percent'))": 0.75498986,
    "(('miller2_both_50_70_ec_av_source', 'Fund centre name'), ('miller2_both_50_70_ec_av_target', 'Fund centre name'))": 0.75450414,
    "(('miller2_both_50_70_ec_av_source', 'FSTC percent'), ('miller2_both_50_70_ec_av_target', 'FSTC percent'))": 0.753765,
    "(('miller2_both_50_70_ec_av_source', 'IRTC percent'), ('miller2_both_50_70_ec_av_target', 'IRTC percent'))": 0.753765,
    "(('miller2_both_50_70_ec_av_source', 'Project number'), ('miller2_both_50_70_ec_av_target', 'Project number'))": 0.7533203,
    "(('miller2_both_50_70_ec_av_source', 'Amount spent'), ('miller2_both_50_70_ec_av_target', 'Amount spent'))": 0.7520398,
    "(('miller2_both_50_70_ec_av_source', 'Section name'), ('miller2_both_50_70_ec_av_target', 'Section name'))": 0.7520398,
    "(('miller2_both_50_70_ec_av_source', 'Fiscal year'), ('miller2_both_50_70_ec_av_target', 'Fiscal year'))": 0.75135946,
    "(('miller2_both_50_70_ec_av_source', 'Branch name'), ('miller2_both_50_70_ec_av_target', 'Branch name'))": 0.75135946,
    "(('miller2_both_50_70_ec_av_source', 'Sector name'), ('miller2_both_50_70_ec_av_target', 'Sector name'))": 0.75135946,
    "(('miller2_both_50_70_ec_av_source', 'Section ID'), ('miller2_both_50_70_ec_av_target', 'Section ID'))": 0.7506503,
    "(('miller2_both_50_70_ec_av_source', 'PBA type'), ('miller2_both_50_70_ec_av_target', 'PBA type'))": 0.7491373,
    "(('miller2_both_50_70_ec_av_source', 'Status'), ('miller2_both_50_70_ec_av_target', 'Status'))": 0.7474835
  },
  "metrics": {
    "precision": 1.0,
    "recall": 1.0,
    "f1_score": 1.0,
    "precision_at_10_percent": 1.0,
    "precision_at_20_percent": 1.0,
    "precision_at_30_percent": 1.0,
    "precision_at_40_percent": 1.0,
    "precision_at_50_percent": 1.0,
    "precision_at_60_percent": 1.0,
    "precision_at_70_percent": 1.0,
    "precision_at_80_percent": 1.0,
    "precision_at_90_percent": 1.0,
    "recall_at_sizeof_ground_truth": 1.0
  },
  "run_times": {
    "total_time": 1567.757699787,
    "algorithm_time": 1567.757685274
  }
}