{
  "name": "miller2_horizontal_50_ac4_av__Coma{'max_n': 0, 'strategy': 'COMA_OPT_INST'}",
  "matches": {
    "(('miller2_horizontal_50_ac4_av_source', 'Sector name'), ('miller2_horizontal_50_ac4_av_target', 'Sector name'))": 0.75898415,
    "(('miller2_horizontal_50_ac4_av_source', 'Continent ID'), ('miller2_horizontal_50_ac4_av_target', 'miller2_ContID'))": 0.5085102,
    "(('miller2_horizontal_50_ac4_av_source', 'Desertification (marker)'), ('miller2_horizontal_50_ac4_av_target', 'miller2_Desertif'))": 0.48050222,
    "(('miller2_horizontal_50_ac4_av_source', 'Participatory development and good governance'), ('miller2_horizontal_50_ac4_av_target', 'miller2_ParticDeveloAGoGover'))": 0.47421694,
    "(('miller2_horizontal_50_ac4_av_source', 'FSTC percent'), ('miller2_horizontal_50_ac4_av_target', 'miller2_FSTCPerc'))": 0.44168267,
    "(('miller2_horizontal_50_ac4_av_source', 'CFLI (marker)'), ('miller2_horizontal_50_ac4_av_target', 'miller2_CFLI'))": 0.43040267,
    "(('miller2_horizontal_50_ac4_av_source', 'IRTC percent'), ('miller2_horizontal_50_ac4_av_target', 'miller2_IRTCPe'))": 0.42866358,
    "(('miller2_horizontal_50_ac4_av_source', 'Enviromental sustainability (marker)'), ('miller2_horizontal_50_ac4_av_target', 'miller2_EnvSustai'))": 0.4270877,
    "(('miller2_horizontal_50_ac4_av_source', 'Status'), ('miller2_horizontal_50_ac4_av_target', 'miller2_St'))": 0.42191252,
    "(('miller2_horizontal_50_ac4_av_source', 'Organisation sub-class'), ('miller2_horizontal_50_ac4_av_target', 'miller2_OrganiS'))": 0.42049164,
    "(('miller2_horizontal_50_ac4_av_source', 'Programming process (new)'), ('miller2_horizontal_50_ac4_av_target', 'miller2_ProgrPro'))": 0.41929778,
    "(('miller2_horizontal_50_ac4_av_source', 'Knowledge for development (marker)'), ('miller2_horizontal_50_ac4_av_target', 'miller2_KnowFoDeve'))": 0.41031966,
    "(('miller2_horizontal_50_ac4_av_source', 'Trade development (marker)'), ('miller2_horizontal_50_ac4_av_target', 'miller2_TraDevel'))": 0.4071382,
    "(('miller2_horizontal_50_ac4_av_source', 'Organisation type'), ('miller2_horizontal_50_ac4_av_target', 'miller2_OrgaTy'))": 0.40559205,
    "(('miller2_horizontal_50_ac4_av_source', 'Urban issues (marker)'), ('miller2_horizontal_50_ac4_av_target', 'miller2_UrbIss'))": 0.40422496,
    "(('miller2_horizontal_50_ac4_av_source', 'Sector percent'), ('miller2_horizontal_50_ac4_av_target', 'miller2_SecPer'))": 0.40031567,
    "(('miller2_horizontal_50_ac4_av_source', 'Climate change mitigation (marker)'), ('miller2_horizontal_50_ac4_av_target', 'miller2_ClChMitig'))": 0.39859894,
    "(('miller2_horizontal_50_ac4_av_source', 'Climate change mitigation (marker)'), ('miller2_horizontal_50_ac4_av_target', 'miller2_ClimChAda'))": 0.39829892,
    "(('miller2_horizontal_50_ac4_av_source', 'PBA type'), ('miller2_horizontal_50_ac4_av_target', 'miller2_PBATy'))": 0.3981927,
    "(('miller2_horizontal_50_ac4_av_source', 'Children issues (marker)'), ('miller2_horizontal_50_ac4_av_target', 'miller2_ChilIs'))": 0.3980703,
    "(('miller2_horizontal_50_ac4_av_source', 'Project Browser country ID'), ('miller2_horizontal_50_ac4_av_target', 'miller2_ProBroCounID'))": 0.39727905,
    "(('miller2_horizontal_50_ac4_av_source', 'Indigenous issues (marker)'), ('miller2_horizontal_50_ac4_av_target', 'miller2_IndIs'))": 0.395747,
    "(('miller2_horizontal_50_ac4_av_source', 'Disability issues (marker)'), ('miller2_horizontal_50_ac4_av_target', 'miller2_DisaIs'))": 0.39428186,
    "(('miller2_horizontal_50_ac4_av_source', 'Organisation class'), ('miller2_horizontal_50_ac4_av_target', 'miller2_OrganCl'))": 0.38918206,
    "(('miller2_horizontal_50_ac4_av_source', 'Continent name'), ('miller2_horizontal_50_ac4_av_target', 'miller2_ConNa'))": 0.38639504,
    "(('miller2_horizontal_50_ac4_av_source', 'Biodiversity (marker)'), ('miller2_horizontal_50_ac4_av_target', 'miller2_Bio'))": 0.3842213,
    "(('miller2_horizontal_50_ac4_av_source', 'Youth issues (marker)'), ('miller2_horizontal_50_ac4_av_target', 'miller2_YouIs'))": 0.38052946,
    "(('miller2_horizontal_50_ac4_av_source', 'Gender equality (marker)'), ('miller2_horizontal_50_ac4_av_target', 'miller2_GenEq'))": 0.3770032,
    "(('miller2_horizontal_50_ac4_av_source', 'CountryRegion ID'), ('miller2_horizontal_50_ac4_av_target', 'miller2_CouRegID'))": 0.37150767,
    "(('miller2_horizontal_50_ac4_av_source', 'Fiscal year'), ('miller2_horizontal_50_ac4_av_target', 'miller2_FiY'))": 0.37128907,
    "(('miller2_horizontal_50_ac4_av_source', 'Organisation ID'), ('miller2_horizontal_50_ac4_av_target', 'miller2_OrganID'))": 0.36924952,
    "(('miller2_horizontal_50_ac4_av_source', 'CIDA business delivery model (old)'), ('miller2_horizontal_50_ac4_av_target', 'miller2_CIDABusDelMo'))": 0.36164507,
    "(('miller2_horizontal_50_ac4_av_source', 'CountryRegion percent'), ('miller2_horizontal_50_ac4_av_target', 'miller2_CouRegPerc'))": 0.35362464,
    "(('miller2_horizontal_50_ac4_av_source', 'Division ID'), ('miller2_horizontal_50_ac4_av_target', 'miller2_DivID'))": 0.3031954,
    "(('miller2_horizontal_50_ac4_av_source', 'Branch ID'), ('miller2_horizontal_50_ac4_av_target', 'miller2_BraID'))": 0.27584165,
    "(('miller2_horizontal_50_ac4_av_source', 'Maximum CIDA contribution (project-level)'), ('miller2_horizontal_50_ac4_av_target', 'miller2_MaCIDAContri'))": 0.27047843,
    "(('miller2_horizontal_50_ac4_av_source', 'Project number'), ('miller2_horizontal_50_ac4_av_target', 'miller2_ProNum'))": 0.22432856
  },
  "metrics": {
    "precision": 0.972972972972973,
    "recall": 0.7058823529411765,
    "f1_score": 0.8181818181818183,
    "precision_at_10_percent": 1.0,
    "precision_at_20_percent": 1.0,
    "precision_at_30_percent": 1.0,
    "precision_at_40_percent": 1.0,
    "precision_at_50_percent": 0.9473684210526315,
    "precision_at_60_percent": 0.9565217391304348,
    "precision_at_70_percent": 0.9615384615384616,
    "precision_at_80_percent": 0.9666666666666667,
    "precision_at_90_percent": 0.9705882352941176,
    "recall_at_sizeof_ground_truth": 0.7058823529411765
  },
  "run_times": {
    "total_time": 3948.8929943369994,
    "algorithm_time": 3948.8929733979994
  }
}