{
  "name": "miller2_both_0_1_ac4_av__Coma{'max_n': 0, 'strategy': 'COMA_OPT'}",
  "matches": {
    "(('miller2_both_0_1_ac4_av_source', 'Section ID'), ('miller2_both_0_1_ac4_av_target', 'miller2_SecID'))": 0.30230033,
    "(('miller2_both_0_1_ac4_av_source', 'PBA type'), ('miller2_both_0_1_ac4_av_target', 'miller2_AmSpe'))": 0.26931655,
    "(('miller2_both_0_1_ac4_av_source', 'FSTC percent'), ('miller2_both_0_1_ac4_av_target', 'miller2_SecPerc'))": 0.24477473,
    "(('miller2_both_0_1_ac4_av_source', 'IRTC percent'), ('miller2_both_0_1_ac4_av_target', 'miller2_SecPerc'))": 0.24477473
  },
  "metrics": {
    "precision": 0.0,
    "recall": 0.0,
    "f1_score": 0,
    "precision_at_10_percent": 0.0,
    "precision_at_20_percent": 0.0,
    "precision_at_30_percent": 0.0,
    "precision_at_40_percent": 0.0,
    "precision_at_50_percent": 0.0,
    "precision_at_60_percent": 0.0,
    "precision_at_70_percent": 0.0,
    "precision_at_80_percent": 0.0,
    "precision_at_90_percent": 0.0,
    "recall_at_sizeof_ground_truth": 0.0
  },
  "run_times": {
    "total_time": 1.485614450997673,
    "algorithm_time": 1.4856011449992366
  }
}