{
  "name": "miller2_both_50_30_ac2_ev__Coma{'max_n': 0, 'strategy': 'COMA_OPT_INST'}",
  "matches": {
    "(('miller2_both_50_30_ac2_ev_source', 'Desertification (marker)'), ('miller2_both_50_30_ac2_ev_target', 'Deserti'))": 0.54095197,
    "(('miller2_both_50_30_ac2_ev_source', 'Fiscal year'), ('miller2_both_50_30_ac2_ev_target', 'FisY'))": 0.51299036,
    "(('miller2_both_50_30_ac2_ev_source', 'Biodiversity (marker)'), ('miller2_both_50_30_ac2_ev_target', 'Biodi'))": 0.5122559,
    "(('miller2_both_50_30_ac2_ev_source', 'Organisation sub-class'), ('miller2_both_50_30_ac2_ev_target', 'OrganiS'))": 0.50971985,
    "(('miller2_both_50_30_ac2_ev_source', 'Programming process (new)'), ('miller2_both_50_30_ac2_ev_target', 'ProgrPro'))": 0.48922482,
    "(('miller2_both_50_30_ac2_ev_source', 'Indigenous issues (marker)'), ('miller2_both_50_30_ac2_ev_target', 'IndiIss'))": 0.47921982,
    "(('miller2_both_50_30_ac2_ev_source', 'Organisation ID'), ('miller2_both_50_30_ac2_ev_target', 'OrganiID'))": 0.4769024,
    "(('miller2_both_50_30_ac2_ev_source', 'Sector name'), ('miller2_both_50_30_ac2_ev_target', 'SecNa'))": 0.45399332,
    "(('miller2_both_50_30_ac2_ev_source', 'Participatory development and good governance'), ('miller2_both_50_30_ac2_ev_target', 'ICTAAToFoDevelo'))": 0.41561946,
    "(('miller2_both_50_30_ac2_ev_source', 'CIDA business delivery model (old)'), ('miller2_both_50_30_ac2_ev_target', 'CIDABuDeliMo'))": 0.41396672,
    "(('miller2_both_50_30_ac2_ev_source', 'CFLI (marker)'), ('miller2_both_50_30_ac2_ev_target', 'ChIs'))": 0.41203722,
    "(('miller2_both_50_30_ac2_ev_source', 'CountryRegion name'), ('miller2_both_50_30_ac2_ev_target', 'CounRegNa'))": 0.40187296,
    "(('miller2_both_50_30_ac2_ev_source', 'Section ID'), ('miller2_both_50_30_ac2_ev_target', 'SeID'))": 0.37041083,
    "(('miller2_both_50_30_ac2_ev_source', 'FSTC percent'), ('miller2_both_50_30_ac2_ev_target', 'CouRePerc'))": 0.3534108,
    "(('miller2_both_50_30_ac2_ev_source', 'Project number'), ('miller2_both_50_30_ac2_ev_target', 'ProjBroCoID'))": 0.2874883,
    "(('miller2_both_50_30_ac2_ev_source', 'Fund centre ID'), ('miller2_both_50_30_ac2_ev_target', 'FCeID'))": 0.28528494,
    "(('miller2_both_50_30_ac2_ev_source', 'Untied amount(Project-level budget)'), ('miller2_both_50_30_ac2_ev_target', 'UntAmPrBu'))": 0.24314776
  },
  "metrics": {
    "precision": 0.7058823529411765,
    "recall": 0.8,
    "f1_score": 0.7500000000000001,
    "precision_at_10_percent": 1.0,
    "precision_at_20_percent": 1.0,
    "precision_at_30_percent": 1.0,
    "precision_at_40_percent": 1.0,
    "precision_at_50_percent": 0.8888888888888888,
    "precision_at_60_percent": 0.8181818181818182,
    "precision_at_70_percent": 0.8333333333333334,
    "precision_at_80_percent": 0.7142857142857143,
    "precision_at_90_percent": 0.6875,
    "recall_at_sizeof_ground_truth": 0.6666666666666666
  },
  "run_times": {
    "total_time": 361.42192146508023,
    "algorithm_time": 361.42189844185486
  }
}