{
  "name": "miller2_both_50_1_ac3_av__Coma{'max_n': 0, 'strategy': 'COMA_OPT_INST'}",
  "matches": {
    "(('miller2_both_50_1_ac3_av_source', 'CFLI (marker)'), ('miller2_both_50_1_ac3_av_target', 'chldrnsss(mrkr)'))": 0.4170204,
    "(('miller2_both_50_1_ac3_av_source', 'FSTC percent'), ('miller2_both_50_1_ac3_av_target', 'sctrprcnt'))": 0.33003289,
    "(('miller2_both_50_1_ac3_av_source', 'Section ID'), ('miller2_both_50_1_ac3_av_target', 'sctrd'))": 0.24012093,
    "(('miller2_both_50_1_ac3_av_source', 'Fund centre name'), ('miller2_both_50_1_ac3_av_target', 'cntrrgnnm'))": 0.23958488,
    "(('miller2_both_50_1_ac3_av_source', 'Fiscal year'), ('miller2_both_50_1_ac3_av_target', 'fsclr'))": 0.23446222,
    "(('miller2_both_50_1_ac3_av_source', 'IRTC percent'), ('miller2_both_50_1_ac3_av_target', 'mntspnt'))": 0.22557333,
    "(('miller2_both_50_1_ac3_av_source', 'Fund centre ID'), ('miller2_both_50_1_ac3_av_target', 'cntrrgnd'))": 0.21211179,
    "(('miller2_both_50_1_ac3_av_source', 'Division name'), ('miller2_both_50_1_ac3_av_target', 'cntnntnm'))": 0.20606336,
    "(('miller2_both_50_1_ac3_av_source', 'Branch name'), ('miller2_both_50_1_ac3_av_target', 'cntnntnm'))": 0.20532481,
    "(('miller2_both_50_1_ac3_av_source', 'Project number'), ('miller2_both_50_1_ac3_av_target', 'rgnstntp'))": 0.20377846
  },
  "metrics": {
    "precision": 0.1,
    "recall": 1.0,
    "f1_score": 0.18181818181818182,
    "precision_at_10_percent": 0.0,
    "precision_at_20_percent": 0.0,
    "precision_at_30_percent": 0.0,
    "precision_at_40_percent": 0.0,
    "precision_at_50_percent": 0.2,
    "precision_at_60_percent": 0.16666666666666666,
    "precision_at_70_percent": 0.14285714285714285,
    "precision_at_80_percent": 0.125,
    "precision_at_90_percent": 0.1111111111111111,
    "recall_at_sizeof_ground_truth": 0.0
  },
  "run_times": {
    "total_time": 186.7582545180012,
    "algorithm_time": 186.758239281
  }
}