{
  "name": "miller2_both_50_50_ec_ev__Coma{'max_n': 0, 'strategy': 'COMA_OPT_INST'}",
  "matches": {
    "(('miller2_both_50_50_ec_ev_source', 'Climate change mitigation (marker)'), ('miller2_both_50_50_ec_ev_target', 'Climate change mitigation (marker)'))": 0.9458076,
    "(('miller2_both_50_50_ec_ev_source', 'ICT as a tool for development (marker)'), ('miller2_both_50_50_ec_ev_target', 'ICT as a tool for development (marker)'))": 0.9455875,
    "(('miller2_both_50_50_ec_ev_source', 'Indigenous issues (marker)'), ('miller2_both_50_50_ec_ev_target', 'Indigenous issues (marker)'))": 0.9410758,
    "(('miller2_both_50_50_ec_ev_source', 'Gender equality (marker)'), ('miller2_both_50_50_ec_ev_target', 'Gender equality (marker)'))": 0.9405867,
    "(('miller2_both_50_50_ec_ev_source', 'Children issues (marker)'), ('miller2_both_50_50_ec_ev_target', 'Children issues (marker)'))": 0.9405867,
    "(('miller2_both_50_50_ec_ev_source', 'Urban issues (marker)'), ('miller2_both_50_50_ec_ev_target', 'Urban issues (marker)'))": 0.93913394,
    "(('miller2_both_50_50_ec_ev_source', 'IRTC percent'), ('miller2_both_50_50_ec_ev_target', 'IRTC percent'))": 0.9354472,
    "(('miller2_both_50_50_ec_ev_source', 'Fiscal year'), ('miller2_both_50_50_ec_ev_target', 'Fiscal year'))": 0.9329227,
    "(('miller2_both_50_50_ec_ev_source', 'Organisation type'), ('miller2_both_50_50_ec_ev_target', 'Organisation type'))": 0.9286399,
    "(('miller2_both_50_50_ec_ev_source', 'Continent name'), ('miller2_both_50_50_ec_ev_target', 'Continent name'))": 0.92555225,
    "(('miller2_both_50_50_ec_ev_source', 'Bilateral aid (international marker)'), ('miller2_both_50_50_ec_ev_target', 'Bilateral aid (international marker)'))": 0.8987169,
    "(('miller2_both_50_50_ec_ev_source', 'CIDA business delivery model (old)'), ('miller2_both_50_50_ec_ev_target', 'CIDA business delivery model (old)'))": 0.8973759,
    "(('miller2_both_50_50_ec_ev_source', 'FSTC percent'), ('miller2_both_50_50_ec_ev_target', 'FSTC percent'))": 0.8966473,
    "(('miller2_both_50_50_ec_ev_source', 'CountryRegion percent'), ('miller2_both_50_50_ec_ev_target', 'CountryRegion percent'))": 0.8307783,
    "(('miller2_both_50_50_ec_ev_source', 'Organisation name'), ('miller2_both_50_50_ec_ev_target', 'Organisation name'))": 0.81238586,
    "(('miller2_both_50_50_ec_ev_source', 'Organisation ID'), ('miller2_both_50_50_ec_ev_target', 'Organisation ID'))": 0.77970535,
    "(('miller2_both_50_50_ec_ev_source', 'Untied amount(Project-level budget)'), ('miller2_both_50_50_ec_ev_target', 'Untied amount(Project-level budget)'))": 0.7788075,
    "(('miller2_both_50_50_ec_ev_source', 'Trade development (marker)'), ('miller2_both_50_50_ec_ev_target', 'Knowledge for development (marker)'))": 0.77052075,
    "(('miller2_both_50_50_ec_ev_source', 'Amount spent'), ('miller2_both_50_50_ec_ev_target', 'Amount spent'))": 0.73966277,
    "(('miller2_both_50_50_ec_ev_source', 'Section name'), ('miller2_both_50_50_ec_ev_target', 'Section name'))": 0.7388116,
    "(('miller2_both_50_50_ec_ev_source', 'Project number'), ('miller2_both_50_50_ec_ev_target', 'Project number'))": 0.7350523,
    "(('miller2_both_50_50_ec_ev_source', 'Fund centre ID'), ('miller2_both_50_50_ec_ev_target', 'Fund centre ID'))": 0.7350523,
    "(('miller2_both_50_50_ec_ev_source', 'Division name'), ('miller2_both_50_50_ec_ev_target', 'Division name'))": 0.734372,
    "(('miller2_both_50_50_ec_ev_source', 'Branch name'), ('miller2_both_50_50_ec_ev_target', 'Branch name'))": 0.73292273,
    "(('miller2_both_50_50_ec_ev_source', 'Division ID'), ('miller2_both_50_50_ec_ev_target', 'Division ID'))": 0.73292273,
    "(('miller2_both_50_50_ec_ev_source', 'Branch ID'), ('miller2_both_50_50_ec_ev_target', 'Branch ID'))": 0.7313417,
    "(('miller2_both_50_50_ec_ev_source', 'CFLI (marker)'), ('miller2_both_50_50_ec_ev_target', 'Biodiversity (marker)'))": 0.69179446,
    "(('miller2_both_50_50_ec_ev_source', 'Section ID'), ('miller2_both_50_50_ec_ev_target', 'Sector ID'))": 0.55500376
  },
  "metrics": {
    "precision": 0.8928571428571429,
    "recall": 1.0,
    "f1_score": 0.9433962264150945,
    "precision_at_10_percent": 1.0,
    "precision_at_20_percent": 1.0,
    "precision_at_30_percent": 1.0,
    "precision_at_40_percent": 1.0,
    "precision_at_50_percent": 1.0,
    "precision_at_60_percent": 1.0,
    "precision_at_70_percent": 0.95,
    "precision_at_80_percent": 0.9565217391304348,
    "precision_at_90_percent": 0.9615384615384616,
    "recall_at_sizeof_ground_truth": 0.96
  },
  "run_times": {
    "total_time": 269.0117137366906,
    "algorithm_time": 269.0116869630292
  }
}