{
  "name": "miller2_both_0_70_ac4_ev__Coma{'max_n': 0, 'strategy': 'COMA_OPT_INST'}",
  "matches": {
    "(('miller2_both_0_70_ac4_ev_source', 'Continent ID'), ('miller2_both_0_70_ac4_ev_target', 'miller2_ContID'))": 0.49454325,
    "(('miller2_both_0_70_ac4_ev_source', 'Participatory development and good governance'), ('miller2_both_0_70_ac4_ev_target', 'miller2_ParticiDeveloAnGGov'))": 0.44773746,
    "(('miller2_both_0_70_ac4_ev_source', 'Organisation type'), ('miller2_both_0_70_ac4_ev_target', 'miller2_OrganiT'))": 0.43927163,
    "(('miller2_both_0_70_ac4_ev_source', 'Desertification (marker)'), ('miller2_both_0_70_ac4_ev_target', 'miller2_Desert'))": 0.42692962,
    "(('miller2_both_0_70_ac4_ev_source', 'Disability issues (marker)'), ('miller2_both_0_70_ac4_ev_target', 'miller2_DisabIs'))": 0.41882673,
    "(('miller2_both_0_70_ac4_ev_source', 'CFLI (marker)'), ('miller2_both_0_70_ac4_ev_target', 'miller2_CFLI'))": 0.41438907,
    "(('miller2_both_0_70_ac4_ev_source', 'IRTC percent'), ('miller2_both_0_70_ac4_ev_target', 'miller2_IRTCPe'))": 0.41265002,
    "(('miller2_both_0_70_ac4_ev_source', 'Knowledge for development (marker)'), ('miller2_both_0_70_ac4_ev_target', 'miller2_KnowFDevel'))": 0.41171297,
    "(('miller2_both_0_70_ac4_ev_source', 'Trade development (marker)'), ('miller2_both_0_70_ac4_ev_target', 'miller2_TraDevelo'))": 0.40885943,
    "(('miller2_both_0_70_ac4_ev_source', 'Organisation sub-class'), ('miller2_both_0_70_ac4_ev_target', 'miller2_OrganiS'))": 0.40511146,
    "(('miller2_both_0_70_ac4_ev_source', 'Climate change mitigation (marker)'), ('miller2_both_0_70_ac4_ev_target', 'miller2_ClimChMiti'))": 0.39835167,
    "(('miller2_both_0_70_ac4_ev_source', 'Project Browser country ID'), ('miller2_both_0_70_ac4_ev_target', 'miller2_ProjBrowCoID'))": 0.38159472,
    "(('miller2_both_0_70_ac4_ev_source', 'Indigenous issues (marker)'), ('miller2_both_0_70_ac4_ev_target', 'miller2_IndiIs'))": 0.3773592,
    "(('miller2_both_0_70_ac4_ev_source', 'FSTC percent'), ('miller2_both_0_70_ac4_ev_target', 'miller2_FSTCPe'))": 0.37385002,
    "(('miller2_both_0_70_ac4_ev_source', 'Youth issues (marker)'), ('miller2_both_0_70_ac4_ev_target', 'miller2_YoIss'))": 0.36386257,
    "(('miller2_both_0_70_ac4_ev_source', 'Gender equality (marker)'), ('miller2_both_0_70_ac4_ev_target', 'miller2_GenEq'))": 0.36027282,
    "(('miller2_both_0_70_ac4_ev_source', 'Children issues (marker)'), ('miller2_both_0_70_ac4_ev_target', 'miller2_ChiIs'))": 0.36027282,
    "(('miller2_both_0_70_ac4_ev_source', 'Sector percent'), ('miller2_both_0_70_ac4_ev_target', 'miller2_SecPe'))": 0.35709512,
    "(('miller2_both_0_70_ac4_ev_source', 'Fiscal year'), ('miller2_both_0_70_ac4_ev_target', 'miller2_FiY'))": 0.35472888,
    "(('miller2_both_0_70_ac4_ev_source', 'Organisation class'), ('miller2_both_0_70_ac4_ev_target', 'miller2_OrgCla'))": 0.3499289,
    "(('miller2_both_0_70_ac4_ev_source', 'CountryRegion ID'), ('miller2_both_0_70_ac4_ev_target', 'miller2_CounReID'))": 0.32615227,
    "(('miller2_both_0_70_ac4_ev_source', 'CountryRegion name'), ('miller2_both_0_70_ac4_ev_target', 'miller2_CounRegN'))": 0.30927882,
    "(('miller2_both_0_70_ac4_ev_source', 'Organisation ID'), ('miller2_both_0_70_ac4_ev_target', 'miller2_OrgaID'))": 0.30321288,
    "(('miller2_both_0_70_ac4_ev_source', 'Branch ID'), ('miller2_both_0_70_ac4_ev_target', 'miller2_BraID'))": 0.26191798,
    "(('miller2_both_0_70_ac4_ev_source', 'Maximum CIDA contribution (project-level)'), ('miller2_both_0_70_ac4_ev_target', 'miller2_MaxiCIDACont'))": 0.25588828,
    "(('miller2_both_0_70_ac4_ev_source', 'Project number'), ('miller2_both_0_70_ac4_ev_target', 'miller2_ProjNu'))": 0.20528443
  },
  "metrics": {
    "precision": 1.0,
    "recall": 0.7428571428571429,
    "f1_score": 0.8524590163934427,
    "precision_at_10_percent": 1.0,
    "precision_at_20_percent": 1.0,
    "precision_at_30_percent": 1.0,
    "precision_at_40_percent": 1.0,
    "precision_at_50_percent": 1.0,
    "precision_at_60_percent": 1.0,
    "precision_at_70_percent": 1.0,
    "precision_at_80_percent": 1.0,
    "precision_at_90_percent": 1.0,
    "recall_at_sizeof_ground_truth": 0.7428571428571429
  },
  "run_times": {
    "total_time": 812.9261219949985,
    "algorithm_time": 812.9260940270033
  }
}