{
  "name": "miller2_both_50_50_ac5_ev__Coma{'max_n': 0, 'strategy': 'COMA_OPT_INST'}",
  "matches": {
    "(('miller2_both_50_50_ac5_ev_source', 'IRTC percent'), ('miller2_both_50_50_ac5_ev_target', 'miller2_rtcprcnt'))": 0.42297345,
    "(('miller2_both_50_50_ac5_ev_source', 'FSTC percent'), ('miller2_both_50_50_ac5_ev_target', 'miller2_fstcprcnt'))": 0.40902582,
    "(('miller2_both_50_50_ac5_ev_source', 'Status'), ('miller2_both_50_50_ac5_ev_target', 'miller2_stts'))": 0.39036977,
    "(('miller2_both_50_50_ac5_ev_source', 'CFLI (marker)'), ('miller2_both_50_50_ac5_ev_target', 'miller2_thsss(mrkr)'))": 0.38175303,
    "(('miller2_both_50_50_ac5_ev_source', 'Children issues (marker)'), ('miller2_both_50_50_ac5_ev_target', 'miller2_chldrnsss(mrkr)'))": 0.3721947,
    "(('miller2_both_50_50_ac5_ev_source', 'Fiscal year'), ('miller2_both_50_50_ac5_ev_target', 'miller2_fsclr'))": 0.3719571,
    "(('miller2_both_50_50_ac5_ev_source', 'PBA type'), ('miller2_both_50_50_ac5_ev_target', 'miller2_pbtp'))": 0.36724082,
    "(('miller2_both_50_50_ac5_ev_source', 'Youth issues (marker)'), ('miller2_both_50_50_ac5_ev_target', 'miller2_gndrqlt(mrkr)'))": 0.3610312,
    "(('miller2_both_50_50_ac5_ev_source', 'Continent ID'), ('miller2_both_50_50_ac5_ev_target', 'miller2_cntnntd'))": 0.35567775,
    "(('miller2_both_50_50_ac5_ev_source', 'CIDA business delivery model (old)'), ('miller2_both_50_50_ac5_ev_target', 'miller2_cdbsnssdlvrmdl(ld)'))": 0.30623645,
    "(('miller2_both_50_50_ac5_ev_source', 'Sector ID'), ('miller2_both_50_50_ac5_ev_target', 'miller2_sctrd'))": 0.29468316,
    "(('miller2_both_50_50_ac5_ev_source', 'Project Browser country ID'), ('miller2_both_50_50_ac5_ev_target', 'miller2_prjctbrwsrcntrd'))": 0.28601152,
    "(('miller2_both_50_50_ac5_ev_source', 'CountryRegion ID'), ('miller2_both_50_50_ac5_ev_target', 'miller2_cntrrgnd'))": 0.260732,
    "(('miller2_both_50_50_ac5_ev_source', 'Untied amount(Project-level budget)'), ('miller2_both_50_50_ac5_ev_target', 'miller2_ntdmnt(prjct-lvlbdgt)'))": 0.24405046,
    "(('miller2_both_50_50_ac5_ev_source', 'Fund centre name'), ('miller2_both_50_50_ac5_ev_target', 'miller2_cntrrgnnm'))": 0.22352803,
    "(('miller2_both_50_50_ac5_ev_source', 'Maximum CIDA contribution (project-level)'), ('miller2_both_50_50_ac5_ev_target', 'miller2_mxmmcdcntrbtn(prjct-lvl)'))": 0.22052066
  },
  "metrics": {
    "precision": 0.8125,
    "recall": 0.52,
    "f1_score": 0.6341463414634146,
    "precision_at_10_percent": 1.0,
    "precision_at_20_percent": 0.75,
    "precision_at_30_percent": 0.8,
    "precision_at_40_percent": 0.8571428571428571,
    "precision_at_50_percent": 0.75,
    "precision_at_60_percent": 0.8,
    "precision_at_70_percent": 0.8333333333333334,
    "precision_at_80_percent": 0.8461538461538461,
    "precision_at_90_percent": 0.8,
    "recall_at_sizeof_ground_truth": 0.52
  },
  "run_times": {
    "total_time": 327.1568862441927,
    "algorithm_time": 327.1568630998954
  }
}