{
  "name": "miller2_horizontal_0_ac5_av__Coma{'max_n': 0, 'strategy': 'COMA_OPT_INST'}",
  "matches": {
    "(('miller2_horizontal_0_ac5_av_source', 'IRTC percent'), ('miller2_horizontal_0_ac5_av_target', 'miller2_rtcprcnt'))": 0.42899436,
    "(('miller2_horizontal_0_ac5_av_source', 'FSTC percent'), ('miller2_horizontal_0_ac5_av_target', 'miller2_fstcprcnt'))": 0.4147655,
    "(('miller2_horizontal_0_ac5_av_source', 'Status'), ('miller2_horizontal_0_ac5_av_target', 'miller2_stts'))": 0.39656654,
    "(('miller2_horizontal_0_ac5_av_source', 'Fiscal year'), ('miller2_horizontal_0_ac5_av_target', 'miller2_fsclr'))": 0.37852454,
    "(('miller2_horizontal_0_ac5_av_source', 'PBA type'), ('miller2_horizontal_0_ac5_av_target', 'miller2_pbtp'))": 0.3740225,
    "(('miller2_horizontal_0_ac5_av_source', 'Sector percent'), ('miller2_horizontal_0_ac5_av_target', 'miller2_sctrprcnt'))": 0.36957824,
    "(('miller2_horizontal_0_ac5_av_source', 'Programming process (new)'), ('miller2_horizontal_0_ac5_av_target', 'miller2_prgrmmngprcss(nw)'))": 0.35772628,
    "(('miller2_horizontal_0_ac5_av_source', 'Organisation sub-class'), ('miller2_horizontal_0_ac5_av_target', 'miller2_rgnstnsb-clss'))": 0.3353125,
    "(('miller2_horizontal_0_ac5_av_source', 'Organisation class'), ('miller2_horizontal_0_ac5_av_target', 'miller2_rgnstnclss'))": 0.3345409,
    "(('miller2_horizontal_0_ac5_av_source', 'Continent name'), ('miller2_horizontal_0_ac5_av_target', 'miller2_cntnntnm'))": 0.33261317,
    "(('miller2_horizontal_0_ac5_av_source', 'Organisation type'), ('miller2_horizontal_0_ac5_av_target', 'miller2_rgnstntp'))": 0.3273269,
    "(('miller2_horizontal_0_ac5_av_source', 'CIDA business delivery model (old)'), ('miller2_horizontal_0_ac5_av_target', 'miller2_cdbsnssdlvrmdl(ld)'))": 0.31289175,
    "(('miller2_horizontal_0_ac5_av_source', 'Sector name'), ('miller2_horizontal_0_ac5_av_target', 'miller2_sctrnm'))": 0.29494768,
    "(('miller2_horizontal_0_ac5_av_source', 'Project Browser country ID'), ('miller2_horizontal_0_ac5_av_target', 'miller2_prjctbrwsrcntrd'))": 0.29285866,
    "(('miller2_horizontal_0_ac5_av_source', 'CountryRegion ID'), ('miller2_horizontal_0_ac5_av_target', 'miller2_cntrrgnd'))": 0.26729262,
    "(('miller2_horizontal_0_ac5_av_source', 'CountryRegion name'), ('miller2_horizontal_0_ac5_av_target', 'miller2_cntrrgnnm'))": 0.2533727,
    "(('miller2_horizontal_0_ac5_av_source', 'Untied amount(Project-level budget)'), ('miller2_horizontal_0_ac5_av_target', 'miller2_ntdmnt(prjct-lvlbdgt)'))": 0.24979159,
    "(('miller2_horizontal_0_ac5_av_source', 'Maximum CIDA contribution (project-level)'), ('miller2_horizontal_0_ac5_av_target', 'miller2_mxmmcdcntrbtn(prjct-lvl)'))": 0.22733709,
    "(('miller2_horizontal_0_ac5_av_source', 'Branch ID'), ('miller2_horizontal_0_ac5_av_target', 'miller2_brnchd'))": 0.21468261,
    "(('miller2_horizontal_0_ac5_av_source', 'Organisation name'), ('miller2_horizontal_0_ac5_av_target', 'miller2_rgnstnnm'))": 0.21208222,
    "(('miller2_horizontal_0_ac5_av_source', 'Organisation ID'), ('miller2_horizontal_0_ac5_av_target', 'miller2_rgnstnd'))": 0.20994723,
    "(('miller2_horizontal_0_ac5_av_source', 'Amount spent'), ('miller2_horizontal_0_ac5_av_target', 'miller2_mntspnt'))": 0.20895378
  },
  "metrics": {
    "precision": 1.0,
    "recall": 0.43137254901960786,
    "f1_score": 0.6027397260273972,
    "precision_at_10_percent": 1.0,
    "precision_at_20_percent": 1.0,
    "precision_at_30_percent": 1.0,
    "precision_at_40_percent": 1.0,
    "precision_at_50_percent": 1.0,
    "precision_at_60_percent": 1.0,
    "precision_at_70_percent": 1.0,
    "precision_at_80_percent": 1.0,
    "precision_at_90_percent": 1.0,
    "recall_at_sizeof_ground_truth": 0.43137254901960786
  },
  "run_times": {
    "total_time": 955.7369602679992,
    "algorithm_time": 955.7369422849997
  }
}