{
  "name": "miller2_vertical_1_ac1_ev__Coma{'max_n': 0, 'strategy': 'COMA_OPT'}",
  "matches": {
    "(('miller2_vertical_1_ac1_ev_source', 'Fiscal year'), ('miller2_vertical_1_ac1_ev_target', 'miller2_FiscalYear'))": 0.4938134,
    "(('miller2_vertical_1_ac1_ev_source', 'FSTC percent'), ('miller2_vertical_1_ac1_ev_target', 'miller2_SectorPercent'))": 0.4314819,
    "(('miller2_vertical_1_ac1_ev_source', 'IRTC percent'), ('miller2_vertical_1_ac1_ev_target', 'miller2_SectorPercent'))": 0.4314819,
    "(('miller2_vertical_1_ac1_ev_source', 'Section name'), ('miller2_vertical_1_ac1_ev_target', 'miller2_SectorName'))": 0.4172927,
    "(('miller2_vertical_1_ac1_ev_source', 'CFLI (marker)'), ('miller2_vertical_1_ac1_ev_target', 'miller2_UrbanIssues(marker)'))": 0.41582215,
    "(('miller2_vertical_1_ac1_ev_source', 'CFLI (marker)'), ('miller2_vertical_1_ac1_ev_target', 'miller2_YouthIssues(marker)'))": 0.41582215,
    "(('miller2_vertical_1_ac1_ev_source', 'CFLI (marker)'), ('miller2_vertical_1_ac1_ev_target', 'miller2_Biodiversity(marker)'))": 0.41178173,
    "(('miller2_vertical_1_ac1_ev_source', 'Enviromental sustainability (marker)'), ('miller2_vertical_1_ac1_ev_target', 'miller2_DisabilityIssues(marker)'))": 0.39855158,
    "(('miller2_vertical_1_ac1_ev_source', 'Section ID'), ('miller2_vertical_1_ac1_ev_target', 'miller2_SectorID'))": 0.37103045,
    "(('miller2_vertical_1_ac1_ev_source', 'Fund centre name'), ('miller2_vertical_1_ac1_ev_target', 'miller2_ContinentName'))": 0.34665185,
    "(('miller2_vertical_1_ac1_ev_source', 'PBA type'), ('miller2_vertical_1_ac1_ev_target', 'miller2_OrganisationType'))": 0.33869797,
    "(('miller2_vertical_1_ac1_ev_source', 'Project number'), ('miller2_vertical_1_ac1_ev_target', 'miller2_ProjectBrowserCountryID'))": 0.31568906,
    "(('miller2_vertical_1_ac1_ev_source', 'Fund centre ID'), ('miller2_vertical_1_ac1_ev_target', 'miller2_ContinentID'))": 0.30601823
  },
  "metrics": {
    "precision": 0.07692307692307693,
    "recall": 1.0,
    "f1_score": 0.14285714285714288,
    "precision_at_10_percent": 0.5,
    "precision_at_20_percent": 0.3333333333333333,
    "precision_at_30_percent": 0.25,
    "precision_at_40_percent": 0.16666666666666666,
    "precision_at_50_percent": 0.14285714285714285,
    "precision_at_60_percent": 0.125,
    "precision_at_70_percent": 0.1,
    "precision_at_80_percent": 0.09090909090909091,
    "precision_at_90_percent": 0.08333333333333333,
    "recall_at_sizeof_ground_truth": 1.0
  },
  "run_times": {
    "total_time": 2.2841500281356275,
    "algorithm_time": 2.284121247008443
  }
}