{
  "name": "miller2_vertical_70_ac4_ev__Coma{'max_n': 0, 'strategy': 'COMA_OPT_INST'}",
  "matches": {
    "(('miller2_vertical_70_ac4_ev_source', 'Continent ID'), ('miller2_vertical_70_ac4_ev_target', 'miller2_ContID'))": 0.5048381,
    "(('miller2_vertical_70_ac4_ev_source', 'IRTC percent'), ('miller2_vertical_70_ac4_ev_target', 'miller2_IRTCPerc'))": 0.4660214,
    "(('miller2_vertical_70_ac4_ev_source', 'Desertification (marker)'), ('miller2_vertical_70_ac4_ev_target', 'miller2_Desertif'))": 0.46484137,
    "(('miller2_vertical_70_ac4_ev_source', 'Sector ID'), ('miller2_vertical_70_ac4_ev_target', 'miller2_SecID'))": 0.46138087,
    "(('miller2_vertical_70_ac4_ev_source', 'CountryRegion ID'), ('miller2_vertical_70_ac4_ev_target', 'miller2_CoRegID'))": 0.45211506,
    "(('miller2_vertical_70_ac4_ev_source', 'Organisation name'), ('miller2_vertical_70_ac4_ev_target', 'miller2_OrganiN'))": 0.4483058,
    "(('miller2_vertical_70_ac4_ev_source', 'FSTC percent'), ('miller2_vertical_70_ac4_ev_target', 'miller2_FSTCPer'))": 0.4407609,
    "(('miller2_vertical_70_ac4_ev_source', 'Project number'), ('miller2_vertical_70_ac4_ev_target', 'miller2_ProjNum'))": 0.43564767,
    "(('miller2_vertical_70_ac4_ev_source', 'Organisation sub-class'), ('miller2_vertical_70_ac4_ev_target', 'miller2_OrganS'))": 0.4345736,
    "(('miller2_vertical_70_ac4_ev_source', 'Branch ID'), ('miller2_vertical_70_ac4_ev_target', 'miller2_BrID'))": 0.43028206,
    "(('miller2_vertical_70_ac4_ev_source', 'Enviromental sustainability (marker)'), ('miller2_vertical_70_ac4_ev_target', 'miller2_EnvSustain'))": 0.425692,
    "(('miller2_vertical_70_ac4_ev_source', 'Maximum CIDA contribution (project-level)'), ('miller2_vertical_70_ac4_ev_target', 'miller2_MaxCIDAContr'))": 0.42389244,
    "(('miller2_vertical_70_ac4_ev_source', 'Disability issues (marker)'), ('miller2_vertical_70_ac4_ev_target', 'miller2_DisabIs'))": 0.42011276,
    "(('miller2_vertical_70_ac4_ev_source', 'Organisation class'), ('miller2_vertical_70_ac4_ev_target', 'miller2_OrgaCla'))": 0.41922683,
    "(('miller2_vertical_70_ac4_ev_source', 'Section name'), ('miller2_vertical_70_ac4_ev_target', 'miller2_SectNa'))": 0.41259328,
    "(('miller2_vertical_70_ac4_ev_source', 'Project Browser country ID'), ('miller2_vertical_70_ac4_ev_target', 'miller2_PrBrowCoID'))": 0.41255575,
    "(('miller2_vertical_70_ac4_ev_source', 'CIDA business delivery model (old)'), ('miller2_vertical_70_ac4_ev_target', 'miller2_CIDABusiDeMod'))": 0.4096132,
    "(('miller2_vertical_70_ac4_ev_source', 'Status'), ('miller2_vertical_70_ac4_ev_target', 'miller2_Sta'))": 0.40797353,
    "(('miller2_vertical_70_ac4_ev_source', 'PBA type'), ('miller2_vertical_70_ac4_ev_target', 'miller2_PBATy'))": 0.39398104,
    "(('miller2_vertical_70_ac4_ev_source', 'Sector name'), ('miller2_vertical_70_ac4_ev_target', 'miller2_SecN'))": 0.38880363,
    "(('miller2_vertical_70_ac4_ev_source', 'Amount spent'), ('miller2_vertical_70_ac4_ev_target', 'miller2_AmoSp'))": 0.38406894,
    "(('miller2_vertical_70_ac4_ev_source', 'Climate change adaptation (marker)'), ('miller2_vertical_70_ac4_ev_target', 'miller2_CliChAda'))": 0.38218305,
    "(('miller2_vertical_70_ac4_ev_source', 'ICT as a tool for development (marker)'), ('miller2_vertical_70_ac4_ev_target', 'miller2_ICTAAToFoDevel'))": 0.381678,
    "(('miller2_vertical_70_ac4_ev_source', 'Bilateral aid (international marker)'), ('miller2_vertical_70_ac4_ev_target', 'miller2_BilaAMar'))": 0.38128886,
    "(('miller2_vertical_70_ac4_ev_source', 'Indigenous issues (marker)'), ('miller2_vertical_70_ac4_ev_target', 'miller2_IndIs'))": 0.3811723,
    "(('miller2_vertical_70_ac4_ev_source', 'Trade development (marker)'), ('miller2_vertical_70_ac4_ev_target', 'miller2_TrDeve'))": 0.37929705,
    "(('miller2_vertical_70_ac4_ev_source', 'Fund centre name'), ('miller2_vertical_70_ac4_ev_target', 'miller2_FuCenNa'))": 0.37189317,
    "(('miller2_vertical_70_ac4_ev_source', 'Biodiversity (marker)'), ('miller2_vertical_70_ac4_ev_target', 'miller2_Bio'))": 0.3712583,
    "(('miller2_vertical_70_ac4_ev_source', 'Youth issues (marker)'), ('miller2_vertical_70_ac4_ev_target', 'miller2_YouIs'))": 0.36668146,
    "(('miller2_vertical_70_ac4_ev_source', 'Youth issues (marker)'), ('miller2_vertical_70_ac4_ev_target', 'miller2_ChIss'))": 0.36668146,
    "(('miller2_vertical_70_ac4_ev_source', 'Regional program (marker)'), ('miller2_vertical_70_ac4_ev_target', 'miller2_RePr'))": 0.35825163,
    "(('miller2_vertical_70_ac4_ev_source', 'Fiscal year'), ('miller2_vertical_70_ac4_ev_target', 'miller2_FiYe'))": 0.35630724,
    "(('miller2_vertical_70_ac4_ev_source', 'Branch name'), ('miller2_vertical_70_ac4_ev_target', 'miller2_BrN'))": 0.35630724,
    "(('miller2_vertical_70_ac4_ev_source', 'Division name'), ('miller2_vertical_70_ac4_ev_target', 'miller2_DiN'))": 0.35364768,
    "(('miller2_vertical_70_ac4_ev_source', 'CFLI (marker)'), ('miller2_vertical_70_ac4_ev_target', 'miller2_UrIs'))": 0.35235903
  },
  "metrics": {
    "precision": 0.9428571428571428,
    "recall": 0.9428571428571428,
    "f1_score": 0.9428571428571428,
    "precision_at_10_percent": 1.0,
    "precision_at_20_percent": 1.0,
    "precision_at_30_percent": 1.0,
    "precision_at_40_percent": 1.0,
    "precision_at_50_percent": 1.0,
    "precision_at_60_percent": 1.0,
    "precision_at_70_percent": 1.0,
    "precision_at_80_percent": 1.0,
    "precision_at_90_percent": 0.96875,
    "recall_at_sizeof_ground_truth": 0.9428571428571428
  },
  "run_times": {
    "total_time": 582.9114612140693,
    "algorithm_time": 582.9114401452243
  }
}