{
  "name": "miller2_both_0_70_ac2_ev__Coma{'max_n': 0, 'strategy': 'COMA_OPT_INST'}",
  "matches": {
    "(('miller2_both_0_70_ac2_ev_source', 'Continent ID'), ('miller2_both_0_70_ac2_ev_target', 'ContiID'))": 0.64506704,
    "(('miller2_both_0_70_ac2_ev_source', 'Desertification (marker)'), ('miller2_both_0_70_ac2_ev_target', 'Desertif'))": 0.5744055,
    "(('miller2_both_0_70_ac2_ev_source', 'Status'), ('miller2_both_0_70_ac2_ev_target', 'St'))": 0.56631565,
    "(('miller2_both_0_70_ac2_ev_source', 'Organisation type'), ('miller2_both_0_70_ac2_ev_target', 'OrganiTy'))": 0.55547035,
    "(('miller2_both_0_70_ac2_ev_source', 'CFLI (marker)'), ('miller2_both_0_70_ac2_ev_target', 'CFLI'))": 0.55339694,
    "(('miller2_both_0_70_ac2_ev_source', 'Sector ID'), ('miller2_both_0_70_ac2_ev_target', 'SecID'))": 0.550229,
    "(('miller2_both_0_70_ac2_ev_source', 'Biodiversity (marker)'), ('miller2_both_0_70_ac2_ev_target', 'Biodiv'))": 0.5494841,
    "(('miller2_both_0_70_ac2_ev_source', 'IRTC percent'), ('miller2_both_0_70_ac2_ev_target', 'IRTCPe'))": 0.5465705,
    "(('miller2_both_0_70_ac2_ev_source', 'FSTC percent'), ('miller2_both_0_70_ac2_ev_target', 'FSTCPer'))": 0.5390957,
    "(('miller2_both_0_70_ac2_ev_source', 'Fiscal year'), ('miller2_both_0_70_ac2_ev_target', 'FisYe'))": 0.51818556,
    "(('miller2_both_0_70_ac2_ev_source', 'Participatory development and good governance'), ('miller2_both_0_70_ac2_ev_target', 'PartDeveloAGGover'))": 0.5149851,
    "(('miller2_both_0_70_ac2_ev_source', 'Knowledge for development (marker)'), ('miller2_both_0_70_ac2_ev_target', 'KnowlFoDevel'))": 0.5095189,
    "(('miller2_both_0_70_ac2_ev_source', 'Programming process (new)'), ('miller2_both_0_70_ac2_ev_target', 'ProgrPro'))": 0.5022149,
    "(('miller2_both_0_70_ac2_ev_source', 'Section ID'), ('miller2_both_0_70_ac2_ev_target', 'SectID'))": 0.49596334,
    "(('miller2_both_0_70_ac2_ev_source', 'Disability issues (marker)'), ('miller2_both_0_70_ac2_ev_target', 'DisaIss'))": 0.49258652,
    "(('miller2_both_0_70_ac2_ev_source', 'Children issues (marker)'), ('miller2_both_0_70_ac2_ev_target', 'ChilIs'))": 0.47820067,
    "(('miller2_both_0_70_ac2_ev_source', 'Sector percent'), ('miller2_both_0_70_ac2_ev_target', 'SecPe'))": 0.47723484,
    "(('miller2_both_0_70_ac2_ev_source', 'Indigenous issues (marker)'), ('miller2_both_0_70_ac2_ev_target', 'IndIs'))": 0.47397605,
    "(('miller2_both_0_70_ac2_ev_source', 'Organisation sub-class'), ('miller2_both_0_70_ac2_ev_target', 'OrganS'))": 0.4724962,
    "(('miller2_both_0_70_ac2_ev_source', 'Youth issues (marker)'), ('miller2_both_0_70_ac2_ev_target', 'YouIs'))": 0.46365228,
    "(('miller2_both_0_70_ac2_ev_source', 'Climate change adaptation (marker)'), ('miller2_both_0_70_ac2_ev_target', 'ClimChaAdap'))": 0.4622922,
    "(('miller2_both_0_70_ac2_ev_source', 'Organisation class'), ('miller2_both_0_70_ac2_ev_target', 'OrgaCl'))": 0.4608686,
    "(('miller2_both_0_70_ac2_ev_source', 'Climate change mitigation (marker)'), ('miller2_both_0_70_ac2_ev_target', 'ClimChMit'))": 0.46030346,
    "(('miller2_both_0_70_ac2_ev_source', 'ICT as a tool for development (marker)'), ('miller2_both_0_70_ac2_ev_target', 'ICTAATFDevel'))": 0.45999274,
    "(('miller2_both_0_70_ac2_ev_source', 'Gender equality (marker)'), ('miller2_both_0_70_ac2_ev_target', 'GenEq'))": 0.4540844,
    "(('miller2_both_0_70_ac2_ev_source', 'CIDA business delivery model (old)'), ('miller2_both_0_70_ac2_ev_target', 'CIDABuDeliMod'))": 0.44338554,
    "(('miller2_both_0_70_ac2_ev_source', 'Branch ID'), ('miller2_both_0_70_ac2_ev_target', 'BraID'))": 0.43252903,
    "(('miller2_both_0_70_ac2_ev_source', 'Regional program (marker)'), ('miller2_both_0_70_ac2_ev_target', 'RegPro'))": 0.42677608,
    "(('miller2_both_0_70_ac2_ev_source', 'CountryRegion percent'), ('miller2_both_0_70_ac2_ev_target', 'CoRegPerc'))": 0.40043622,
    "(('miller2_both_0_70_ac2_ev_source', 'CountryRegion name'), ('miller2_both_0_70_ac2_ev_target', 'CoRegNa'))": 0.36319938,
    "(('miller2_both_0_70_ac2_ev_source', 'Project number'), ('miller2_both_0_70_ac2_ev_target', 'ProjNu'))": 0.33010048,
    "(('miller2_both_0_70_ac2_ev_source', 'Fund centre ID'), ('miller2_both_0_70_ac2_ev_target', 'FCeID'))": 0.29823235,
    "(('miller2_both_0_70_ac2_ev_source', 'Division ID'), ('miller2_both_0_70_ac2_ev_target', 'DiNa'))": 0.28407824,
    "(('miller2_both_0_70_ac2_ev_source', 'Amount spent'), ('miller2_both_0_70_ac2_ev_target', 'AmSp'))": 0.27974114
  },
  "metrics": {
    "precision": 0.9705882352941176,
    "recall": 0.9428571428571428,
    "f1_score": 0.9565217391304348,
    "precision_at_10_percent": 1.0,
    "precision_at_20_percent": 1.0,
    "precision_at_30_percent": 1.0,
    "precision_at_40_percent": 1.0,
    "precision_at_50_percent": 1.0,
    "precision_at_60_percent": 1.0,
    "precision_at_70_percent": 1.0,
    "precision_at_80_percent": 1.0,
    "precision_at_90_percent": 1.0,
    "recall_at_sizeof_ground_truth": 0.9428571428571428
  },
  "run_times": {
    "total_time": 736.6425574089953,
    "algorithm_time": 736.6425249259992
  }
}