{
  "name": "miller2_both_0_70_ac5_ev__Coma{'max_n': 0, 'strategy': 'COMA_OPT'}",
  "matches": {
    "(('miller2_both_0_70_ac5_ev_source', 'FSTC percent'), ('miller2_both_0_70_ac5_ev_target', 'miller2_fstcprcnt'))": 0.31195194,
    "(('miller2_both_0_70_ac5_ev_source', 'IRTC percent'), ('miller2_both_0_70_ac5_ev_target', 'miller2_rtcprcnt'))": 0.280981,
    "(('miller2_both_0_70_ac5_ev_source', 'CFLI (marker)'), ('miller2_both_0_70_ac5_ev_target', 'miller2_cfl(mrkr)'))": 0.2704717,
    "(('miller2_both_0_70_ac5_ev_source', 'Untied amount(Project-level budget)'), ('miller2_both_0_70_ac5_ev_target', 'miller2_ntdmnt(prjct-lvlbdgt)'))": 0.26595533,
    "(('miller2_both_0_70_ac5_ev_source', 'Branch ID'), ('miller2_both_0_70_ac5_ev_target', 'miller2_brnchd'))": 0.26481387,
    "(('miller2_both_0_70_ac5_ev_source', 'Organisation sub-class'), ('miller2_both_0_70_ac5_ev_target', 'miller2_rgnstnsb-clss'))": 0.25332364,
    "(('miller2_both_0_70_ac5_ev_source', 'CountryRegion percent'), ('miller2_both_0_70_ac5_ev_target', 'miller2_cntrrgnprcnt'))": 0.23711474
  },
  "metrics": {
    "precision": 1.0,
    "recall": 0.2,
    "f1_score": 0.33333333333333337,
    "precision_at_10_percent": 1.0,
    "precision_at_20_percent": 1.0,
    "precision_at_30_percent": 1.0,
    "precision_at_40_percent": 1.0,
    "precision_at_50_percent": 1.0,
    "precision_at_60_percent": 1.0,
    "precision_at_70_percent": 1.0,
    "precision_at_80_percent": 1.0,
    "precision_at_90_percent": 1.0,
    "recall_at_sizeof_ground_truth": 0.2
  },
  "run_times": {
    "total_time": 3.9524396429769695,
    "algorithm_time": 3.952409737277776
  }
}