{
  "name": "miller2_vertical_30_ec_ev__Coma{'max_n': 0, 'strategy': 'COMA_OPT'}",
  "matches": {
    "(('miller2_vertical_30_ec_ev_source', 'ICT as a tool for development (marker)'), ('miller2_vertical_30_ec_ev_target', 'ICT as a tool for development (marker)'))": 0.9016402,
    "(('miller2_vertical_30_ec_ev_source', 'CIDA business delivery model (old)'), ('miller2_vertical_30_ec_ev_target', 'CIDA business delivery model (old)'))": 0.89938456,
    "(('miller2_vertical_30_ec_ev_source', 'Indigenous issues (marker)'), ('miller2_vertical_30_ec_ev_target', 'Indigenous issues (marker)'))": 0.896706,
    "(('miller2_vertical_30_ec_ev_source', 'Project Browser country ID'), ('miller2_vertical_30_ec_ev_target', 'Project Browser country ID'))": 0.896706,
    "(('miller2_vertical_30_ec_ev_source', 'Gender equality (marker)'), ('miller2_vertical_30_ec_ev_target', 'Gender equality (marker)'))": 0.89569795,
    "(('miller2_vertical_30_ec_ev_source', 'Biodiversity (marker)'), ('miller2_vertical_30_ec_ev_target', 'Biodiversity (marker)'))": 0.8934732,
    "(('miller2_vertical_30_ec_ev_source', 'Organisation class'), ('miller2_vertical_30_ec_ev_target', 'Organisation class'))": 0.8922417,
    "(('miller2_vertical_30_ec_ev_source', 'Organisation name'), ('miller2_vertical_30_ec_ev_target', 'Organisation name'))": 0.8915924,
    "(('miller2_vertical_30_ec_ev_source', 'Fund centre ID'), ('miller2_vertical_30_ec_ev_target', 'Fund centre ID'))": 0.8894944,
    "(('miller2_vertical_30_ec_ev_source', 'Division name'), ('miller2_vertical_30_ec_ev_target', 'Division name'))": 0.8887403,
    "(('miller2_vertical_30_ec_ev_source', 'CFLI (marker)'), ('miller2_vertical_30_ec_ev_target', 'CFLI (marker)'))": 0.8887403,
    "(('miller2_vertical_30_ec_ev_source', 'Sector name'), ('miller2_vertical_30_ec_ev_target', 'Sector name'))": 0.8871397,
    "(('miller2_vertical_30_ec_ev_source', 'Fiscal year'), ('miller2_vertical_30_ec_ev_target', 'Fiscal year'))": 0.8862893,
    "(('miller2_vertical_30_ec_ev_source', 'Section ID'), ('miller2_vertical_30_ec_ev_target', 'Section ID'))": 0.8862893,
    "(('miller2_vertical_30_ec_ev_source', 'Branch ID'), ('miller2_vertical_30_ec_ev_target', 'Branch ID'))": 0.8854028,
    "(('miller2_vertical_30_ec_ev_source', 'FSTC percent'), ('miller2_vertical_30_ec_ev_target', 'Sector percent'))": 0.627791,
    "(('miller2_vertical_30_ec_ev_source', 'IRTC percent'), ('miller2_vertical_30_ec_ev_target', 'Sector percent'))": 0.627791
  },
  "metrics": {
    "precision": 0.8823529411764706,
    "recall": 1.0,
    "f1_score": 0.9375,
    "precision_at_10_percent": 1.0,
    "precision_at_20_percent": 1.0,
    "precision_at_30_percent": 1.0,
    "precision_at_40_percent": 1.0,
    "precision_at_50_percent": 1.0,
    "precision_at_60_percent": 1.0,
    "precision_at_70_percent": 1.0,
    "precision_at_80_percent": 1.0,
    "precision_at_90_percent": 0.9375,
    "recall_at_sizeof_ground_truth": 1.0
  },
  "run_times": {
    "total_time": 2.757992814760655,
    "algorithm_time": 2.7579707759432495
  }
}