{
  "name": "miller2_vertical_70_ac5_av__Coma{'max_n': 0, 'strategy': 'COMA_OPT_INST'}",
  "matches": {
    "(('miller2_vertical_70_ac5_av_source', 'Fund centre ID'), ('miller2_vertical_70_ac5_av_target', 'miller2_fndcntrd'))": 0.39090115,
    "(('miller2_vertical_70_ac5_av_source', 'CFLI (marker)'), ('miller2_vertical_70_ac5_av_target', 'miller2_thsss(mrkr)'))": 0.38467345,
    "(('miller2_vertical_70_ac5_av_source', 'CFLI (marker)'), ('miller2_vertical_70_ac5_av_target', 'miller2_rbnsss(mrkr)'))": 0.3835001,
    "(('miller2_vertical_70_ac5_av_source', 'CFLI (marker)'), ('miller2_vertical_70_ac5_av_target', 'miller2_bdvrst(mrkr)'))": 0.3834001,
    "(('miller2_vertical_70_ac5_av_source', 'Sector ID'), ('miller2_vertical_70_ac5_av_target', 'miller2_sctrd'))": 0.38103622,
    "(('miller2_vertical_70_ac5_av_source', 'Children issues (marker)'), ('miller2_vertical_70_ac5_av_target', 'miller2_chldrnsss(mrkr)'))": 0.3763353,
    "(('miller2_vertical_70_ac5_av_source', 'Continent ID'), ('miller2_vertical_70_ac5_av_target', 'miller2_cntnntd'))": 0.36941105,
    "(('miller2_vertical_70_ac5_av_source', 'Gender equality (marker)'), ('miller2_vertical_70_ac5_av_target', 'miller2_gndrqlt(mrkr)'))": 0.36040688,
    "(('miller2_vertical_70_ac5_av_source', 'Project Browser country ID'), ('miller2_vertical_70_ac5_av_target', 'miller2_prjctbrwsrcntrd'))": 0.35432586,
    "(('miller2_vertical_70_ac5_av_source', 'FSTC percent'), ('miller2_vertical_70_ac5_av_target', 'miller2_cntrrgnprcnt'))": 0.34225655,
    "(('miller2_vertical_70_ac5_av_source', 'Bilateral aid (international marker)'), ('miller2_vertical_70_ac5_av_target', 'miller2_bltrld(ntrntnlmrkr)'))": 0.33920807,
    "(('miller2_vertical_70_ac5_av_source', 'Organisation ID'), ('miller2_vertical_70_ac5_av_target', 'miller2_rgnstnd'))": 0.33005014,
    "(('miller2_vertical_70_ac5_av_source', 'Organisation sub-class'), ('miller2_vertical_70_ac5_av_target', 'miller2_rgnstnsb-clss'))": 0.22900572,
    "(('miller2_vertical_70_ac5_av_source', 'Untied amount(Project-level budget)'), ('miller2_vertical_70_ac5_av_target', 'miller2_ntdmnt(prjct-lvlbdgt)'))": 0.21452677,
    "(('miller2_vertical_70_ac5_av_source', 'Division ID'), ('miller2_vertical_70_ac5_av_target', 'miller2_dvsnd'))": 0.2057484,
    "(('miller2_vertical_70_ac5_av_source', 'Maximum CIDA contribution (project-level)'), ('miller2_vertical_70_ac5_av_target', 'miller2_mxmmcdcntrbtn(prjct-lvl)'))": 0.19107936
  },
  "metrics": {
    "precision": 0.75,
    "recall": 0.34285714285714286,
    "f1_score": 0.47058823529411753,
    "precision_at_10_percent": 0.5,
    "precision_at_20_percent": 0.25,
    "precision_at_30_percent": 0.4,
    "precision_at_40_percent": 0.5714285714285714,
    "precision_at_50_percent": 0.625,
    "precision_at_60_percent": 0.6,
    "precision_at_70_percent": 0.6666666666666666,
    "precision_at_80_percent": 0.6923076923076923,
    "precision_at_90_percent": 0.7333333333333333,
    "recall_at_sizeof_ground_truth": 0.34285714285714286
  },
  "run_times": {
    "total_time": 7250.922662109001,
    "algorithm_time": 7250.922643510001
  }
}