{
  "name": "miller2_vertical_70_ac1_av__Coma{'max_n': 0, 'strategy': 'COMA_OPT_INST'}",
  "matches": {
    "(('miller2_vertical_70_ac1_av_source', 'Enviromental sustainability (marker)'), ('miller2_vertical_70_ac1_av_target', 'miller2_EnviromentalSustainability(marker)'))": 0.7599942,
    "(('miller2_vertical_70_ac1_av_source', 'Participatory development and good governance'), ('miller2_vertical_70_ac1_av_target', 'miller2_ParticipatoryDevelopmentAndGoodGovernance'))": 0.7380723,
    "(('miller2_vertical_70_ac1_av_source', 'Bilateral aid (international marker)'), ('miller2_vertical_70_ac1_av_target', 'miller2_BilateralAid(internationalMarker)'))": 0.7274027,
    "(('miller2_vertical_70_ac1_av_source', 'Climate change mitigation (marker)'), ('miller2_vertical_70_ac1_av_target', 'miller2_ClimateChangeMitigation(marker)'))": 0.72260714,
    "(('miller2_vertical_70_ac1_av_source', 'Climate change adaptation (marker)'), ('miller2_vertical_70_ac1_av_target', 'miller2_ClimateChangeAdaptation(marker)'))": 0.7198294,
    "(('miller2_vertical_70_ac1_av_source', 'Disability issues (marker)'), ('miller2_vertical_70_ac1_av_target', 'miller2_DisabilityIssues(marker)'))": 0.71922195,
    "(('miller2_vertical_70_ac1_av_source', 'Trade development (marker)'), ('miller2_vertical_70_ac1_av_target', 'miller2_TradeDevelopment(marker)'))": 0.71922195,
    "(('miller2_vertical_70_ac1_av_source', 'Knowledge for development (marker)'), ('miller2_vertical_70_ac1_av_target', 'miller2_KnowledgeForDevelopment(marker)'))": 0.71877575,
    "(('miller2_vertical_70_ac1_av_source', 'Regional program (marker)'), ('miller2_vertical_70_ac1_av_target', 'miller2_RegionalProgram(marker)'))": 0.7137696,
    "(('miller2_vertical_70_ac1_av_source', 'Urban issues (marker)'), ('miller2_vertical_70_ac1_av_target', 'miller2_UrbanIssues(marker)'))": 0.6880806,
    "(('miller2_vertical_70_ac1_av_source', 'Youth issues (marker)'), ('miller2_vertical_70_ac1_av_target', 'miller2_YouthIssues(marker)'))": 0.6880806,
    "(('miller2_vertical_70_ac1_av_source', 'CFLI (marker)'), ('miller2_vertical_70_ac1_av_target', 'miller2_CFLI(marker)'))": 0.67590845,
    "(('miller2_vertical_70_ac1_av_source', 'Continent ID'), ('miller2_vertical_70_ac1_av_target', 'miller2_ContinentID'))": 0.6720172,
    "(('miller2_vertical_70_ac1_av_source', 'Organisation ID'), ('miller2_vertical_70_ac1_av_target', 'miller2_OrganisationID'))": 0.662186,
    "(('miller2_vertical_70_ac1_av_source', 'ICT as a tool for development (marker)'), ('miller2_vertical_70_ac1_av_target', 'miller2_ICTAsAToolForDevelopment(marker)'))": 0.64818937,
    "(('miller2_vertical_70_ac1_av_source', 'Organisation sub-class'), ('miller2_vertical_70_ac1_av_target', 'miller2_OrganisationSub-class'))": 0.5673296,
    "(('miller2_vertical_70_ac1_av_source', 'Untied amount(Project-level budget)'), ('miller2_vertical_70_ac1_av_target', 'miller2_UntiedAmount(Project-levelBudget)'))": 0.55449086,
    "(('miller2_vertical_70_ac1_av_source', 'Maximum CIDA contribution (project-level)'), ('miller2_vertical_70_ac1_av_target', 'miller2_MaximumCIDAContribution(project-level)'))": 0.5543833,
    "(('miller2_vertical_70_ac1_av_source', 'CountryRegion percent'), ('miller2_vertical_70_ac1_av_target', 'miller2_CountryRegionPercent'))": 0.53900945,
    "(('miller2_vertical_70_ac1_av_source', 'Continent name'), ('miller2_vertical_70_ac1_av_target', 'miller2_ContinentName'))": 0.53802335,
    "(('miller2_vertical_70_ac1_av_source', 'CountryRegion name'), ('miller2_vertical_70_ac1_av_target', 'miller2_CountryRegionName'))": 0.52975214,
    "(('miller2_vertical_70_ac1_av_source', 'Programming process (new)'), ('miller2_vertical_70_ac1_av_target', 'miller2_ProgrammingProcess(new)'))": 0.5091872,
    "(('miller2_vertical_70_ac1_av_source', 'Sector percent'), ('miller2_vertical_70_ac1_av_target', 'miller2_SectorPercent'))": 0.48766938,
    "(('miller2_vertical_70_ac1_av_source', 'Project number'), ('miller2_vertical_70_ac1_av_target', 'miller2_ProjectNumber'))": 0.4862234,
    "(('miller2_vertical_70_ac1_av_source', 'Branch ID'), ('miller2_vertical_70_ac1_av_target', 'miller2_BranchID'))": 0.48328218,
    "(('miller2_vertical_70_ac1_av_source', 'Division name'), ('miller2_vertical_70_ac1_av_target', 'miller2_DivisionName'))": 0.47590846,
    "(('miller2_vertical_70_ac1_av_source', 'IRTC percent'), ('miller2_vertical_70_ac1_av_target', 'miller2_IRTCPercent'))": 0.4659668,
    "(('miller2_vertical_70_ac1_av_source', 'FSTC percent'), ('miller2_vertical_70_ac1_av_target', 'miller2_FSTCPercent'))": 0.4659668,
    "(('miller2_vertical_70_ac1_av_source', 'Amount spent'), ('miller2_vertical_70_ac1_av_target', 'miller2_AmountSpent'))": 0.46448192,
    "(('miller2_vertical_70_ac1_av_source', 'Division ID'), ('miller2_vertical_70_ac1_av_target', 'miller2_DivisionID'))": 0.46280637,
    "(('miller2_vertical_70_ac1_av_source', 'Fund centre name'), ('miller2_vertical_70_ac1_av_target', 'miller2_FundCentreName'))": 0.45264205,
    "(('miller2_vertical_70_ac1_av_source', 'Branch name'), ('miller2_vertical_70_ac1_av_target', 'miller2_BranchName'))": 0.4517458,
    "(('miller2_vertical_70_ac1_av_source', 'Fiscal year'), ('miller2_vertical_70_ac1_av_target', 'miller2_FiscalYear'))": 0.45074567,
    "(('miller2_vertical_70_ac1_av_source', 'Section ID'), ('miller2_vertical_70_ac1_av_target', 'miller2_SectionID'))": 0.43955144,
    "(('miller2_vertical_70_ac1_av_source', 'PBA type'), ('miller2_vertical_70_ac1_av_target', 'miller2_PBAType'))": 0.4028279
  },
  "metrics": {
    "precision": 1.0,
    "recall": 1.0,
    "f1_score": 1.0,
    "precision_at_10_percent": 1.0,
    "precision_at_20_percent": 1.0,
    "precision_at_30_percent": 1.0,
    "precision_at_40_percent": 1.0,
    "precision_at_50_percent": 1.0,
    "precision_at_60_percent": 1.0,
    "precision_at_70_percent": 1.0,
    "precision_at_80_percent": 1.0,
    "precision_at_90_percent": 1.0,
    "recall_at_sizeof_ground_truth": 1.0
  },
  "run_times": {
    "total_time": 4749.544879773,
    "algorithm_time": 4749.544864199999
  }
}