{
  "name": "miller2_vertical_50_ac3_ev__Coma{'max_n': 0, 'strategy': 'COMA_OPT_INST'}",
  "matches": {
    "(('miller2_vertical_50_ac3_ev_source', 'Branch ID'), ('miller2_vertical_50_ac3_ev_target', 'brnchd'))": 0.5435526,
    "(('miller2_vertical_50_ac3_ev_source', 'CFLI (marker)'), ('miller2_vertical_50_ac3_ev_target', 'cfl(mrkr)'))": 0.52304214,
    "(('miller2_vertical_50_ac3_ev_source', 'Status'), ('miller2_vertical_50_ac3_ev_target', 'stts'))": 0.5119839,
    "(('miller2_vertical_50_ac3_ev_source', 'Branch name'), ('miller2_vertical_50_ac3_ev_target', 'brnchnm'))": 0.47702378,
    "(('miller2_vertical_50_ac3_ev_source', 'Fund centre ID'), ('miller2_vertical_50_ac3_ev_target', 'fndcntrd'))": 0.4535037,
    "(('miller2_vertical_50_ac3_ev_source', 'Project number'), ('miller2_vertical_50_ac3_ev_target', 'prjctnmbr'))": 0.44881758,
    "(('miller2_vertical_50_ac3_ev_source', 'Fiscal year'), ('miller2_vertical_50_ac3_ev_target', 'fsclr'))": 0.44652933,
    "(('miller2_vertical_50_ac3_ev_source', 'CountryRegion ID'), ('miller2_vertical_50_ac3_ev_target', 'cntrrgnd'))": 0.4444005,
    "(('miller2_vertical_50_ac3_ev_source', 'CountryRegion percent'), ('miller2_vertical_50_ac3_ev_target', 'cntrrgnprcnt'))": 0.44318587,
    "(('miller2_vertical_50_ac3_ev_source', 'Organisation sub-class'), ('miller2_vertical_50_ac3_ev_target', 'rgnstnsb-clss'))": 0.4356013,
    "(('miller2_vertical_50_ac3_ev_source', 'Biodiversity (marker)'), ('miller2_vertical_50_ac3_ev_target', 'bdvrst(mrkr)'))": 0.4144245,
    "(('miller2_vertical_50_ac3_ev_source', 'Division ID'), ('miller2_vertical_50_ac3_ev_target', 'dvsnd'))": 0.40955538,
    "(('miller2_vertical_50_ac3_ev_source', 'CountryRegion name'), ('miller2_vertical_50_ac3_ev_target', 'cntrrgnnm'))": 0.4040397,
    "(('miller2_vertical_50_ac3_ev_source', 'Desertification (marker)'), ('miller2_vertical_50_ac3_ev_target', 'dsbltsss(mrkr)'))": 0.40361324,
    "(('miller2_vertical_50_ac3_ev_source', 'Desertification (marker)'), ('miller2_vertical_50_ac3_ev_target', 'dsrtfctn(mrkr)'))": 0.40361324,
    "(('miller2_vertical_50_ac3_ev_source', 'CIDA business delivery model (old)'), ('miller2_vertical_50_ac3_ev_target', 'cdbsnssdlvrmdl(ld)'))": 0.39450282,
    "(('miller2_vertical_50_ac3_ev_source', 'Division name'), ('miller2_vertical_50_ac3_ev_target', 'dvsnnm'))": 0.3929786,
    "(('miller2_vertical_50_ac3_ev_source', 'Knowledge for development (marker)'), ('miller2_vertical_50_ac3_ev_target', 'knwldgfrdvlpmnt(mrkr)'))": 0.3866814,
    "(('miller2_vertical_50_ac3_ev_source', 'Bilateral aid (international marker)'), ('miller2_vertical_50_ac3_ev_target', 'bltrld(ntrntnlmrkr)'))": 0.37301117,
    "(('miller2_vertical_50_ac3_ev_source', 'Organisation type'), ('miller2_vertical_50_ac3_ev_target', 'rgnstntp'))": 0.34970087,
    "(('miller2_vertical_50_ac3_ev_source', 'Section ID'), ('miller2_vertical_50_ac3_ev_target', 'sctrd'))": 0.25073987,
    "(('miller2_vertical_50_ac3_ev_source', 'IRTC percent'), ('miller2_vertical_50_ac3_ev_target', 'mntspnt'))": 0.23609456
  },
  "metrics": {
    "precision": 0.8636363636363636,
    "recall": 0.76,
    "f1_score": 0.8085106382978724,
    "precision_at_10_percent": 1.0,
    "precision_at_20_percent": 1.0,
    "precision_at_30_percent": 1.0,
    "precision_at_40_percent": 1.0,
    "precision_at_50_percent": 1.0,
    "precision_at_60_percent": 0.9285714285714286,
    "precision_at_70_percent": 0.9375,
    "precision_at_80_percent": 0.9444444444444444,
    "precision_at_90_percent": 0.95,
    "recall_at_sizeof_ground_truth": 0.76
  },
  "run_times": {
    "total_time": 565.8517410319764,
    "algorithm_time": 565.8517085360363
  }
}