{
  "name": "miller2_both_0_30_ac3_ev__Coma{'max_n': 0, 'strategy': 'COMA_OPT'}",
  "matches": {
    "(('miller2_both_0_30_ac3_ev_source', 'Status'), ('miller2_both_0_30_ac3_ev_target', 'stts'))": 0.3838936,
    "(('miller2_both_0_30_ac3_ev_source', 'Sector ID'), ('miller2_both_0_30_ac3_ev_target', 'sctrd'))": 0.31453937,
    "(('miller2_both_0_30_ac3_ev_source', 'Fund centre ID'), ('miller2_both_0_30_ac3_ev_target', 'fndcntrd'))": 0.3102901,
    "(('miller2_both_0_30_ac3_ev_source', 'Project number'), ('miller2_both_0_30_ac3_ev_target', 'prjctnmbr'))": 0.3044058,
    "(('miller2_both_0_30_ac3_ev_source', 'Fiscal year'), ('miller2_both_0_30_ac3_ev_target', 'fsclr'))": 0.2997666,
    "(('miller2_both_0_30_ac3_ev_source', 'Untied amount(Project-level budget)'), ('miller2_both_0_30_ac3_ev_target', 'ntdmnt(prjct-lvlbdgt)'))": 0.29683447,
    "(('miller2_both_0_30_ac3_ev_source', 'IRTC percent'), ('miller2_both_0_30_ac3_ev_target', 'mntspnt'))": 0.28865552,
    "(('miller2_both_0_30_ac3_ev_source', 'CFLI (marker)'), ('miller2_both_0_30_ac3_ev_target', 'chldrnsss(mrkr)'))": 0.27946433,
    "(('miller2_both_0_30_ac3_ev_source', 'Programming process (new)'), ('miller2_both_0_30_ac3_ev_target', 'prgrmmngprcss(nw)'))": 0.2635093,
    "(('miller2_both_0_30_ac3_ev_source', 'Project Browser country ID'), ('miller2_both_0_30_ac3_ev_target', 'prjctbrwsrcntrd'))": 0.26232702,
    "(('miller2_both_0_30_ac3_ev_source', 'CIDA business delivery model (old)'), ('miller2_both_0_30_ac3_ev_target', 'cdbsnssdlvrmdl(ld)'))": 0.23538277
  },
  "metrics": {
    "precision": 0.8181818181818182,
    "recall": 0.6,
    "f1_score": 0.6923076923076923,
    "precision_at_10_percent": 1.0,
    "precision_at_20_percent": 1.0,
    "precision_at_30_percent": 1.0,
    "precision_at_40_percent": 1.0,
    "precision_at_50_percent": 1.0,
    "precision_at_60_percent": 0.8571428571428571,
    "precision_at_70_percent": 0.75,
    "precision_at_80_percent": 0.7777777777777778,
    "precision_at_90_percent": 0.8,
    "recall_at_sizeof_ground_truth": 0.6
  },
  "run_times": {
    "total_time": 3.82292966125533,
    "algorithm_time": 3.822901152074337
  }
}