{
  "name": "miller2_both_0_30_ac2_ev__Coma{'max_n': 0, 'strategy': 'COMA_OPT_INST'}",
  "matches": {
    "(('miller2_both_0_30_ac2_ev_source', 'Continent ID'), ('miller2_both_0_30_ac2_ev_target', 'ContiID'))": 0.63416976,
    "(('miller2_both_0_30_ac2_ev_source', 'Continent name'), ('miller2_both_0_30_ac2_ev_target', 'ContiN'))": 0.58488053,
    "(('miller2_both_0_30_ac2_ev_source', 'Fiscal year'), ('miller2_both_0_30_ac2_ev_target', 'FiYe'))": 0.46850258,
    "(('miller2_both_0_30_ac2_ev_source', 'Biodiversity (marker)'), ('miller2_both_0_30_ac2_ev_target', 'Bio'))": 0.46121827,
    "(('miller2_both_0_30_ac2_ev_source', 'CIDA business delivery model (old)'), ('miller2_both_0_30_ac2_ev_target', 'CIDABusDeliMod'))": 0.44834766,
    "(('miller2_both_0_30_ac2_ev_source', 'Programming process (new)'), ('miller2_both_0_30_ac2_ev_target', 'ProPr'))": 0.44660205,
    "(('miller2_both_0_30_ac2_ev_source', 'Trade development (marker)'), ('miller2_both_0_30_ac2_ev_target', 'KnoFoDevelo'))": 0.4430191,
    "(('miller2_both_0_30_ac2_ev_source', 'Division ID'), ('miller2_both_0_30_ac2_ev_target', 'DivID'))": 0.42284387,
    "(('miller2_both_0_30_ac2_ev_source', 'CountryRegion percent'), ('miller2_both_0_30_ac2_ev_target', 'SePerc'))": 0.41187435,
    "(('miller2_both_0_30_ac2_ev_source', 'CFLI (marker)'), ('miller2_both_0_30_ac2_ev_target', 'ChIss'))": 0.41085777,
    "(('miller2_both_0_30_ac2_ev_source', 'Organisation name'), ('miller2_both_0_30_ac2_ev_target', 'OrganN'))": 0.40943375,
    "(('miller2_both_0_30_ac2_ev_source', 'Section ID'), ('miller2_both_0_30_ac2_ev_target', 'SecID'))": 0.40830153,
    "(('miller2_both_0_30_ac2_ev_source', 'CountryRegion percent'), ('miller2_both_0_30_ac2_ev_target', 'CounRegPer'))": 0.40812093,
    "(('miller2_both_0_30_ac2_ev_source', 'Desertification (marker)'), ('miller2_both_0_30_ac2_ev_target', 'DisIs'))": 0.3869353,
    "(('miller2_both_0_30_ac2_ev_source', 'CountryRegion ID'), ('miller2_both_0_30_ac2_ev_target', 'CoReID'))": 0.38517755,
    "(('miller2_both_0_30_ac2_ev_source', 'Branch ID'), ('miller2_both_0_30_ac2_ev_target', 'BraN'))": 0.38471904,
    "(('miller2_both_0_30_ac2_ev_source', 'PBA type'), ('miller2_both_0_30_ac2_ev_target', 'AmoSpe'))": 0.27920753
  },
  "metrics": {
    "precision": 0.6470588235294118,
    "recall": 0.7333333333333333,
    "f1_score": 0.6875,
    "precision_at_10_percent": 1.0,
    "precision_at_20_percent": 1.0,
    "precision_at_30_percent": 1.0,
    "precision_at_40_percent": 0.8571428571428571,
    "precision_at_50_percent": 0.7777777777777778,
    "precision_at_60_percent": 0.7272727272727273,
    "precision_at_70_percent": 0.75,
    "precision_at_80_percent": 0.7142857142857143,
    "precision_at_90_percent": 0.6875,
    "recall_at_sizeof_ground_truth": 0.7333333333333333
  },
  "run_times": {
    "total_time": 462.2550676916726,
    "algorithm_time": 462.25503425160423
  }
}