{
  "name": "miller2_vertical_50_ac1_ev__Coma{'max_n': 0, 'strategy': 'COMA_OPT_INST'}",
  "matches": {
    "(('miller2_vertical_50_ac1_ev_source', 'Enviromental sustainability (marker)'), ('miller2_vertical_50_ac1_ev_target', 'miller2_EnviromentalSustainability(marker)'))": 0.75511086,
    "(('miller2_vertical_50_ac1_ev_source', 'Untied amount(Project-level budget)'), ('miller2_vertical_50_ac1_ev_target', 'miller2_UntiedAmount(Project-levelBudget)'))": 0.74960744,
    "(('miller2_vertical_50_ac1_ev_source', 'Organisation sub-class'), ('miller2_vertical_50_ac1_ev_target', 'miller2_OrganisationSub-class'))": 0.7381412,
    "(('miller2_vertical_50_ac1_ev_source', 'Participatory development and good governance'), ('miller2_vertical_50_ac1_ev_target', 'miller2_ParticipatoryDevelopmentAndGoodGovernance'))": 0.7331889,
    "(('miller2_vertical_50_ac1_ev_source', 'Biodiversity (marker)'), ('miller2_vertical_50_ac1_ev_target', 'miller2_Biodiversity(marker)'))": 0.73210925,
    "(('miller2_vertical_50_ac1_ev_source', 'Bilateral aid (international marker)'), ('miller2_vertical_50_ac1_ev_target', 'miller2_BilateralAid(internationalMarker)'))": 0.7225193,
    "(('miller2_vertical_50_ac1_ev_source', 'Climate change adaptation (marker)'), ('miller2_vertical_50_ac1_ev_target', 'miller2_ClimateChangeAdaptation(marker)'))": 0.714946,
    "(('miller2_vertical_50_ac1_ev_source', 'Disability issues (marker)'), ('miller2_vertical_50_ac1_ev_target', 'miller2_DisabilityIssues(marker)'))": 0.7143386,
    "(('miller2_vertical_50_ac1_ev_source', 'Organisation class'), ('miller2_vertical_50_ac1_ev_target', 'miller2_OrganisationClass'))": 0.7142688,
    "(('miller2_vertical_50_ac1_ev_source', 'Knowledge for development (marker)'), ('miller2_vertical_50_ac1_ev_target', 'miller2_KnowledgeForDevelopment(marker)'))": 0.71389234,
    "(('miller2_vertical_50_ac1_ev_source', 'Organisation type'), ('miller2_vertical_50_ac1_ev_target', 'miller2_OrganisationType'))": 0.70706904,
    "(('miller2_vertical_50_ac1_ev_source', 'Programming process (new)'), ('miller2_vertical_50_ac1_ev_target', 'miller2_ProgrammingProcess(new)'))": 0.7043038,
    "(('miller2_vertical_50_ac1_ev_source', 'Children issues (marker)'), ('miller2_vertical_50_ac1_ev_target', 'miller2_ChildrenIssues(marker)'))": 0.70308477,
    "(('miller2_vertical_50_ac1_ev_source', 'Gender equality (marker)'), ('miller2_vertical_50_ac1_ev_target', 'miller2_GenderEquality(marker)'))": 0.70308477,
    "(('miller2_vertical_50_ac1_ev_source', 'CountryRegion ID'), ('miller2_vertical_50_ac1_ev_target', 'miller2_CountryRegionID'))": 0.6992434,
    "(('miller2_vertical_50_ac1_ev_source', 'Urban issues (marker)'), ('miller2_vertical_50_ac1_ev_target', 'miller2_UrbanIssues(marker)'))": 0.6831972,
    "(('miller2_vertical_50_ac1_ev_source', 'Continent name'), ('miller2_vertical_50_ac1_ev_target', 'miller2_ContinentName'))": 0.68134004,
    "(('miller2_vertical_50_ac1_ev_source', 'CIDA business delivery model (old)'), ('miller2_vertical_50_ac1_ev_target', 'miller2_CIDABusinessDeliveryModel(old)'))": 0.67231214,
    "(('miller2_vertical_50_ac1_ev_source', 'Status'), ('miller2_vertical_50_ac1_ev_target', 'miller2_Status'))": 0.66764534,
    "(('miller2_vertical_50_ac1_ev_source', 'FSTC percent'), ('miller2_vertical_50_ac1_ev_target', 'miller2_FSTCPercent'))": 0.66108346,
    "(('miller2_vertical_50_ac1_ev_source', 'Sector name'), ('miller2_vertical_50_ac1_ev_target', 'miller2_SectorName'))": 0.6468624,
    "(('miller2_vertical_50_ac1_ev_source', 'Fiscal year'), ('miller2_vertical_50_ac1_ev_target', 'miller2_FiscalYear'))": 0.6458623,
    "(('miller2_vertical_50_ac1_ev_source', 'Section ID'), ('miller2_vertical_50_ac1_ev_target', 'miller2_SectionID'))": 0.63256806,
    "(('miller2_vertical_50_ac1_ev_source', 'Branch ID'), ('miller2_vertical_50_ac1_ev_target', 'miller2_BranchID'))": 0.6163988,
    "(('miller2_vertical_50_ac1_ev_source', 'Fund centre ID'), ('miller2_vertical_50_ac1_ev_target', 'miller2_FundCentreID'))": 0.6142453,
    "(('miller2_vertical_50_ac1_ev_source', 'Fund centre name'), ('miller2_vertical_50_ac1_ev_target', 'miller2_CountryRegionName'))": 0.45203915
  },
  "metrics": {
    "precision": 0.9615384615384616,
    "recall": 1.0,
    "f1_score": 0.9803921568627451,
    "precision_at_10_percent": 1.0,
    "precision_at_20_percent": 1.0,
    "precision_at_30_percent": 1.0,
    "precision_at_40_percent": 1.0,
    "precision_at_50_percent": 1.0,
    "precision_at_60_percent": 1.0,
    "precision_at_70_percent": 1.0,
    "precision_at_80_percent": 1.0,
    "precision_at_90_percent": 1.0,
    "recall_at_sizeof_ground_truth": 1.0
  },
  "run_times": {
    "total_time": 556.5808913251385,
    "algorithm_time": 556.580860709073
  }
}