{
  "name": "miller2_both_0_30_ac4_ev__Coma{'max_n': 0, 'strategy': 'COMA_OPT'}",
  "matches": {
    "(('miller2_both_0_30_ac4_ev_source', 'Sector ID'), ('miller2_both_0_30_ac4_ev_target', 'Sector ID'))": 0.74735963,
    "(('miller2_both_0_30_ac4_ev_source', 'Organisation ID'), ('miller2_both_0_30_ac4_ev_target', 'miller2_OrgaID'))": 0.3269985,
    "(('miller2_both_0_30_ac4_ev_source', 'Project Browser country ID'), ('miller2_both_0_30_ac4_ev_target', 'miller2_ProBroCounID'))": 0.30996072,
    "(('miller2_both_0_30_ac4_ev_source', 'Biodiversity (marker)'), ('miller2_both_0_30_ac4_ev_target', 'miller2_Biodiv'))": 0.30026478,
    "(('miller2_both_0_30_ac4_ev_source', 'Continent name'), ('miller2_both_0_30_ac4_ev_target', 'miller2_ContiID'))": 0.29154083,
    "(('miller2_both_0_30_ac4_ev_source', 'CountryRegion name'), ('miller2_both_0_30_ac4_ev_target', 'miller2_CouRegID'))": 0.27664804,
    "(('miller2_both_0_30_ac4_ev_source', 'Project number'), ('miller2_both_0_30_ac4_ev_target', 'miller2_Deser'))": 0.26324877,
    "(('miller2_both_0_30_ac4_ev_source', 'Status'), ('miller2_both_0_30_ac4_ev_target', 'miller2_UrIs'))": 0.2570616,
    "(('miller2_both_0_30_ac4_ev_source', 'Indigenous issues (marker)'), ('miller2_both_0_30_ac4_ev_target', 'miller2_IndigIs'))": 0.24970642
  },
  "metrics": {
    "precision": 0.5555555555555556,
    "recall": 0.3333333333333333,
    "f1_score": 0.4166666666666667,
    "precision_at_10_percent": 1.0,
    "precision_at_20_percent": 1.0,
    "precision_at_30_percent": 1.0,
    "precision_at_40_percent": 1.0,
    "precision_at_50_percent": 0.8,
    "precision_at_60_percent": 0.6666666666666666,
    "precision_at_70_percent": 0.5714285714285714,
    "precision_at_80_percent": 0.5,
    "precision_at_90_percent": 0.5555555555555556,
    "recall_at_sizeof_ground_truth": 0.3333333333333333
  },
  "run_times": {
    "total_time": 3.8242626641876996,
    "algorithm_time": 3.8242366551421583
  }
}