{
  "name": "Musicians_viewunion__Coma{'max_n': 0, 'strategy': 'COMA_OPT_INST'}",
  "matches": {
    "(('musicians_viewunion_source', 'birthDate'), ('musicians_viewunion_target', 'birthDate'))": 0.67182,
    "(('musicians_viewunion_source', 'familyNameLabel'), ('musicians_viewunion_target', 'familyName'))": 0.56238514,
    "(('musicians_viewunion_source', 'musician'), ('musicians_viewunion_target', 'musicianID'))": 0.53427684,
    "(('musicians_viewunion_source', 'numberOfChildren'), ('musicians_viewunion_target', 'NChildren'))": 0.45804533,
    "(('musicians_viewunion_source', 'givenNameLabel'), ('musicians_viewunion_target', 'forename'))": 0.3680327,
    "(('musicians_viewunion_source', 'websiteLabel'), ('musicians_viewunion_target', 'webpage'))": 0.32513022,
    "(('musicians_viewunion_source', 'twitterNameLabel'), ('musicians_viewunion_target', 'motherName'))": 0.311179,
    "(('musicians_viewunion_source', 'ethnicityLabel'), ('musicians_viewunion_target', 'city'))": 0.28124666,
    "(('musicians_viewunion_source', 'recordLabelLabel'), ('musicians_viewunion_target', 'kind'))": 0.24016242
  },
  "metrics": {
    "precision": 0.5555555555555556,
    "recall": 0.8333333333333334,
    "f1_score": 0.6666666666666667,
    "precision_at_10_percent": 1.0,
    "precision_at_20_percent": 1.0,
    "precision_at_30_percent": 1.0,
    "precision_at_40_percent": 1.0,
    "precision_at_50_percent": 0.8,
    "precision_at_60_percent": 0.8333333333333334,
    "precision_at_70_percent": 0.7142857142857143,
    "precision_at_80_percent": 0.625,
    "precision_at_90_percent": 0.5555555555555556,
    "recall_at_sizeof_ground_truth": 0.8333333333333334
  },
  "run_times": {
    "total_time": 292.26641100700004,
    "algorithm_time": 292.26639625700005
  }
}