{
  "name": "prospect_both_0_30_ac1_av__Coma{'max_n': 0, 'strategy': 'COMA_OPT'}",
  "matches": {
    "(('prospect_both_0_30_ac1_av_source', 'PostalCode'), ('prospect_both_0_30_ac1_av_target', 'prospect_PostalCode'))": 0.6221567,
    "(('prospect_both_0_30_ac1_av_source', 'AddressLine2'), ('prospect_both_0_30_ac1_av_target', 'prospect_AddressLine2'))": 0.6130971,
    "(('prospect_both_0_30_ac1_av_source', 'AddressLine1'), ('prospect_both_0_30_ac1_av_target', 'prospect_AddressLine1'))": 0.6130971,
    "(('prospect_both_0_30_ac1_av_source', 'AgencyID'), ('prospect_both_0_30_ac1_av_target', 'prospect_AgencyID'))": 0.560463,
    "(('prospect_both_0_30_ac1_av_source', 'LastName'), ('prospect_both_0_30_ac1_av_target', 'prospect_LastName'))": 0.560463,
    "(('prospect_both_0_30_ac1_av_source', 'Phone'), ('prospect_both_0_30_ac1_av_target', 'prospect_Phone'))": 0.5440643,
    "(('prospect_both_0_30_ac1_av_source', 'NumberCars'), ('prospect_both_0_30_ac1_av_target', 'prospect_NumberCreditCards'))": 0.43422097,
    "(('prospect_both_0_30_ac1_av_source', 'State'), ('prospect_both_0_30_ac1_av_target', 'prospect_MaritalStatus'))": 0.34602493,
    "(('prospect_both_0_30_ac1_av_source', 'Gender'), ('prospect_both_0_30_ac1_av_target', 'prospect_Employer'))": 0.33034474
  },
  "metrics": {
    "precision": 0.6666666666666666,
    "recall": 1.0,
    "f1_score": 0.8,
    "precision_at_10_percent": 1.0,
    "precision_at_20_percent": 1.0,
    "precision_at_30_percent": 1.0,
    "precision_at_40_percent": 1.0,
    "precision_at_50_percent": 1.0,
    "precision_at_60_percent": 1.0,
    "precision_at_70_percent": 0.8571428571428571,
    "precision_at_80_percent": 0.75,
    "precision_at_90_percent": 0.6666666666666666,
    "recall_at_sizeof_ground_truth": 1.0
  },
  "run_times": {
    "total_time": 10.75814986899968,
    "algorithm_time": 10.758133739999721
  }
}