{
  "name": "prospect_vertical_70_ac3_av__Coma{'max_n': 0, 'strategy': 'COMA_OPT'}",
  "matches": {
    "(('prospect_vertical_70_ac3_av_source', 'State'), ('prospect_vertical_70_ac3_av_target', 'stt'))": 0.4026561,
    "(('prospect_vertical_70_ac3_av_source', 'Phone'), ('prospect_vertical_70_ac3_av_target', 'phn'))": 0.4026561,
    "(('prospect_vertical_70_ac3_av_source', 'Gender'), ('prospect_vertical_70_ac3_av_target', 'gndr'))": 0.37480617,
    "(('prospect_vertical_70_ac3_av_source', 'NumberCreditCards'), ('prospect_vertical_70_ac3_av_target', 'nmbrcrdtcrds'))": 0.37245825,
    "(('prospect_vertical_70_ac3_av_source', 'Country'), ('prospect_vertical_70_ac3_av_target', 'cntr'))": 0.36332875,
    "(('prospect_vertical_70_ac3_av_source', 'AddressLine2'), ('prospect_vertical_70_ac3_av_target', 'ddrssln2'))": 0.34917125,
    "(('prospect_vertical_70_ac3_av_source', 'AddressLine1'), ('prospect_vertical_70_ac3_av_target', 'ddrssln1'))": 0.34917125,
    "(('prospect_vertical_70_ac3_av_source', 'City'), ('prospect_vertical_70_ac3_av_target', 'ct'))": 0.3455149,
    "(('prospect_vertical_70_ac3_av_source', 'MiddleInitial'), ('prospect_vertical_70_ac3_av_target', 'mddlntl'))": 0.34417126,
    "(('prospect_vertical_70_ac3_av_source', 'LastName'), ('prospect_vertical_70_ac3_av_target', 'lstnm'))": 0.3438613,
    "(('prospect_vertical_70_ac3_av_source', 'MaritalStatus'), ('prospect_vertical_70_ac3_av_target', 'mrtlstts'))": 0.33753756,
    "(('prospect_vertical_70_ac3_av_source', 'OwnOrRentFlag'), ('prospect_vertical_70_ac3_av_target', 'wnrrntflg'))": 0.33622253
  },
  "metrics": {
    "precision": 1.0,
    "recall": 0.8,
    "f1_score": 0.888888888888889,
    "precision_at_10_percent": 1.0,
    "precision_at_20_percent": 1.0,
    "precision_at_30_percent": 1.0,
    "precision_at_40_percent": 1.0,
    "precision_at_50_percent": 1.0,
    "precision_at_60_percent": 1.0,
    "precision_at_70_percent": 1.0,
    "precision_at_80_percent": 1.0,
    "precision_at_90_percent": 1.0,
    "recall_at_sizeof_ground_truth": 0.8
  },
  "run_times": {
    "total_time": 2.1086111100012204,
    "algorithm_time": 2.10859390800033
  }
}