{
  "name": "prospect_vertical_30_ac5_ev__Coma{'max_n': 0, 'strategy': 'COMA_OPT'}",
  "matches": {
    "(('prospect_vertical_30_ac5_ev_source', 'AddressLine2'), ('prospect_vertical_30_ac5_ev_target', 'prospect_ddrssln2'))": 0.27770013,
    "(('prospect_vertical_30_ac5_ev_source', 'NumberCars'), ('prospect_vertical_30_ac5_ev_target', 'prospect_nmbrcrs'))": 0.2534577
  },
  "metrics": {
    "precision": 1.0,
    "recall": 0.3333333333333333,
    "f1_score": 0.5,
    "precision_at_10_percent": 1.0,
    "precision_at_20_percent": 1.0,
    "precision_at_30_percent": 1.0,
    "precision_at_40_percent": 1.0,
    "precision_at_50_percent": 1.0,
    "precision_at_60_percent": 1.0,
    "precision_at_70_percent": 1.0,
    "precision_at_80_percent": 1.0,
    "precision_at_90_percent": 1.0,
    "recall_at_sizeof_ground_truth": 0.3333333333333333
  },
  "run_times": {
    "total_time": 1.5897867660969496,
    "algorithm_time": 1.5897589130327106
  }
}