{
  "name": "prospect_both_0_70_ac1_av__Coma{'max_n': 0, 'strategy': 'COMA_OPT_INST'}",
  "matches": {
    "(('prospect_both_0_70_ac1_av_source', 'OwnOrRentFlag'), ('prospect_both_0_70_ac1_av_target', 'prospect_OwnOrRentFlag'))": 0.7287738,
    "(('prospect_both_0_70_ac1_av_source', 'NumberChildren'), ('prospect_both_0_70_ac1_av_target', 'prospect_NumberChildren'))": 0.72626287,
    "(('prospect_both_0_70_ac1_av_source', 'MiddleInitial'), ('prospect_both_0_70_ac1_av_target', 'prospect_MiddleInitial'))": 0.71880853,
    "(('prospect_both_0_70_ac1_av_source', 'NumberCars'), ('prospect_both_0_70_ac1_av_target', 'prospect_NumberCars'))": 0.7021766,
    "(('prospect_both_0_70_ac1_av_source', 'CreditRating'), ('prospect_both_0_70_ac1_av_target', 'prospect_CreditRating'))": 0.6455096,
    "(('prospect_both_0_70_ac1_av_source', 'Gender'), ('prospect_both_0_70_ac1_av_target', 'prospect_Gender'))": 0.6444604,
    "(('prospect_both_0_70_ac1_av_source', 'State'), ('prospect_both_0_70_ac1_av_target', 'prospect_State'))": 0.5918271,
    "(('prospect_both_0_70_ac1_av_source', 'AddressLine2'), ('prospect_both_0_70_ac1_av_target', 'prospect_AddressLine2'))": 0.5208124,
    "(('prospect_both_0_70_ac1_av_source', 'AddressLine1'), ('prospect_both_0_70_ac1_av_target', 'prospect_AddressLine1'))": 0.5208124,
    "(('prospect_both_0_70_ac1_av_source', 'FirstName'), ('prospect_both_0_70_ac1_av_target', 'prospect_FirstName'))": 0.49116,
    "(('prospect_both_0_70_ac1_av_source', 'AgencyID'), ('prospect_both_0_70_ac1_av_target', 'prospect_AgencyID'))": 0.4787051,
    "(('prospect_both_0_70_ac1_av_source', 'NetWorth'), ('prospect_both_0_70_ac1_av_target', 'prospect_NetWorth'))": 0.4787051,
    "(('prospect_both_0_70_ac1_av_source', 'LastName'), ('prospect_both_0_70_ac1_av_target', 'prospect_LastName'))": 0.4787051,
    "(('prospect_both_0_70_ac1_av_source', 'Phone'), ('prospect_both_0_70_ac1_av_target', 'prospect_Phone'))": 0.46558613,
    "(('prospect_both_0_70_ac1_av_source', 'City'), ('prospect_both_0_70_ac1_av_target', 'prospect_City'))": 0.41177425
  },
  "metrics": {
    "precision": 1.0,
    "recall": 1.0,
    "f1_score": 1.0,
    "precision_at_10_percent": 1.0,
    "precision_at_20_percent": 1.0,
    "precision_at_30_percent": 1.0,
    "precision_at_40_percent": 1.0,
    "precision_at_50_percent": 1.0,
    "precision_at_60_percent": 1.0,
    "precision_at_70_percent": 1.0,
    "precision_at_80_percent": 1.0,
    "precision_at_90_percent": 1.0,
    "recall_at_sizeof_ground_truth": 1.0
  },
  "run_times": {
    "total_time": 9375.22773594,
    "algorithm_time": 9375.227719216
  }
}