{
  "name": "prospect_vertical_30_ac5_av__Coma{'max_n': 0, 'strategy': 'COMA_OPT'}",
  "matches": {
    "(('prospect_vertical_30_ac5_av_source', 'NumberChildren'), ('prospect_vertical_30_ac5_av_target', 'prospect_nmbrchldrn'))": 0.2658175,
    "(('prospect_vertical_30_ac5_av_source', 'FirstName'), ('prospect_vertical_30_ac5_av_target', 'prospect_frstnm'))": 0.26363844
  },
  "metrics": {
    "precision": 1.0,
    "recall": 0.3333333333333333,
    "f1_score": 0.5,
    "precision_at_10_percent": 1.0,
    "precision_at_20_percent": 1.0,
    "precision_at_30_percent": 1.0,
    "precision_at_40_percent": 1.0,
    "precision_at_50_percent": 1.0,
    "precision_at_60_percent": 1.0,
    "precision_at_70_percent": 1.0,
    "precision_at_80_percent": 1.0,
    "precision_at_90_percent": 1.0,
    "recall_at_sizeof_ground_truth": 0.3333333333333333
  },
  "run_times": {
    "total_time": 4.2662338049995014,
    "algorithm_time": 4.266214706000028
  }
}