{
  "name": "prospect_vertical_50_ac3_av__Coma{'max_n': 0, 'strategy': 'COMA_OPT'}",
  "matches": {
    "(('prospect_vertical_50_ac3_av_source', 'NetWorth'), ('prospect_vertical_50_ac3_av_target', 'ntwrth'))": 0.4603631,
    "(('prospect_vertical_50_ac3_av_source', 'Phone'), ('prospect_vertical_50_ac3_av_target', 'phn'))": 0.40577468,
    "(('prospect_vertical_50_ac3_av_source', 'CreditRating'), ('prospect_vertical_50_ac3_av_target', 'crdtrtng'))": 0.39395648,
    "(('prospect_vertical_50_ac3_av_source', 'NumberCreditCards'), ('prospect_vertical_50_ac3_av_target', 'nmbrcrdtcrds'))": 0.37557682,
    "(('prospect_vertical_50_ac3_av_source', 'NumberCars'), ('prospect_vertical_50_ac3_av_target', 'nmbrcrs'))": 0.37025005,
    "(('prospect_vertical_50_ac3_av_source', 'AddressLine1'), ('prospect_vertical_50_ac3_av_target', 'ddrssln1'))": 0.35228983,
    "(('prospect_vertical_50_ac3_av_source', 'City'), ('prospect_vertical_50_ac3_av_target', 'ct'))": 0.34863347,
    "(('prospect_vertical_50_ac3_av_source', 'MiddleInitial'), ('prospect_vertical_50_ac3_av_target', 'mddlntl'))": 0.34728983,
    "(('prospect_vertical_50_ac3_av_source', 'Gender'), ('prospect_vertical_50_ac3_av_target', 'g'))": 0.34656185,
    "(('prospect_vertical_50_ac3_av_source', 'MaritalStatus'), ('prospect_vertical_50_ac3_av_target', 'mrtlstts'))": 0.34065613,
    "(('prospect_vertical_50_ac3_av_source', 'OwnOrRentFlag'), ('prospect_vertical_50_ac3_av_target', 'wnrrntflg'))": 0.3393411
  },
  "metrics": {
    "precision": 0.9090909090909091,
    "recall": 0.9090909090909091,
    "f1_score": 0.9090909090909091,
    "precision_at_10_percent": 1.0,
    "precision_at_20_percent": 1.0,
    "precision_at_30_percent": 1.0,
    "precision_at_40_percent": 1.0,
    "precision_at_50_percent": 1.0,
    "precision_at_60_percent": 1.0,
    "precision_at_70_percent": 1.0,
    "precision_at_80_percent": 0.8888888888888888,
    "precision_at_90_percent": 0.9,
    "recall_at_sizeof_ground_truth": 0.9090909090909091
  },
  "run_times": {
    "total_time": 5.350785516000542,
    "algorithm_time": 5.350758219001364
  }
}