{
  "name": "prospect_both_50_30_ec_av__Coma{'max_n': 0, 'strategy': 'COMA_OPT'}",
  "matches": {
    "(('prospect_both_50_30_ec_av_source', 'NumberCreditCards'), ('prospect_both_50_30_ec_av_target', 'NumberCreditCards'))": 0.86177623,
    "(('prospect_both_50_30_ec_av_source', 'AddressLine1'), ('prospect_both_50_30_ec_av_target', 'AddressLine1'))": 0.8581398,
    "(('prospect_both_50_30_ec_av_source', 'PostalCode'), ('prospect_both_50_30_ec_av_target', 'PostalCode'))": 0.85647315,
    "(('prospect_both_50_30_ec_av_source', 'AgencyID'), ('prospect_both_50_30_ec_av_target', 'AgencyID'))": 0.8546616,
    "(('prospect_both_50_30_ec_av_source', 'Income'), ('prospect_both_50_30_ec_av_target', 'Income'))": 0.8526853,
    "(('prospect_both_50_30_ec_av_source', 'City'), ('prospect_both_50_30_ec_av_target', 'City'))": 0.8505208,
    "(('prospect_both_50_30_ec_av_source', 'State'), ('prospect_both_50_30_ec_av_target', 'MaritalStatus'))": 0.4493971,
    "(('prospect_both_50_30_ec_av_source', 'Gender'), ('prospect_both_50_30_ec_av_target', 'Employer'))": 0.43147314
  },
  "metrics": {
    "precision": 0.75,
    "recall": 1.0,
    "f1_score": 0.8571428571428571,
    "precision_at_10_percent": 1.0,
    "precision_at_20_percent": 1.0,
    "precision_at_30_percent": 1.0,
    "precision_at_40_percent": 1.0,
    "precision_at_50_percent": 1.0,
    "precision_at_60_percent": 1.0,
    "precision_at_70_percent": 1.0,
    "precision_at_80_percent": 0.8571428571428571,
    "precision_at_90_percent": 0.75,
    "recall_at_sizeof_ground_truth": 1.0
  },
  "run_times": {
    "total_time": 22.5174137790018,
    "algorithm_time": 22.517396060000465
  }
}