{
  "name": "prospect_both_50_50_ac5_ev__Coma{'max_n': 0, 'strategy': 'COMA_OPT'}",
  "matches": {
    "(('prospect_both_50_50_ac5_ev_source', 'NetWorth'), ('prospect_both_50_50_ac5_ev_target', 'prospect_ntwrth'))": 0.3080992,
    "(('prospect_both_50_50_ac5_ev_source', 'AddressLine1'), ('prospect_both_50_50_ac5_ev_target', 'prospect_ddrssln1'))": 0.27713332,
    "(('prospect_both_50_50_ac5_ev_source', 'Employer'), ('prospect_both_50_50_ac5_ev_target', 'prospect_mplr'))": 0.27522042,
    "(('prospect_both_50_50_ac5_ev_source', 'NumberCars'), ('prospect_both_50_50_ac5_ev_target', 'prospect_nmbrcrs'))": 0.25272286
  },
  "metrics": {
    "precision": 1.0,
    "recall": 0.36363636363636365,
    "f1_score": 0.5333333333333333,
    "precision_at_10_percent": 1.0,
    "precision_at_20_percent": 1.0,
    "precision_at_30_percent": 1.0,
    "precision_at_40_percent": 1.0,
    "precision_at_50_percent": 1.0,
    "precision_at_60_percent": 1.0,
    "precision_at_70_percent": 1.0,
    "precision_at_80_percent": 1.0,
    "precision_at_90_percent": 1.0,
    "recall_at_sizeof_ground_truth": 0.36363636363636365
  },
  "run_times": {
    "total_time": 1.4740372328087687,
    "algorithm_time": 1.4740162817761302
  }
}