{
  "name": "prospect_both_0_30_ac5_ev__Coma{'max_n': 0, 'strategy': 'COMA_OPT_INST'}",
  "matches": {
    "(('prospect_both_0_30_ac5_ev_source', 'OwnOrRentFlag'), ('prospect_both_0_30_ac5_ev_target', 'prospect_wnrrntflg'))": 0.4172195,
    "(('prospect_both_0_30_ac5_ev_source', 'NumberCars'), ('prospect_both_0_30_ac5_ev_target', 'prospect_nmbrcrs'))": 0.40450773,
    "(('prospect_both_0_30_ac5_ev_source', 'MiddleInitial'), ('prospect_both_0_30_ac5_ev_target', 'prospect_mrtlstts'))": 0.2913536,
    "(('prospect_both_0_30_ac5_ev_source', 'NetWorth'), ('prospect_both_0_30_ac5_ev_target', 'prospect_ntwrth'))": 0.24866739,
    "(('prospect_both_0_30_ac5_ev_source', 'AddressLine1'), ('prospect_both_0_30_ac5_ev_target', 'prospect_ddrssln1'))": 0.22398758
  },
  "metrics": {
    "precision": 0.8,
    "recall": 0.6666666666666666,
    "f1_score": 0.7272727272727272,
    "precision_at_10_percent": 1.0,
    "precision_at_20_percent": 1.0,
    "precision_at_30_percent": 1.0,
    "precision_at_40_percent": 1.0,
    "precision_at_50_percent": 0.6666666666666666,
    "precision_at_60_percent": 0.6666666666666666,
    "precision_at_70_percent": 0.75,
    "precision_at_80_percent": 0.75,
    "precision_at_90_percent": 0.8,
    "recall_at_sizeof_ground_truth": 0.6666666666666666
  },
  "run_times": {
    "total_time": 153.86254162620753,
    "algorithm_time": 153.8625093679875
  }
}