{
  "name": "prospect_both_0_50_ac1_av__Coma{'max_n': 0, 'strategy': 'COMA_OPT_INST'}",
  "matches": {
    "(('prospect_both_0_50_ac1_av_source', 'NumberChildren'), ('prospect_both_0_50_ac1_av_target', 'prospect_NumberChildren'))": 0.73114455,
    "(('prospect_both_0_50_ac1_av_source', 'OwnOrRentFlag'), ('prospect_both_0_50_ac1_av_target', 'prospect_OwnOrRentFlag'))": 0.7175077,
    "(('prospect_both_0_50_ac1_av_source', 'State'), ('prospect_both_0_50_ac1_av_target', 'prospect_State'))": 0.58056104,
    "(('prospect_both_0_50_ac1_av_source', 'PostalCode'), ('prospect_both_0_50_ac1_av_target', 'prospect_PostalCode'))": 0.51679397,
    "(('prospect_both_0_50_ac1_av_source', 'AddressLine1'), ('prospect_both_0_50_ac1_av_target', 'prospect_AddressLine1'))": 0.5095463,
    "(('prospect_both_0_50_ac1_av_source', 'AddressLine2'), ('prospect_both_0_50_ac1_av_target', 'prospect_AddressLine2'))": 0.5095463,
    "(('prospect_both_0_50_ac1_av_source', 'FirstName'), ('prospect_both_0_50_ac1_av_target', 'prospect_FirstName'))": 0.47989392,
    "(('prospect_both_0_50_ac1_av_source', 'AgencyID'), ('prospect_both_0_50_ac1_av_target', 'prospect_AgencyID'))": 0.46743903,
    "(('prospect_both_0_50_ac1_av_source', 'LastName'), ('prospect_both_0_50_ac1_av_target', 'prospect_LastName'))": 0.46743903,
    "(('prospect_both_0_50_ac1_av_source', 'Phone'), ('prospect_both_0_50_ac1_av_target', 'prospect_Phone'))": 0.45432004,
    "(('prospect_both_0_50_ac1_av_source', 'Country'), ('prospect_both_0_50_ac1_av_target', 'prospect_Country'))": 0.45323166,
    "(('prospect_both_0_50_ac1_av_source', 'MiddleInitial'), ('prospect_both_0_50_ac1_av_target', 'prospect_MaritalStatus'))": 0.35437483
  },
  "metrics": {
    "precision": 0.9166666666666666,
    "recall": 1.0,
    "f1_score": 0.9565217391304348,
    "precision_at_10_percent": 1.0,
    "precision_at_20_percent": 1.0,
    "precision_at_30_percent": 1.0,
    "precision_at_40_percent": 1.0,
    "precision_at_50_percent": 1.0,
    "precision_at_60_percent": 1.0,
    "precision_at_70_percent": 1.0,
    "precision_at_80_percent": 1.0,
    "precision_at_90_percent": 1.0,
    "recall_at_sizeof_ground_truth": 1.0
  },
  "run_times": {
    "total_time": 9426.189889641002,
    "algorithm_time": 9426.189872616002
  }
}