{
  "name": "prospect_both_0_70_ac5_ev__Coma{'max_n': 0, 'strategy': 'COMA_OPT_INST'}",
  "matches": {
    "(('prospect_both_0_70_ac5_ev_source', 'NumberCreditCards'), ('prospect_both_0_70_ac5_ev_target', 'prospect_nmbrcrdtcrds'))": 0.42671356,
    "(('prospect_both_0_70_ac5_ev_source', 'NumberChildren'), ('prospect_both_0_70_ac5_ev_target', 'prospect_nmbrchldrn'))": 0.41629332,
    "(('prospect_both_0_70_ac5_ev_source', 'NumberCars'), ('prospect_both_0_70_ac5_ev_target', 'prospect_nmbrcrs'))": 0.40799612,
    "(('prospect_both_0_70_ac5_ev_source', 'MiddleInitial'), ('prospect_both_0_70_ac5_ev_target', 'prospect_mddlntl'))": 0.39196768,
    "(('prospect_both_0_70_ac5_ev_source', 'Gender'), ('prospect_both_0_70_ac5_ev_target', 'prospect_gndr'))": 0.3916189,
    "(('prospect_both_0_70_ac5_ev_source', 'CreditRating'), ('prospect_both_0_70_ac5_ev_target', 'prospect_crdtrtng'))": 0.3690308,
    "(('prospect_both_0_70_ac5_ev_source', 'Employer'), ('prospect_both_0_70_ac5_ev_target', 'prospect_mplr'))": 0.36198038,
    "(('prospect_both_0_70_ac5_ev_source', 'City'), ('prospect_both_0_70_ac5_ev_target', 'prospect_ct'))": 0.3551541,
    "(('prospect_both_0_70_ac5_ev_source', 'NetWorth'), ('prospect_both_0_70_ac5_ev_target', 'prospect_ntwrth'))": 0.2521558,
    "(('prospect_both_0_70_ac5_ev_source', 'AddressLine2'), ('prospect_both_0_70_ac5_ev_target', 'prospect_ddrssln2'))": 0.227476,
    "(('prospect_both_0_70_ac5_ev_source', 'AddressLine1'), ('prospect_both_0_70_ac5_ev_target', 'prospect_ddrssln1'))": 0.227476
  },
  "metrics": {
    "precision": 1.0,
    "recall": 0.7333333333333333,
    "f1_score": 0.846153846153846,
    "precision_at_10_percent": 1.0,
    "precision_at_20_percent": 1.0,
    "precision_at_30_percent": 1.0,
    "precision_at_40_percent": 1.0,
    "precision_at_50_percent": 1.0,
    "precision_at_60_percent": 1.0,
    "precision_at_70_percent": 1.0,
    "precision_at_80_percent": 1.0,
    "precision_at_90_percent": 1.0,
    "recall_at_sizeof_ground_truth": 0.7333333333333333
  },
  "run_times": {
    "total_time": 332.57965054688975,
    "algorithm_time": 332.5796297849156
  }
}