{
  "name": "prospect_both_50_30_ac5_ev__Coma{'max_n': 0, 'strategy': 'COMA_OPT_INST'}",
  "matches": {
    "(('prospect_both_50_30_ac5_ev_source', 'NumberCars'), ('prospect_both_50_30_ac5_ev_target', 'prospect_nmbrcrs'))": 0.4007689,
    "(('prospect_both_50_30_ac5_ev_source', 'State'), ('prospect_both_50_30_ac5_ev_target', 'prospect_stt'))": 0.34824046,
    "(('prospect_both_50_30_ac5_ev_source', 'City'), ('prospect_both_50_30_ac5_ev_target', 'prospect_ct'))": 0.34793624,
    "(('prospect_both_50_30_ac5_ev_source', 'Gender'), ('prospect_both_50_30_ac5_ev_target', 'prospect_wnrrntflg'))": 0.29095855,
    "(('prospect_both_50_30_ac5_ev_source', 'MiddleInitial'), ('prospect_both_50_30_ac5_ev_target', 'prospect_mrtlstts'))": 0.28782257,
    "(('prospect_both_50_30_ac5_ev_source', 'FirstName'), ('prospect_both_50_30_ac5_ev_target', 'prospect_frstnm'))": 0.20735654
  },
  "metrics": {
    "precision": 0.6666666666666666,
    "recall": 0.6666666666666666,
    "f1_score": 0.6666666666666666,
    "precision_at_10_percent": 1.0,
    "precision_at_20_percent": 1.0,
    "precision_at_30_percent": 1.0,
    "precision_at_40_percent": 1.0,
    "precision_at_50_percent": 1.0,
    "precision_at_60_percent": 0.75,
    "precision_at_70_percent": 0.6,
    "precision_at_80_percent": 0.6,
    "precision_at_90_percent": 0.6666666666666666,
    "recall_at_sizeof_ground_truth": 0.6666666666666666
  },
  "run_times": {
    "total_time": 244.29084761394188,
    "algorithm_time": 244.2908101468347
  }
}