{
  "name": "prospect_both_50_70_ac2_av__Coma{'max_n': 0, 'strategy': 'COMA_OPT_INST'}",
  "matches": {
    "(('prospect_both_50_70_ac2_av_source', 'Age'), ('prospect_both_50_70_ac2_av_target', 'Ag'))": 0.590558,
    "(('prospect_both_50_70_ac2_av_source', 'State'), ('prospect_both_50_70_ac2_av_target', 'Sta'))": 0.57704645,
    "(('prospect_both_50_70_ac2_av_source', 'Gender'), ('prospect_both_50_70_ac2_av_target', 'Ge'))": 0.551386,
    "(('prospect_both_50_70_ac2_av_source', 'NumberCars'), ('prospect_both_50_70_ac2_av_target', 'NumC'))": 0.5293601,
    "(('prospect_both_50_70_ac2_av_source', 'MiddleInitial'), ('prospect_both_50_70_ac2_av_target', 'MiIni'))": 0.49786824,
    "(('prospect_both_50_70_ac2_av_source', 'NumberCreditCards'), ('prospect_both_50_70_ac2_av_target', 'NuCreCar'))": 0.4937614,
    "(('prospect_both_50_70_ac2_av_source', 'MaritalStatus'), ('prospect_both_50_70_ac2_av_target', 'MaSt'))": 0.472126,
    "(('prospect_both_50_70_ac2_av_source', 'AgencyID'), ('prospect_both_50_70_ac2_av_target', 'AgeID'))": 0.45015392,
    "(('prospect_both_50_70_ac2_av_source', 'OwnOrRentFlag'), ('prospect_both_50_70_ac2_av_target', 'OOReF'))": 0.4267729,
    "(('prospect_both_50_70_ac2_av_source', 'AddressLine1'), ('prospect_both_50_70_ac2_av_target', 'AddrL1'))": 0.38889408,
    "(('prospect_both_50_70_ac2_av_source', 'Phone'), ('prospect_both_50_70_ac2_av_target', 'Ph'))": 0.37129158,
    "(('prospect_both_50_70_ac2_av_source', 'NetWorth'), ('prospect_both_50_70_ac2_av_target', 'NeWor'))": 0.34724504,
    "(('prospect_both_50_70_ac2_av_source', 'City'), ('prospect_both_50_70_ac2_av_target', 'C'))": 0.32960948,
    "(('prospect_both_50_70_ac2_av_source', 'LastName'), ('prospect_both_50_70_ac2_av_target', 'Empl'))": 0.30048698,
    "(('prospect_both_50_70_ac2_av_source', 'FirstName'), ('prospect_both_50_70_ac2_av_target', 'FiNa'))": 0.2957906
  },
  "metrics": {
    "precision": 0.9333333333333333,
    "recall": 0.9333333333333333,
    "f1_score": 0.9333333333333333,
    "precision_at_10_percent": 1.0,
    "precision_at_20_percent": 1.0,
    "precision_at_30_percent": 1.0,
    "precision_at_40_percent": 1.0,
    "precision_at_50_percent": 1.0,
    "precision_at_60_percent": 1.0,
    "precision_at_70_percent": 1.0,
    "precision_at_80_percent": 1.0,
    "precision_at_90_percent": 0.9285714285714286,
    "recall_at_sizeof_ground_truth": 0.9333333333333333
  },
  "run_times": {
    "total_time": 6111.278543345001,
    "algorithm_time": 6111.278528239
  }
}