{
  "name": "prospect_both_0_30_ac4_av__Coma{'max_n': 0, 'strategy': 'COMA_OPT'}",
  "matches": {
    "(('prospect_both_0_30_ac4_av_source', 'AddressLine1'), ('prospect_both_0_30_ac4_av_target', 'prospect_AddrLi1'))": 0.28310677,
    "(('prospect_both_0_30_ac4_av_source', 'AgencyID'), ('prospect_both_0_30_ac4_av_target', 'prospect_AgID'))": 0.27663052
  },
  "metrics": {
    "precision": 1.0,
    "recall": 0.3333333333333333,
    "f1_score": 0.5,
    "precision_at_10_percent": 1.0,
    "precision_at_20_percent": 1.0,
    "precision_at_30_percent": 1.0,
    "precision_at_40_percent": 1.0,
    "precision_at_50_percent": 1.0,
    "precision_at_60_percent": 1.0,
    "precision_at_70_percent": 1.0,
    "precision_at_80_percent": 1.0,
    "precision_at_90_percent": 1.0,
    "recall_at_sizeof_ground_truth": 0.3333333333333333
  },
  "run_times": {
    "total_time": 12.536254351000025,
    "algorithm_time": 12.53623778400015
  }
}