{
  "name": "prospect_both_50_50_ac3_ev__Coma{'max_n': 0, 'strategy': 'COMA_OPT_INST'}",
  "matches": {
    "(('prospect_both_50_50_ac3_ev_source', 'Gender'), ('prospect_both_50_50_ac3_ev_target', 'gndr'))": 0.4844039,
    "(('prospect_both_50_50_ac3_ev_source', 'Country'), ('prospect_both_50_50_ac3_ev_target', 'cntr'))": 0.478824,
    "(('prospect_both_50_50_ac3_ev_source', 'CreditRating'), ('prospect_both_50_50_ac3_ev_target', 'crdtrtng'))": 0.47081384,
    "(('prospect_both_50_50_ac3_ev_source', 'MaritalStatus'), ('prospect_both_50_50_ac3_ev_target', 'mrtlstts'))": 0.4580025,
    "(('prospect_both_50_50_ac3_ev_source', 'City'), ('prospect_both_50_50_ac3_ev_target', 'ct'))": 0.4575003,
    "(('prospect_both_50_50_ac3_ev_source', 'NumberChildren'), ('prospect_both_50_50_ac3_ev_target', 'nmbrchldrn'))": 0.45452505,
    "(('prospect_both_50_50_ac3_ev_source', 'Age'), ('prospect_both_50_50_ac3_ev_target', 'g'))": 0.37927645,
    "(('prospect_both_50_50_ac3_ev_source', 'Phone'), ('prospect_both_50_50_ac3_ev_target', 'phn'))": 0.3104835,
    "(('prospect_both_50_50_ac3_ev_source', 'AddressLine1'), ('prospect_both_50_50_ac3_ev_target', 'ddrssln1'))": 0.26760164
  },
  "metrics": {
    "precision": 1.0,
    "recall": 0.8181818181818182,
    "f1_score": 0.9,
    "precision_at_10_percent": 1.0,
    "precision_at_20_percent": 1.0,
    "precision_at_30_percent": 1.0,
    "precision_at_40_percent": 1.0,
    "precision_at_50_percent": 1.0,
    "precision_at_60_percent": 1.0,
    "precision_at_70_percent": 1.0,
    "precision_at_80_percent": 1.0,
    "precision_at_90_percent": 1.0,
    "recall_at_sizeof_ground_truth": 0.8181818181818182
  },
  "run_times": {
    "total_time": 269.26390900462866,
    "algorithm_time": 269.2638878170401
  }
}