{
  "name": "prospect_both_0_1_ac2_ev__Coma{'max_n': 0, 'strategy': 'COMA_OPT_INST'}",
  "matches": {
    "(('prospect_both_0_1_ac2_ev_source', 'AgencyID'), ('prospect_both_0_1_ac2_ev_target', 'AgID'))": 0.38046366,
    "(('prospect_both_0_1_ac2_ev_source', 'MiddleInitial'), ('prospect_both_0_1_ac2_ev_target', 'MaSta'))": 0.34791422,
    "(('prospect_both_0_1_ac2_ev_source', 'LastName'), ('prospect_both_0_1_ac2_ev_target', 'Empl'))": 0.26822823,
    "(('prospect_both_0_1_ac2_ev_source', 'City'), ('prospect_both_0_1_ac2_ev_target', 'Inc'))": 0.24727647,
    "(('prospect_both_0_1_ac2_ev_source', 'PostalCode'), ('prospect_both_0_1_ac2_ev_target', 'Ph'))": 0.2198435
  },
  "metrics": {
    "precision": 0.2,
    "recall": 1.0,
    "f1_score": 0.33333333333333337,
    "precision_at_10_percent": 1.0,
    "precision_at_20_percent": 1.0,
    "precision_at_30_percent": 0.5,
    "precision_at_40_percent": 0.5,
    "precision_at_50_percent": 0.3333333333333333,
    "precision_at_60_percent": 0.3333333333333333,
    "precision_at_70_percent": 0.25,
    "precision_at_80_percent": 0.25,
    "precision_at_90_percent": 0.2,
    "recall_at_sizeof_ground_truth": 1.0
  },
  "run_times": {
    "total_time": 120.05012480309233,
    "algorithm_time": 120.05010120104998
  }
}