{
  "name": "prospect_both_50_30_ac1_ev__Coma{'max_n': 0, 'strategy': 'COMA_OPT'}",
  "matches": {
    "(('prospect_both_50_30_ac1_ev_source', 'OwnOrRentFlag'), ('prospect_both_50_30_ac1_ev_target', 'prospect_OwnOrRentFlag'))": 0.6200611,
    "(('prospect_both_50_30_ac1_ev_source', 'MaritalStatus'), ('prospect_both_50_30_ac1_ev_target', 'prospect_MaritalStatus'))": 0.6200611,
    "(('prospect_both_50_30_ac1_ev_source', 'MiddleInitial'), ('prospect_both_50_30_ac1_ev_target', 'prospect_MiddleInitial'))": 0.6200611,
    "(('prospect_both_50_30_ac1_ev_source', 'CreditRating'), ('prospect_both_50_30_ac1_ev_target', 'prospect_CreditRating'))": 0.6101449,
    "(('prospect_both_50_30_ac1_ev_source', 'AgencyID'), ('prospect_both_50_30_ac1_ev_target', 'prospect_AgencyID'))": 0.55767626,
    "(('prospect_both_50_30_ac1_ev_source', 'Country'), ('prospect_both_50_30_ac1_ev_target', 'prospect_Country'))": 0.5399653,
    "(('prospect_both_50_30_ac1_ev_source', 'LastName'), ('prospect_both_50_30_ac1_ev_target', 'prospect_Income'))": 0.32818437,
    "(('prospect_both_50_30_ac1_ev_source', 'Gender'), ('prospect_both_50_30_ac1_ev_target', 'prospect_Employer'))": 0.32818437,
    "(('prospect_both_50_30_ac1_ev_source', 'PostalCode'), ('prospect_both_50_30_ac1_ev_target', 'prospect_Age'))": 0.3274873,
    "(('prospect_both_50_30_ac1_ev_source', 'AddressLine1'), ('prospect_both_50_30_ac1_ev_target', 'prospect_NumberChildren'))": 0.25576496,
    "(('prospect_both_50_30_ac1_ev_source', 'AddressLine2'), ('prospect_both_50_30_ac1_ev_target', 'prospect_NumberChildren'))": 0.25576496
  },
  "metrics": {
    "precision": 0.5454545454545454,
    "recall": 1.0,
    "f1_score": 0.7058823529411764,
    "precision_at_10_percent": 1.0,
    "precision_at_20_percent": 1.0,
    "precision_at_30_percent": 1.0,
    "precision_at_40_percent": 1.0,
    "precision_at_50_percent": 1.0,
    "precision_at_60_percent": 0.8571428571428571,
    "precision_at_70_percent": 0.75,
    "precision_at_80_percent": 0.6666666666666666,
    "precision_at_90_percent": 0.6,
    "recall_at_sizeof_ground_truth": 1.0
  },
  "run_times": {
    "total_time": 2.067025139927864,
    "algorithm_time": 2.0669854059815407
  }
}