{
  "name": "prospect_both_50_50_ac1_ev__Coma{'max_n': 0, 'strategy': 'COMA_OPT'}",
  "matches": {
    "(('prospect_both_50_50_ac1_ev_source', 'NumberCreditCards'), ('prospect_both_50_50_ac1_ev_target', 'prospect_NumberCreditCards'))": 0.66870576,
    "(('prospect_both_50_50_ac1_ev_source', 'MiddleInitial'), ('prospect_both_50_50_ac1_ev_target', 'prospect_MiddleInitial'))": 0.6367719,
    "(('prospect_both_50_50_ac1_ev_source', 'FirstName'), ('prospect_both_50_50_ac1_ev_target', 'prospect_FirstName'))": 0.58958924,
    "(('prospect_both_50_50_ac1_ev_source', 'AgencyID'), ('prospect_both_50_50_ac1_ev_target', 'prospect_AgencyID'))": 0.5739724,
    "(('prospect_both_50_50_ac1_ev_source', 'LastName'), ('prospect_both_50_50_ac1_ev_target', 'prospect_LastName'))": 0.5739724,
    "(('prospect_both_50_50_ac1_ev_source', 'NetWorth'), ('prospect_both_50_50_ac1_ev_target', 'prospect_NetWorth'))": 0.5739724,
    "(('prospect_both_50_50_ac1_ev_source', 'Country'), ('prospect_both_50_50_ac1_ev_target', 'prospect_Country'))": 0.5561619,
    "(('prospect_both_50_50_ac1_ev_source', 'Gender'), ('prospect_both_50_50_ac1_ev_target', 'prospect_Gender'))": 0.53564,
    "(('prospect_both_50_50_ac1_ev_source', 'Income'), ('prospect_both_50_50_ac1_ev_target', 'prospect_Income'))": 0.53564,
    "(('prospect_both_50_50_ac1_ev_source', 'State'), ('prospect_both_50_50_ac1_ev_target', 'prospect_State'))": 0.51171,
    "(('prospect_both_50_50_ac1_ev_source', 'Age'), ('prospect_both_50_50_ac1_ev_target', 'prospect_Age'))": 0.44937733
  },
  "metrics": {
    "precision": 1.0,
    "recall": 1.0,
    "f1_score": 1.0,
    "precision_at_10_percent": 1.0,
    "precision_at_20_percent": 1.0,
    "precision_at_30_percent": 1.0,
    "precision_at_40_percent": 1.0,
    "precision_at_50_percent": 1.0,
    "precision_at_60_percent": 1.0,
    "precision_at_70_percent": 1.0,
    "precision_at_80_percent": 1.0,
    "precision_at_90_percent": 1.0,
    "recall_at_sizeof_ground_truth": 1.0
  },
  "run_times": {
    "total_time": 1.6741550690494478,
    "algorithm_time": 1.6741294446401298
  }
}