{
  "name": "prospect_both_0_70_ac5_av__Coma{'max_n': 0, 'strategy': 'COMA_OPT_INST'}",
  "matches": {
    "(('prospect_both_0_70_ac5_av_source', 'NumberCreditCards'), ('prospect_both_0_70_ac5_av_target', 'prospect_nmbrcrdtcrds'))": 0.42314428,
    "(('prospect_both_0_70_ac5_av_source', 'OwnOrRentFlag'), ('prospect_both_0_70_ac5_av_target', 'prospect_wnrrntflg'))": 0.41872424,
    "(('prospect_both_0_70_ac5_av_source', 'NumberCars'), ('prospect_both_0_70_ac5_av_target', 'prospect_nmbrcrs'))": 0.40601248,
    "(('prospect_both_0_70_ac5_av_source', 'MaritalStatus'), ('prospect_both_0_70_ac5_av_target', 'prospect_mrtlstts'))": 0.3944642,
    "(('prospect_both_0_70_ac5_av_source', 'MiddleInitial'), ('prospect_both_0_70_ac5_av_target', 'prospect_mddlntl'))": 0.38998407,
    "(('prospect_both_0_70_ac5_av_source', 'Age'), ('prospect_both_0_70_ac5_av_target', 'prospect_g'))": 0.3473801,
    "(('prospect_both_0_70_ac5_av_source', 'State'), ('prospect_both_0_70_ac5_av_target', 'prospect_stt'))": 0.31983656,
    "(('prospect_both_0_70_ac5_av_source', 'CreditRating'), ('prospect_both_0_70_ac5_av_target', 'prospect_crdtrtng'))": 0.28531998,
    "(('prospect_both_0_70_ac5_av_source', 'AddressLine2'), ('prospect_both_0_70_ac5_av_target', 'prospect_ddrssln2'))": 0.22549239,
    "(('prospect_both_0_70_ac5_av_source', 'FirstName'), ('prospect_both_0_70_ac5_av_target', 'prospect_frstnm'))": 0.21262904
  },
  "metrics": {
    "precision": 1.0,
    "recall": 0.6666666666666666,
    "f1_score": 0.8,
    "precision_at_10_percent": 1.0,
    "precision_at_20_percent": 1.0,
    "precision_at_30_percent": 1.0,
    "precision_at_40_percent": 1.0,
    "precision_at_50_percent": 1.0,
    "precision_at_60_percent": 1.0,
    "precision_at_70_percent": 1.0,
    "precision_at_80_percent": 1.0,
    "precision_at_90_percent": 1.0,
    "recall_at_sizeof_ground_truth": 0.6666666666666666
  },
  "run_times": {
    "total_time": 6727.279709445002,
    "algorithm_time": 6727.2796925830025
  }
}