{
  "name": "prospect_both_0_70_ac5_ev__Coma{'max_n': 0, 'strategy': 'COMA_OPT'}",
  "matches": {
    "(('prospect_both_0_70_ac5_ev_source', 'NetWorth'), ('prospect_both_0_70_ac5_ev_target', 'prospect_ntwrth'))": 0.31519476,
    "(('prospect_both_0_70_ac5_ev_source', 'AddressLine2'), ('prospect_both_0_70_ac5_ev_target', 'prospect_ddrssln2'))": 0.284345,
    "(('prospect_both_0_70_ac5_ev_source', 'AddressLine1'), ('prospect_both_0_70_ac5_ev_target', 'prospect_ddrssln1'))": 0.284345,
    "(('prospect_both_0_70_ac5_ev_source', 'NumberCreditCards'), ('prospect_both_0_70_ac5_ev_target', 'prospect_nmbrcrdtcrds'))": 0.28339192,
    "(('prospect_both_0_70_ac5_ev_source', 'Employer'), ('prospect_both_0_70_ac5_ev_target', 'prospect_mplr'))": 0.2823928,
    "(('prospect_both_0_70_ac5_ev_source', 'NumberChildren'), ('prospect_both_0_70_ac5_ev_target', 'prospect_nmbrchldrn'))": 0.2703667,
    "(('prospect_both_0_70_ac5_ev_source', 'NumberCars'), ('prospect_both_0_70_ac5_ev_target', 'prospect_nmbrcrs'))": 0.25999516,
    "(('prospect_both_0_70_ac5_ev_source', 'CreditRating'), ('prospect_both_0_70_ac5_ev_target', 'prospect_crdtrtng'))": 0.24893992
  },
  "metrics": {
    "precision": 1.0,
    "recall": 0.5333333333333333,
    "f1_score": 0.6956521739130436,
    "precision_at_10_percent": 1.0,
    "precision_at_20_percent": 1.0,
    "precision_at_30_percent": 1.0,
    "precision_at_40_percent": 1.0,
    "precision_at_50_percent": 1.0,
    "precision_at_60_percent": 1.0,
    "precision_at_70_percent": 1.0,
    "precision_at_80_percent": 1.0,
    "precision_at_90_percent": 1.0,
    "recall_at_sizeof_ground_truth": 0.5333333333333333
  },
  "run_times": {
    "total_time": 1.727112516760826,
    "algorithm_time": 1.7270872849039733
  }
}