{
  "name": "prospect_both_0_50_ec_ev__Coma{'max_n': 0, 'strategy': 'COMA_OPT_INST'}",
  "matches": {
    "(('prospect_both_0_50_ec_ev_source', 'NumberCreditCards'), ('prospect_both_0_50_ec_ev_target', 'NumberCreditCards'))": 0.9266779,
    "(('prospect_both_0_50_ec_ev_source', 'NumberChildren'), ('prospect_both_0_50_ec_ev_target', 'NumberChildren'))": 0.924935,
    "(('prospect_both_0_50_ec_ev_source', 'MaritalStatus'), ('prospect_both_0_50_ec_ev_target', 'MaritalStatus'))": 0.92430747,
    "(('prospect_both_0_50_ec_ev_source', 'OwnOrRentFlag'), ('prospect_both_0_50_ec_ev_target', 'OwnOrRentFlag'))": 0.92430747,
    "(('prospect_both_0_50_ec_ev_source', 'Country'), ('prospect_both_0_50_ec_ev_target', 'Country'))": 0.9199438,
    "(('prospect_both_0_50_ec_ev_source', 'State'), ('prospect_both_0_50_ec_ev_target', 'State'))": 0.9146123,
    "(('prospect_both_0_50_ec_ev_source', 'AddressLine1'), ('prospect_both_0_50_ec_ev_target', 'AddressLine1'))": 0.72365445,
    "(('prospect_both_0_50_ec_ev_source', 'PostalCode'), ('prospect_both_0_50_ec_ev_target', 'PostalCode'))": 0.72226495,
    "(('prospect_both_0_50_ec_ev_source', 'FirstName'), ('prospect_both_0_50_ec_ev_target', 'FirstName'))": 0.7215249,
    "(('prospect_both_0_50_ec_ev_source', 'AgencyID'), ('prospect_both_0_50_ec_ev_target', 'AgencyID'))": 0.72075194,
    "(('prospect_both_0_50_ec_ev_source', 'NetWorth'), ('prospect_both_0_50_ec_ev_target', 'NetWorth'))": 0.72075194
  },
  "metrics": {
    "precision": 1.0,
    "recall": 1.0,
    "f1_score": 1.0,
    "precision_at_10_percent": 1.0,
    "precision_at_20_percent": 1.0,
    "precision_at_30_percent": 1.0,
    "precision_at_40_percent": 1.0,
    "precision_at_50_percent": 1.0,
    "precision_at_60_percent": 1.0,
    "precision_at_70_percent": 1.0,
    "precision_at_80_percent": 1.0,
    "precision_at_90_percent": 1.0,
    "recall_at_sizeof_ground_truth": 1.0
  },
  "run_times": {
    "total_time": 184.3667064132169,
    "algorithm_time": 184.36668856209144
  }
}