{
  "name": "prospect_both_0_30_ec_ev__Coma{'max_n': 0, 'strategy': 'COMA_OPT'}",
  "matches": {
    "(('prospect_both_0_30_ec_ev_source', 'AddressLine2'), ('prospect_both_0_30_ec_ev_target', 'AddressLine2'))": 0.8506639,
    "(('prospect_both_0_30_ec_ev_source', 'CreditRating'), ('prospect_both_0_30_ec_ev_target', 'CreditRating'))": 0.8506639,
    "(('prospect_both_0_30_ec_ev_source', 'PostalCode'), ('prospect_both_0_30_ec_ev_target', 'PostalCode'))": 0.848927,
    "(('prospect_both_0_30_ec_ev_source', 'AgencyID'), ('prospect_both_0_30_ec_ev_target', 'AgencyID'))": 0.84703577,
    "(('prospect_both_0_30_ec_ev_source', 'Employer'), ('prospect_both_0_30_ec_ev_target', 'Employer'))": 0.84703577,
    "(('prospect_both_0_30_ec_ev_source', 'LastName'), ('prospect_both_0_30_ec_ev_target', 'LastName'))": 0.84703577,
    "(('prospect_both_0_30_ec_ev_source', 'State'), ('prospect_both_0_30_ec_ev_target', 'MaritalStatus'))": 0.44088733
  },
  "metrics": {
    "precision": 0.8571428571428571,
    "recall": 1.0,
    "f1_score": 0.923076923076923,
    "precision_at_10_percent": 1.0,
    "precision_at_20_percent": 1.0,
    "precision_at_30_percent": 1.0,
    "precision_at_40_percent": 1.0,
    "precision_at_50_percent": 1.0,
    "precision_at_60_percent": 1.0,
    "precision_at_70_percent": 1.0,
    "precision_at_80_percent": 1.0,
    "precision_at_90_percent": 0.8571428571428571,
    "recall_at_sizeof_ground_truth": 1.0
  },
  "run_times": {
    "total_time": 1.9572498043999076,
    "algorithm_time": 1.957217522431165
  }
}