{
  "name": "prospect_horizontal_50_ac5_av__Coma{'max_n': 0, 'strategy': 'COMA_OPT'}",
  "matches": {
    "(('prospect_horizontal_50_ac5_av_source', 'NetWorth'), ('prospect_horizontal_50_ac5_av_target', 'prospect_ntwrth'))": 0.32194626,
    "(('prospect_horizontal_50_ac5_av_source', 'AddressLine1'), ('prospect_horizontal_50_ac5_av_target', 'prospect_ddrssln1'))": 0.29155558,
    "(('prospect_horizontal_50_ac5_av_source', 'AddressLine2'), ('prospect_horizontal_50_ac5_av_target', 'prospect_ddrssln2'))": 0.29155558,
    "(('prospect_horizontal_50_ac5_av_source', 'NumberCreditCards'), ('prospect_horizontal_50_ac5_av_target', 'prospect_nmbrcrdtcrds'))": 0.29067683,
    "(('prospect_horizontal_50_ac5_av_source', 'Employer'), ('prospect_horizontal_50_ac5_av_target', 'prospect_mplr'))": 0.28940657,
    "(('prospect_horizontal_50_ac5_av_source', 'OwnOrRentFlag'), ('prospect_horizontal_50_ac5_av_target', 'prospect_wnrrntflg'))": 0.28321612,
    "(('prospect_horizontal_50_ac5_av_source', 'NumberChildren'), ('prospect_horizontal_50_ac5_av_target', 'prospect_nmbrchldrn'))": 0.27780485,
    "(('prospect_horizontal_50_ac5_av_source', 'FirstName'), ('prospect_horizontal_50_ac5_av_target', 'prospect_frstnm'))": 0.27553102,
    "(('prospect_horizontal_50_ac5_av_source', 'NumberCars'), ('prospect_horizontal_50_ac5_av_target', 'prospect_nmbrcrs'))": 0.2674047,
    "(('prospect_horizontal_50_ac5_av_source', 'MaritalStatus'), ('prospect_horizontal_50_ac5_av_target', 'prospect_lstnm'))": 0.26039982,
    "(('prospect_horizontal_50_ac5_av_source', 'MiddleInitial'), ('prospect_horizontal_50_ac5_av_target', 'prospect_mddlntl'))": 0.25653556,
    "(('prospect_horizontal_50_ac5_av_source', 'CreditRating'), ('prospect_horizontal_50_ac5_av_target', 'prospect_crdtrtng'))": 0.25653556
  },
  "metrics": {
    "precision": 0.9166666666666666,
    "recall": 0.5,
    "f1_score": 0.6470588235294118,
    "precision_at_10_percent": 1.0,
    "precision_at_20_percent": 1.0,
    "precision_at_30_percent": 1.0,
    "precision_at_40_percent": 1.0,
    "precision_at_50_percent": 1.0,
    "precision_at_60_percent": 1.0,
    "precision_at_70_percent": 1.0,
    "precision_at_80_percent": 0.9,
    "precision_at_90_percent": 0.9090909090909091,
    "recall_at_sizeof_ground_truth": 0.5
  },
  "run_times": {
    "total_time": 6.528424574999008,
    "algorithm_time": 6.528406977999111
  }
}