{
  "name": "prospect_both_0_50_ac1_ev__Coma{'max_n': 0, 'strategy': 'COMA_OPT'}",
  "matches": {
    "(('prospect_both_0_50_ac1_ev_source', 'NumberChildren'), ('prospect_both_0_50_ac1_ev_target', 'prospect_NumberChildren'))": 0.66142946,
    "(('prospect_both_0_50_ac1_ev_source', 'OwnOrRentFlag'), ('prospect_both_0_50_ac1_ev_target', 'prospect_OwnOrRentFlag'))": 0.6438557,
    "(('prospect_both_0_50_ac1_ev_source', 'AddressLine1'), ('prospect_both_0_50_ac1_ev_target', 'prospect_AddressLine1'))": 0.6339039,
    "(('prospect_both_0_50_ac1_ev_source', 'CreditRating'), ('prospect_both_0_50_ac1_ev_target', 'prospect_CreditRating'))": 0.6339039,
    "(('prospect_both_0_50_ac1_ev_source', 'AddressLine2'), ('prospect_both_0_50_ac1_ev_target', 'prospect_AddressLine2'))": 0.6339039,
    "(('prospect_both_0_50_ac1_ev_source', 'AgencyID'), ('prospect_both_0_50_ac1_ev_target', 'prospect_AgencyID'))": 0.58126986,
    "(('prospect_both_0_50_ac1_ev_source', 'NetWorth'), ('prospect_both_0_50_ac1_ev_target', 'prospect_NetWorth'))": 0.58126986,
    "(('prospect_both_0_50_ac1_ev_source', 'Employer'), ('prospect_both_0_50_ac1_ev_target', 'prospect_Employer'))": 0.58126986,
    "(('prospect_both_0_50_ac1_ev_source', 'Country'), ('prospect_both_0_50_ac1_ev_target', 'prospect_Country'))": 0.56351066,
    "(('prospect_both_0_50_ac1_ev_source', 'Income'), ('prospect_both_0_50_ac1_ev_target', 'prospect_Income'))": 0.54304373,
    "(('prospect_both_0_50_ac1_ev_source', 'Age'), ('prospect_both_0_50_ac1_ev_target', 'prospect_Age'))": 0.45697016,
    "(('prospect_both_0_50_ac1_ev_source', 'PostalCode'), ('prospect_both_0_50_ac1_ev_target', 'prospect_State'))": 0.3824088
  },
  "metrics": {
    "precision": 0.9166666666666666,
    "recall": 1.0,
    "f1_score": 0.9565217391304348,
    "precision_at_10_percent": 1.0,
    "precision_at_20_percent": 1.0,
    "precision_at_30_percent": 1.0,
    "precision_at_40_percent": 1.0,
    "precision_at_50_percent": 1.0,
    "precision_at_60_percent": 1.0,
    "precision_at_70_percent": 1.0,
    "precision_at_80_percent": 1.0,
    "precision_at_90_percent": 1.0,
    "recall_at_sizeof_ground_truth": 1.0
  },
  "run_times": {
    "total_time": 2.042807781137526,
    "algorithm_time": 2.042776634916663
  }
}