{
  "name": "prospect_both_0_30_ac2_av__Coma{'max_n': 0, 'strategy': 'COMA_OPT'}",
  "matches": {
    "(('prospect_both_0_30_ac2_av_source', 'Country'), ('prospect_both_0_30_ac2_av_target', 'Coun'))": 0.51668525,
    "(('prospect_both_0_30_ac2_av_source', 'Age'), ('prospect_both_0_30_ac2_av_target', 'Ag'))": 0.50129575,
    "(('prospect_both_0_30_ac2_av_source', 'AgencyID'), ('prospect_both_0_30_ac2_av_target', 'AgID'))": 0.4979287,
    "(('prospect_both_0_30_ac2_av_source', 'Employer'), ('prospect_both_0_30_ac2_av_target', 'Empl'))": 0.4979287,
    "(('prospect_both_0_30_ac2_av_source', 'MiddleInitial'), ('prospect_both_0_30_ac2_av_target', 'MidInit'))": 0.44631884,
    "(('prospect_both_0_30_ac2_av_source', 'LastName'), ('prospect_both_0_30_ac2_av_target', 'LaN'))": 0.37185764,
    "(('prospect_both_0_30_ac2_av_source', 'City'), ('prospect_both_0_30_ac2_av_target', 'NuC'))": 0.33171842,
    "(('prospect_both_0_30_ac2_av_source', 'State'), ('prospect_both_0_30_ac2_av_target', 'MaSt'))": 0.31362185
  },
  "metrics": {
    "precision": 0.75,
    "recall": 1.0,
    "f1_score": 0.8571428571428571,
    "precision_at_10_percent": 1.0,
    "precision_at_20_percent": 1.0,
    "precision_at_30_percent": 1.0,
    "precision_at_40_percent": 1.0,
    "precision_at_50_percent": 1.0,
    "precision_at_60_percent": 1.0,
    "precision_at_70_percent": 1.0,
    "precision_at_80_percent": 0.8571428571428571,
    "precision_at_90_percent": 0.75,
    "recall_at_sizeof_ground_truth": 1.0
  },
  "run_times": {
    "total_time": 10.94713494700045,
    "algorithm_time": 10.947119346999898
  }
}