{
  "name": "prospect_both_0_1_ec_ev__Coma{'max_n': 0, 'strategy': 'COMA_OPT'}",
  "matches": {
    "(('prospect_both_0_1_ec_ev_source', 'AgencyID'), ('prospect_both_0_1_ec_ev_target', 'AgencyID'))": 0.7628952,
    "(('prospect_both_0_1_ec_ev_source', 'State'), ('prospect_both_0_1_ec_ev_target', 'MaritalStatus'))": 0.35582453,
    "(('prospect_both_0_1_ec_ev_source', 'LastName'), ('prospect_both_0_1_ec_ev_target', 'Income'))": 0.33806556,
    "(('prospect_both_0_1_ec_ev_source', 'Gender'), ('prospect_both_0_1_ec_ev_target', 'Employer'))": 0.33806556,
    "(('prospect_both_0_1_ec_ev_source', 'PostalCode'), ('prospect_both_0_1_ec_ev_target', 'Phone'))": 0.3245325,
    "(('prospect_both_0_1_ec_ev_source', 'City'), ('prospect_both_0_1_ec_ev_target', 'CreditRating'))": 0.2617589
  },
  "metrics": {
    "precision": 0.16666666666666666,
    "recall": 1.0,
    "f1_score": 0.2857142857142857,
    "precision_at_10_percent": 1.0,
    "precision_at_20_percent": 0.5,
    "precision_at_30_percent": 0.5,
    "precision_at_40_percent": 0.3333333333333333,
    "precision_at_50_percent": 0.3333333333333333,
    "precision_at_60_percent": 0.25,
    "precision_at_70_percent": 0.2,
    "precision_at_80_percent": 0.2,
    "precision_at_90_percent": 0.16666666666666666,
    "recall_at_sizeof_ground_truth": 1.0
  },
  "run_times": {
    "total_time": 1.457063018810004,
    "algorithm_time": 1.457036034669727
  }
}