{
  "name": "prospect_vertical_30_ac2_av__Coma{'max_n': 0, 'strategy': 'COMA_OPT_INST'}",
  "matches": {
    "(('prospect_vertical_30_ac2_av_source', 'MiddleInitial'), ('prospect_vertical_30_ac2_av_target', 'MiInit'))": 0.51522666,
    "(('prospect_vertical_30_ac2_av_source', 'NumberCars'), ('prospect_vertical_30_ac2_av_target', 'NuCrCa'))": 0.5049483,
    "(('prospect_vertical_30_ac2_av_source', 'OwnOrRentFlag'), ('prospect_vertical_30_ac2_av_target', 'OwOReF'))": 0.44641176,
    "(('prospect_vertical_30_ac2_av_source', 'PostalCode'), ('prospect_vertical_30_ac2_av_target', 'PosCo'))": 0.43721676,
    "(('prospect_vertical_30_ac2_av_source', 'AgencyID'), ('prospect_vertical_30_ac2_av_target', 'AgeID'))": 0.4353854,
    "(('prospect_vertical_30_ac2_av_source', 'State'), ('prospect_vertical_30_ac2_av_target', 'Em'))": 0.27563983
  },
  "metrics": {
    "precision": 0.6666666666666666,
    "recall": 0.6666666666666666,
    "f1_score": 0.6666666666666666,
    "precision_at_10_percent": 1.0,
    "precision_at_20_percent": 0.5,
    "precision_at_30_percent": 0.5,
    "precision_at_40_percent": 0.6666666666666666,
    "precision_at_50_percent": 0.6666666666666666,
    "precision_at_60_percent": 0.75,
    "precision_at_70_percent": 0.8,
    "precision_at_80_percent": 0.8,
    "precision_at_90_percent": 0.6666666666666666,
    "recall_at_sizeof_ground_truth": 0.6666666666666666
  },
  "run_times": {
    "total_time": 672.4358506050012,
    "algorithm_time": 672.4358319470011
  }
}