{
  "name": "prospect_both_0_30_ec_av__Coma{'max_n': 0, 'strategy': 'COMA_OPT'}",
  "matches": {
    "(('prospect_both_0_30_ec_av_source', 'NumberCreditCards'), ('prospect_both_0_30_ec_av_target', 'NumberCreditCards'))": 0.8596194,
    "(('prospect_both_0_30_ec_av_source', 'AddressLine1'), ('prospect_both_0_30_ec_av_target', 'AddressLine1'))": 0.8558401,
    "(('prospect_both_0_30_ec_av_source', 'FirstName'), ('prospect_both_0_30_ec_av_target', 'FirstName'))": 0.85317814,
    "(('prospect_both_0_30_ec_av_source', 'AgencyID'), ('prospect_both_0_30_ec_av_target', 'AgencyID'))": 0.85221195,
    "(('prospect_both_0_30_ec_av_source', 'Income'), ('prospect_both_0_30_ec_av_target', 'Income'))": 0.85014474,
    "(('prospect_both_0_30_ec_av_source', 'Age'), ('prospect_both_0_30_ec_av_target', 'Age'))": 0.8466564,
    "(('prospect_both_0_30_ec_av_source', 'State'), ('prospect_both_0_30_ec_av_target', 'MaritalStatus'))": 0.44606352,
    "(('prospect_both_0_30_ec_av_source', 'Gender'), ('prospect_both_0_30_ec_av_target', 'Employer'))": 0.42822206,
    "(('prospect_both_0_30_ec_av_source', 'PostalCode'), ('prospect_both_0_30_ec_av_target', 'Phone'))": 0.41484094
  },
  "metrics": {
    "precision": 0.6666666666666666,
    "recall": 1.0,
    "f1_score": 0.8,
    "precision_at_10_percent": 1.0,
    "precision_at_20_percent": 1.0,
    "precision_at_30_percent": 1.0,
    "precision_at_40_percent": 1.0,
    "precision_at_50_percent": 1.0,
    "precision_at_60_percent": 1.0,
    "precision_at_70_percent": 0.8571428571428571,
    "precision_at_80_percent": 0.75,
    "precision_at_90_percent": 0.6666666666666666,
    "recall_at_sizeof_ground_truth": 1.0
  },
  "run_times": {
    "total_time": 12.648667671999647,
    "algorithm_time": 12.648650204999285
  }
}