{
  "name": "prospect_both_50_50_ec_ev__Coma{'max_n': 0, 'strategy': 'COMA_OPT'}",
  "matches": {
    "(('prospect_both_50_50_ec_ev_source', 'NumberChildren'), ('prospect_both_50_50_ec_ev_target', 'NumberChildren'))": 0.89855146,
    "(('prospect_both_50_50_ec_ev_source', 'MaritalStatus'), ('prospect_both_50_50_ec_ev_target', 'MaritalStatus'))": 0.8977352,
    "(('prospect_both_50_50_ec_ev_source', 'AddressLine1'), ('prospect_both_50_50_ec_ev_target', 'AddressLine1'))": 0.8968848,
    "(('prospect_both_50_50_ec_ev_source', 'AddressLine2'), ('prospect_both_50_50_ec_ev_target', 'AddressLine2'))": 0.8968848,
    "(('prospect_both_50_50_ec_ev_source', 'CreditRating'), ('prospect_both_50_50_ec_ev_target', 'CreditRating'))": 0.8968848,
    "(('prospect_both_50_50_ec_ev_source', 'PostalCode'), ('prospect_both_50_50_ec_ev_target', 'PostalCode'))": 0.89507324,
    "(('prospect_both_50_50_ec_ev_source', 'AgencyID'), ('prospect_both_50_50_ec_ev_target', 'AgencyID'))": 0.8930969,
    "(('prospect_both_50_50_ec_ev_source', 'NetWorth'), ('prospect_both_50_50_ec_ev_target', 'NetWorth'))": 0.8930969,
    "(('prospect_both_50_50_ec_ev_source', 'Gender'), ('prospect_both_50_50_ec_ev_target', 'Gender'))": 0.89093244,
    "(('prospect_both_50_50_ec_ev_source', 'Income'), ('prospect_both_50_50_ec_ev_target', 'Income'))": 0.89093244,
    "(('prospect_both_50_50_ec_ev_source', 'City'), ('prospect_both_50_50_ec_ev_target', 'City'))": 0.8885515
  },
  "metrics": {
    "precision": 1.0,
    "recall": 1.0,
    "f1_score": 1.0,
    "precision_at_10_percent": 1.0,
    "precision_at_20_percent": 1.0,
    "precision_at_30_percent": 1.0,
    "precision_at_40_percent": 1.0,
    "precision_at_50_percent": 1.0,
    "precision_at_60_percent": 1.0,
    "precision_at_70_percent": 1.0,
    "precision_at_80_percent": 1.0,
    "precision_at_90_percent": 1.0,
    "recall_at_sizeof_ground_truth": 1.0
  },
  "run_times": {
    "total_time": 1.2507352139800787,
    "algorithm_time": 1.2507180362008512
  }
}