{
  "name": "prospect_vertical_70_ac4_ev__Coma{'max_n': 0, 'strategy': 'COMA_OPT'}",
  "matches": {
    "(('prospect_vertical_70_ac4_ev_source', 'Age'), ('prospect_vertical_70_ac4_ev_target', 'prospect_Ge'))": 0.3289452,
    "(('prospect_vertical_70_ac4_ev_source', 'MiddleInitial'), ('prospect_vertical_70_ac4_ev_target', 'prospect_MidInit'))": 0.28575465,
    "(('prospect_vertical_70_ac4_ev_source', 'AgencyID'), ('prospect_vertical_70_ac4_ev_target', 'prospect_AgID'))": 0.2837108,
    "(('prospect_vertical_70_ac4_ev_source', 'NumberCreditCards'), ('prospect_vertical_70_ac4_ev_target', 'prospect_NumCreCar'))": 0.26250938,
    "(('prospect_vertical_70_ac4_ev_source', 'AddressLine2'), ('prospect_vertical_70_ac4_ev_target', 'prospect_AddL2'))": 0.26151222
  },
  "metrics": {
    "precision": 0.8,
    "recall": 0.26666666666666666,
    "f1_score": 0.4,
    "precision_at_10_percent": 0.0,
    "precision_at_20_percent": 0.0,
    "precision_at_30_percent": 0.5,
    "precision_at_40_percent": 0.5,
    "precision_at_50_percent": 0.6666666666666666,
    "precision_at_60_percent": 0.6666666666666666,
    "precision_at_70_percent": 0.75,
    "precision_at_80_percent": 0.75,
    "precision_at_90_percent": 0.8,
    "recall_at_sizeof_ground_truth": 0.26666666666666666
  },
  "run_times": {
    "total_time": 1.6972697959281504,
    "algorithm_time": 1.6972468802705407
  }
}