{
  "name": "prospect_vertical_30_ec_av__Coma{'max_n': 0, 'strategy': 'COMA_OPT_INST'}",
  "matches": {
    "(('prospect_vertical_30_ec_av_source', 'Gender'), ('prospect_vertical_30_ec_av_target', 'Gender'))": 0.87842846,
    "(('prospect_vertical_30_ec_av_source', 'NumberChildren'), ('prospect_vertical_30_ec_av_target', 'NumberChildren'))": 0.87217224,
    "(('prospect_vertical_30_ec_av_source', 'NumberCars'), ('prospect_vertical_30_ec_av_target', 'NumberCars'))": 0.8692638,
    "(('prospect_vertical_30_ec_av_source', 'PostalCode'), ('prospect_vertical_30_ec_av_target', 'PostalCode'))": 0.80573094,
    "(('prospect_vertical_30_ec_av_source', 'AddressLine2'), ('prospect_vertical_30_ec_av_target', 'AddressLine2'))": 0.68261147,
    "(('prospect_vertical_30_ec_av_source', 'AgencyID'), ('prospect_vertical_30_ec_av_target', 'AgencyID'))": 0.6821415,
    "(('prospect_vertical_30_ec_av_source', 'MiddleInitial'), ('prospect_vertical_30_ec_av_target', 'MaritalStatus'))": 0.40932328,
    "(('prospect_vertical_30_ec_av_source', 'LastName'), ('prospect_vertical_30_ec_av_target', 'Income'))": 0.34200335,
    "(('prospect_vertical_30_ec_av_source', 'City'), ('prospect_vertical_30_ec_av_target', 'CreditRating'))": 0.28164357
  },
  "metrics": {
    "precision": 0.6666666666666666,
    "recall": 1.0,
    "f1_score": 0.8,
    "precision_at_10_percent": 1.0,
    "precision_at_20_percent": 1.0,
    "precision_at_30_percent": 1.0,
    "precision_at_40_percent": 1.0,
    "precision_at_50_percent": 1.0,
    "precision_at_60_percent": 1.0,
    "precision_at_70_percent": 0.8571428571428571,
    "precision_at_80_percent": 0.75,
    "precision_at_90_percent": 0.6666666666666666,
    "recall_at_sizeof_ground_truth": 1.0
  },
  "run_times": {
    "total_time": 586.2016335650005,
    "algorithm_time": 586.2016155290003
  }
}