{
  "name": "prospect_both_50_70_ac4_av__Coma{'max_n': 0, 'strategy': 'COMA_OPT_INST'}",
  "matches": {
    "(('prospect_both_50_70_ac4_av_source', 'Age'), ('prospect_both_50_70_ac4_av_target', 'prospect_A'))": 0.39893997,
    "(('prospect_both_50_70_ac4_av_source', 'Gender'), ('prospect_both_50_70_ac4_av_target', 'prospect_Ge'))": 0.39394665,
    "(('prospect_both_50_70_ac4_av_source', 'NumberCars'), ('prospect_both_50_70_ac4_av_target', 'prospect_NumCa'))": 0.38172382,
    "(('prospect_both_50_70_ac4_av_source', 'NumberCars'), ('prospect_both_50_70_ac4_av_target', 'prospect_NumCh'))": 0.38172105,
    "(('prospect_both_50_70_ac4_av_source', 'State'), ('prospect_both_50_70_ac4_av_target', 'prospect_St'))": 0.3638826,
    "(('prospect_both_50_70_ac4_av_source', 'OwnOrRentFlag'), ('prospect_both_50_70_ac4_av_target', 'prospect_OwORF'))": 0.34560055,
    "(('prospect_both_50_70_ac4_av_source', 'CreditRating'), ('prospect_both_50_70_ac4_av_target', 'prospect_CrRat'))": 0.31267172,
    "(('prospect_both_50_70_ac4_av_source', 'MiddleInitial'), ('prospect_both_50_70_ac4_av_target', 'prospect_MarSt'))": 0.29913437,
    "(('prospect_both_50_70_ac4_av_source', 'AgencyID'), ('prospect_both_50_70_ac4_av_target', 'prospect_AgeID'))": 0.25739473
  },
  "metrics": {
    "precision": 0.7777777777777778,
    "recall": 0.4666666666666667,
    "f1_score": 0.5833333333333334,
    "precision_at_10_percent": 1.0,
    "precision_at_20_percent": 1.0,
    "precision_at_30_percent": 1.0,
    "precision_at_40_percent": 0.75,
    "precision_at_50_percent": 0.8,
    "precision_at_60_percent": 0.8333333333333334,
    "precision_at_70_percent": 0.8571428571428571,
    "precision_at_80_percent": 0.75,
    "precision_at_90_percent": 0.7777777777777778,
    "recall_at_sizeof_ground_truth": 0.4666666666666667
  },
  "run_times": {
    "total_time": 6024.483575442999,
    "algorithm_time": 6024.483557798001
  }
}