{
  "name": "prospect_vertical_30_ec_av__Coma{'max_n': 0, 'strategy': 'COMA_OPT'}",
  "matches": {
    "(('prospect_vertical_30_ec_av_source', 'NumberChildren'), ('prospect_vertical_30_ec_av_target', 'NumberChildren'))": 0.8547442,
    "(('prospect_vertical_30_ec_av_source', 'AddressLine2'), ('prospect_vertical_30_ec_av_target', 'AddressLine2'))": 0.85326433,
    "(('prospect_vertical_30_ec_av_source', 'NumberCars'), ('prospect_vertical_30_ec_av_target', 'NumberCars'))": 0.8516637,
    "(('prospect_vertical_30_ec_av_source', 'PostalCode'), ('prospect_vertical_30_ec_av_target', 'PostalCode'))": 0.8516637,
    "(('prospect_vertical_30_ec_av_source', 'AgencyID'), ('prospect_vertical_30_ec_av_target', 'AgencyID'))": 0.8499268,
    "(('prospect_vertical_30_ec_av_source', 'Gender'), ('prospect_vertical_30_ec_av_target', 'Gender'))": 0.8480356,
    "(('prospect_vertical_30_ec_av_source', 'State'), ('prospect_vertical_30_ec_av_target', 'MaritalStatus'))": 0.44551033,
    "(('prospect_vertical_30_ec_av_source', 'LastName'), ('prospect_vertical_30_ec_av_target', 'Income'))": 0.42750418,
    "(('prospect_vertical_30_ec_av_source', 'City'), ('prospect_vertical_30_ec_av_target', 'CreditRating'))": 0.35205448
  },
  "metrics": {
    "precision": 0.6666666666666666,
    "recall": 1.0,
    "f1_score": 0.8,
    "precision_at_10_percent": 1.0,
    "precision_at_20_percent": 1.0,
    "precision_at_30_percent": 1.0,
    "precision_at_40_percent": 1.0,
    "precision_at_50_percent": 1.0,
    "precision_at_60_percent": 1.0,
    "precision_at_70_percent": 0.8571428571428571,
    "precision_at_80_percent": 0.75,
    "precision_at_90_percent": 0.6666666666666666,
    "recall_at_sizeof_ground_truth": 1.0
  },
  "run_times": {
    "total_time": 5.101983717000621,
    "algorithm_time": 5.101964883000619
  }
}