{
  "name": "prospect_both_50_30_ac4_av__Coma{'max_n': 0, 'strategy': 'COMA_OPT_INST'}",
  "matches": {
    "(('prospect_both_50_30_ac4_av_source', 'MaritalStatus'), ('prospect_both_50_30_ac4_av_target', 'prospect_MariSta'))": 0.42582655,
    "(('prospect_both_50_30_ac4_av_source', 'MiddleInitial'), ('prospect_both_50_30_ac4_av_target', 'prospect_MidInit'))": 0.41864234,
    "(('prospect_both_50_30_ac4_av_source', 'NumberCreditCards'), ('prospect_both_50_30_ac4_av_target', 'prospect_NuCreCa'))": 0.3613174,
    "(('prospect_both_50_30_ac4_av_source', 'AgencyID'), ('prospect_both_50_30_ac4_av_target', 'prospect_AgeID'))": 0.25534242
  },
  "metrics": {
    "precision": 1.0,
    "recall": 0.6666666666666666,
    "f1_score": 0.8,
    "precision_at_10_percent": 1.0,
    "precision_at_20_percent": 1.0,
    "precision_at_30_percent": 1.0,
    "precision_at_40_percent": 1.0,
    "precision_at_50_percent": 1.0,
    "precision_at_60_percent": 1.0,
    "precision_at_70_percent": 1.0,
    "precision_at_80_percent": 1.0,
    "precision_at_90_percent": 1.0,
    "recall_at_sizeof_ground_truth": 0.6666666666666666
  },
  "run_times": {
    "total_time": 2901.647725253999,
    "algorithm_time": 2901.6477088110005
  }
}