{
  "name": "prospect_both_50_50_ac5_av__Coma{'max_n': 0, 'strategy': 'COMA_OPT_INST'}",
  "matches": {
    "(('prospect_both_50_50_ac5_av_source', 'NumberCreditCards'), ('prospect_both_50_50_ac5_av_target', 'prospect_nmbrcrdtcrds'))": 0.42073536,
    "(('prospect_both_50_50_ac5_av_source', 'NumberCars'), ('prospect_both_50_50_ac5_av_target', 'prospect_nmbrcrs'))": 0.38726956,
    "(('prospect_both_50_50_ac5_av_source', 'MiddleInitial'), ('prospect_both_50_50_ac5_av_target', 'prospect_mddlntl'))": 0.38450342,
    "(('prospect_both_50_50_ac5_av_source', 'Age'), ('prospect_both_50_50_ac5_av_target', 'prospect_g'))": 0.35666123,
    "(('prospect_both_50_50_ac5_av_source', 'Gender'), ('prospect_both_50_50_ac5_av_target', 'prospect_wnrrntflg'))": 0.29322666,
    "(('prospect_both_50_50_ac5_av_source', 'AddressLine2'), ('prospect_both_50_50_ac5_av_target', 'prospect_ddrssln2'))": 0.22287779,
    "(('prospect_both_50_50_ac5_av_source', 'AddressLine1'), ('prospect_both_50_50_ac5_av_target', 'prospect_ddrssln1'))": 0.22287779,
    "(('prospect_both_50_50_ac5_av_source', 'FirstName'), ('prospect_both_50_50_ac5_av_target', 'prospect_frstnm'))": 0.20999482
  },
  "metrics": {
    "precision": 0.875,
    "recall": 0.6363636363636364,
    "f1_score": 0.7368421052631579,
    "precision_at_10_percent": 1.0,
    "precision_at_20_percent": 1.0,
    "precision_at_30_percent": 1.0,
    "precision_at_40_percent": 1.0,
    "precision_at_50_percent": 1.0,
    "precision_at_60_percent": 0.8,
    "precision_at_70_percent": 0.8333333333333334,
    "precision_at_80_percent": 0.8571428571428571,
    "precision_at_90_percent": 0.875,
    "recall_at_sizeof_ground_truth": 0.6363636363636364
  },
  "run_times": {
    "total_time": 6337.915983154002,
    "algorithm_time": 6337.915966676002
  }
}