{
  "name": "prospect_both_50_50_ac5_ev__Coma{'max_n': 0, 'strategy': 'COMA_OPT_INST'}",
  "matches": {
    "(('prospect_both_50_50_ac5_ev_source', 'NumberCars'), ('prospect_both_50_50_ac5_ev_target', 'prospect_nmbrcrs'))": 0.4021783,
    "(('prospect_both_50_50_ac5_ev_source', 'MaritalStatus'), ('prospect_both_50_50_ac5_ev_target', 'prospect_mrtlstts'))": 0.39058286,
    "(('prospect_both_50_50_ac5_ev_source', 'CreditRating'), ('prospect_both_50_50_ac5_ev_target', 'prospect_crdtrtng'))": 0.36317644,
    "(('prospect_both_50_50_ac5_ev_source', 'Age'), ('prospect_both_50_50_ac5_ev_target', 'prospect_g'))": 0.3598127,
    "(('prospect_both_50_50_ac5_ev_source', 'Employer'), ('prospect_both_50_50_ac5_ev_target', 'prospect_mplr'))": 0.35620016,
    "(('prospect_both_50_50_ac5_ev_source', 'State'), ('prospect_both_50_50_ac5_ev_target', 'prospect_stt'))": 0.34784606,
    "(('prospect_both_50_50_ac5_ev_source', 'Gender'), ('prospect_both_50_50_ac5_ev_target', 'prospect_wnrrntflg'))": 0.29205555,
    "(('prospect_both_50_50_ac5_ev_source', 'NetWorth'), ('prospect_both_50_50_ac5_ev_target', 'prospect_ntwrth'))": 0.24647936,
    "(('prospect_both_50_50_ac5_ev_source', 'AddressLine1'), ('prospect_both_50_50_ac5_ev_target', 'prospect_ddrssln1'))": 0.22170666
  },
  "metrics": {
    "precision": 0.8888888888888888,
    "recall": 0.7272727272727273,
    "f1_score": 0.7999999999999999,
    "precision_at_10_percent": 1.0,
    "precision_at_20_percent": 1.0,
    "precision_at_30_percent": 1.0,
    "precision_at_40_percent": 1.0,
    "precision_at_50_percent": 1.0,
    "precision_at_60_percent": 1.0,
    "precision_at_70_percent": 0.8571428571428571,
    "precision_at_80_percent": 0.875,
    "precision_at_90_percent": 0.8888888888888888,
    "recall_at_sizeof_ground_truth": 0.7272727272727273
  },
  "run_times": {
    "total_time": 274.1529597300105,
    "algorithm_time": 274.1529394327663
  }
}