{
  "name": "prospect_horizontal_100_ac2_ev__Coma{'max_n': 0, 'strategy': 'COMA_OPT'}",
  "matches": {
    "(('prospect_horizontal_100_ac2_ev_source', 'AgencyID'), ('prospect_horizontal_100_ac2_ev_target', 'AgeID'))": 0.5784835,
    "(('prospect_horizontal_100_ac2_ev_source', 'Country'), ('prospect_horizontal_100_ac2_ev_target', 'Coun'))": 0.549835,
    "(('prospect_horizontal_100_ac2_ev_source', 'Age'), ('prospect_horizontal_100_ac2_ev_target', 'Ag'))": 0.5347544,
    "(('prospect_horizontal_100_ac2_ev_source', 'State'), ('prospect_horizontal_100_ac2_ev_target', 'Sta'))": 0.533936,
    "(('prospect_horizontal_100_ac2_ev_source', 'Phone'), ('prospect_horizontal_100_ac2_ev_target', 'Pho'))": 0.533936,
    "(('prospect_horizontal_100_ac2_ev_source', 'Gender'), ('prospect_horizontal_100_ac2_ev_target', 'Gen'))": 0.5126896,
    "(('prospect_horizontal_100_ac2_ev_source', 'Income'), ('prospect_horizontal_100_ac2_ev_target', 'Inc'))": 0.5126896,
    "(('prospect_horizontal_100_ac2_ev_source', 'NumberCars'), ('prospect_horizontal_100_ac2_ev_target', 'NumCrCar'))": 0.5024117,
    "(('prospect_horizontal_100_ac2_ev_source', 'MiddleInitial'), ('prospect_horizontal_100_ac2_ev_target', 'MidInit'))": 0.4800253,
    "(('prospect_horizontal_100_ac2_ev_source', 'NetWorth'), ('prospect_horizontal_100_ac2_ev_target', 'NeWor'))": 0.45073545,
    "(('prospect_horizontal_100_ac2_ev_source', 'MaritalStatus'), ('prospect_horizontal_100_ac2_ev_target', 'MariSt'))": 0.44424435,
    "(('prospect_horizontal_100_ac2_ev_source', 'FirstName'), ('prospect_horizontal_100_ac2_ev_target', 'FirNa'))": 0.43911338,
    "(('prospect_horizontal_100_ac2_ev_source', 'Employer'), ('prospect_horizontal_100_ac2_ev_target', 'Em'))": 0.42858452,
    "(('prospect_horizontal_100_ac2_ev_source', 'City'), ('prospect_horizontal_100_ac2_ev_target', 'C'))": 0.42211702,
    "(('prospect_horizontal_100_ac2_ev_source', 'AddressLine1'), ('prospect_horizontal_100_ac2_ev_target', 'AdL1'))": 0.4189173,
    "(('prospect_horizontal_100_ac2_ev_source', 'AddressLine2'), ('prospect_horizontal_100_ac2_ev_target', 'AdLi2'))": 0.41006112,
    "(('prospect_horizontal_100_ac2_ev_source', 'CreditRating'), ('prospect_horizontal_100_ac2_ev_target', 'CreRa'))": 0.41006112,
    "(('prospect_horizontal_100_ac2_ev_source', 'NumberChildren'), ('prospect_horizontal_100_ac2_ev_target', 'NuChi'))": 0.4002389,
    "(('prospect_horizontal_100_ac2_ev_source', 'LastName'), ('prospect_horizontal_100_ac2_ev_target', 'LaNa'))": 0.39601812,
    "(('prospect_horizontal_100_ac2_ev_source', 'PostalCode'), ('prospect_horizontal_100_ac2_ev_target', 'PoC'))": 0.38866517
  },
  "metrics": {
    "precision": 0.95,
    "recall": 0.8636363636363636,
    "f1_score": 0.9047619047619048,
    "precision_at_10_percent": 1.0,
    "precision_at_20_percent": 1.0,
    "precision_at_30_percent": 1.0,
    "precision_at_40_percent": 0.875,
    "precision_at_50_percent": 0.9,
    "precision_at_60_percent": 0.9166666666666666,
    "precision_at_70_percent": 0.9285714285714286,
    "precision_at_80_percent": 0.9375,
    "precision_at_90_percent": 0.9444444444444444,
    "recall_at_sizeof_ground_truth": 0.8636363636363636
  },
  "run_times": {
    "total_time": 6.374607237999953,
    "algorithm_time": 6.374587807000353
  }
}