{
  "name": "prospect_vertical_50_ac3_av__Coma{'max_n': 0, 'strategy': 'COMA_OPT_INST'}",
  "matches": {
    "(('prospect_vertical_50_ac3_av_source', 'NumberCars'), ('prospect_vertical_50_ac3_av_target', 'nmbrcrs'))": 0.49620008,
    "(('prospect_vertical_50_ac3_av_source', 'NumberCreditCards'), ('prospect_vertical_50_ac3_av_target', 'nmbrcrdtcrds'))": 0.48092613,
    "(('prospect_vertical_50_ac3_av_source', 'MaritalStatus'), ('prospect_vertical_50_ac3_av_target', 'mrtlstts'))": 0.47252494,
    "(('prospect_vertical_50_ac3_av_source', 'OwnOrRentFlag'), ('prospect_vertical_50_ac3_av_target', 'wnrrntflg'))": 0.4714729,
    "(('prospect_vertical_50_ac3_av_source', 'MiddleInitial'), ('prospect_vertical_50_ac3_av_target', 'mddlntl'))": 0.46900073,
    "(('prospect_vertical_50_ac3_av_source', 'CreditRating'), ('prospect_vertical_50_ac3_av_target', 'crdtrtng'))": 0.46078104,
    "(('prospect_vertical_50_ac3_av_source', 'NetWorth'), ('prospect_vertical_50_ac3_av_target', 'ntwrth'))": 0.36829048,
    "(('prospect_vertical_50_ac3_av_source', 'Phone'), ('prospect_vertical_50_ac3_av_target', 'phn'))": 0.32461974,
    "(('prospect_vertical_50_ac3_av_source', 'City'), ('prospect_vertical_50_ac3_av_target', 'ct'))": 0.28390837,
    "(('prospect_vertical_50_ac3_av_source', 'AddressLine1'), ('prospect_vertical_50_ac3_av_target', 'ddrssln1'))": 0.28183186
  },
  "metrics": {
    "precision": 1.0,
    "recall": 0.9090909090909091,
    "f1_score": 0.9523809523809523,
    "precision_at_10_percent": 1.0,
    "precision_at_20_percent": 1.0,
    "precision_at_30_percent": 1.0,
    "precision_at_40_percent": 1.0,
    "precision_at_50_percent": 1.0,
    "precision_at_60_percent": 1.0,
    "precision_at_70_percent": 1.0,
    "precision_at_80_percent": 1.0,
    "precision_at_90_percent": 1.0,
    "recall_at_sizeof_ground_truth": 0.9090909090909091
  },
  "run_times": {
    "total_time": 662.9922758459998,
    "algorithm_time": 662.9922577819998
  }
}