{
  "name": "prospect_horizontal_50_ac2_av__Coma{'max_n': 0, 'strategy': 'COMA_OPT_INST'}",
  "matches": {
    "(('prospect_horizontal_50_ac2_av_source', 'State'), ('prospect_horizontal_50_ac2_av_target', 'Sta'))": 0.618395,
    "(('prospect_horizontal_50_ac2_av_source', 'Gender'), ('prospect_horizontal_50_ac2_av_target', 'Gen'))": 0.6013104,
    "(('prospect_horizontal_50_ac2_av_source', 'Country'), ('prospect_horizontal_50_ac2_av_target', 'Cou'))": 0.5901858,
    "(('prospect_horizontal_50_ac2_av_source', 'MaritalStatus'), ('prospect_horizontal_50_ac2_av_target', 'MariSta'))": 0.5801771,
    "(('prospect_horizontal_50_ac2_av_source', 'Age'), ('prospect_horizontal_50_ac2_av_target', 'A'))": 0.55315447,
    "(('prospect_horizontal_50_ac2_av_source', 'NumberChildren'), ('prospect_horizontal_50_ac2_av_target', 'NumChi'))": 0.5474131,
    "(('prospect_horizontal_50_ac2_av_source', 'NumberCreditCards'), ('prospect_horizontal_50_ac2_av_target', 'NumCreCar'))": 0.5376999,
    "(('prospect_horizontal_50_ac2_av_source', 'City'), ('prospect_horizontal_50_ac2_av_target', 'C'))": 0.5253441,
    "(('prospect_horizontal_50_ac2_av_source', 'MiddleInitial'), ('prospect_horizontal_50_ac2_av_target', 'MiIni'))": 0.5089827,
    "(('prospect_horizontal_50_ac2_av_source', 'CreditRating'), ('prospect_horizontal_50_ac2_av_target', 'CrRat'))": 0.49259958,
    "(('prospect_horizontal_50_ac2_av_source', 'OwnOrRentFlag'), ('prospect_horizontal_50_ac2_av_target', 'OwORF'))": 0.47588173,
    "(('prospect_horizontal_50_ac2_av_source', 'Employer'), ('prospect_horizontal_50_ac2_av_target', 'Em'))": 0.47369352,
    "(('prospect_horizontal_50_ac2_av_source', 'AgencyID'), ('prospect_horizontal_50_ac2_av_target', 'AgID'))": 0.4198211,
    "(('prospect_horizontal_50_ac2_av_source', 'AddressLine2'), ('prospect_horizontal_50_ac2_av_target', 'AddrLi2'))": 0.3874235,
    "(('prospect_horizontal_50_ac2_av_source', 'Phone'), ('prospect_horizontal_50_ac2_av_target', 'Ph'))": 0.3792717,
    "(('prospect_horizontal_50_ac2_av_source', 'Income'), ('prospect_horizontal_50_ac2_av_target', 'In'))": 0.36352324,
    "(('prospect_horizontal_50_ac2_av_source', 'AddressLine1'), ('prospect_horizontal_50_ac2_av_target', 'AddLi1'))": 0.35645217,
    "(('prospect_horizontal_50_ac2_av_source', 'NetWorth'), ('prospect_horizontal_50_ac2_av_target', 'NeWor'))": 0.3553275,
    "(('prospect_horizontal_50_ac2_av_source', 'FirstName'), ('prospect_horizontal_50_ac2_av_target', 'FirNa'))": 0.3460116,
    "(('prospect_horizontal_50_ac2_av_source', 'PostalCode'), ('prospect_horizontal_50_ac2_av_target', 'PosCo'))": 0.33899406,
    "(('prospect_horizontal_50_ac2_av_source', 'LastName'), ('prospect_horizontal_50_ac2_av_target', 'LN'))": 0.2717851
  },
  "metrics": {
    "precision": 1.0,
    "recall": 0.9545454545454546,
    "f1_score": 0.9767441860465117,
    "precision_at_10_percent": 1.0,
    "precision_at_20_percent": 1.0,
    "precision_at_30_percent": 1.0,
    "precision_at_40_percent": 1.0,
    "precision_at_50_percent": 1.0,
    "precision_at_60_percent": 1.0,
    "precision_at_70_percent": 1.0,
    "precision_at_80_percent": 1.0,
    "precision_at_90_percent": 1.0,
    "recall_at_sizeof_ground_truth": 0.9545454545454546
  },
  "run_times": {
    "total_time": 2072.451702073,
    "algorithm_time": 2072.4516826319996
  }
}