{
  "name": "prospect_both_0_30_ec_ev__Coma{'max_n': 0, 'strategy': 'COMA_OPT_INST'}",
  "matches": {
    "(('prospect_both_0_30_ec_ev_source', 'CreditRating'), ('prospect_both_0_30_ec_ev_target', 'CreditRating'))": 0.85041,
    "(('prospect_both_0_30_ec_ev_source', 'Employer'), ('prospect_both_0_30_ec_ev_target', 'Employer'))": 0.8136118,
    "(('prospect_both_0_30_ec_ev_source', 'AddressLine2'), ('prospect_both_0_30_ec_ev_target', 'AddressLine2'))": 0.68053114,
    "(('prospect_both_0_30_ec_ev_source', 'PostalCode'), ('prospect_both_0_30_ec_ev_target', 'PostalCode'))": 0.67914164,
    "(('prospect_both_0_30_ec_ev_source', 'AgencyID'), ('prospect_both_0_30_ec_ev_target', 'AgencyID'))": 0.67762864,
    "(('prospect_both_0_30_ec_ev_source', 'LastName'), ('prospect_both_0_30_ec_ev_target', 'LastName'))": 0.67762864,
    "(('prospect_both_0_30_ec_ev_source', 'MiddleInitial'), ('prospect_both_0_30_ec_ev_target', 'MaritalStatus'))": 0.4053847,
    "(('prospect_both_0_30_ec_ev_source', 'Gender'), ('prospect_both_0_30_ec_ev_target', 'OwnOrRentFlag'))": 0.38899136
  },
  "metrics": {
    "precision": 0.75,
    "recall": 1.0,
    "f1_score": 0.8571428571428571,
    "precision_at_10_percent": 1.0,
    "precision_at_20_percent": 1.0,
    "precision_at_30_percent": 1.0,
    "precision_at_40_percent": 1.0,
    "precision_at_50_percent": 1.0,
    "precision_at_60_percent": 1.0,
    "precision_at_70_percent": 1.0,
    "precision_at_80_percent": 0.8571428571428571,
    "precision_at_90_percent": 0.75,
    "recall_at_sizeof_ground_truth": 1.0
  },
  "run_times": {
    "total_time": 165.7398890829645,
    "algorithm_time": 165.73986564716324
  }
}