{
  "name": "prospect_both_0_50_ac3_ev__Coma{'max_n': 0, 'strategy': 'COMA_OPT'}",
  "matches": {
    "(('prospect_both_0_50_ac3_ev_source', 'Phone'), ('prospect_both_0_50_ac3_ev_target', 'phn'))": 0.39210925,
    "(('prospect_both_0_50_ac3_ev_source', 'State'), ('prospect_both_0_50_ac3_ev_target', 'stt'))": 0.39210925,
    "(('prospect_both_0_50_ac3_ev_source', 'Gender'), ('prospect_both_0_50_ac3_ev_target', 'gndr'))": 0.36414686,
    "(('prospect_both_0_50_ac3_ev_source', 'NumberCars'), ('prospect_both_0_50_ac3_ev_target', 'nmbrcrs'))": 0.35639495,
    "(('prospect_both_0_50_ac3_ev_source', 'Employer'), ('prospect_both_0_50_ac3_ev_target', 'mplr'))": 0.3480075,
    "(('prospect_both_0_50_ac3_ev_source', 'MiddleInitial'), ('prospect_both_0_50_ac3_ev_target', 'mddlntl'))": 0.33332944,
    "(('prospect_both_0_50_ac3_ev_source', 'MaritalStatus'), ('prospect_both_0_50_ac3_ev_target', 'mrtlstts'))": 0.32666492,
    "(('prospect_both_0_50_ac3_ev_source', 'OwnOrRentFlag'), ('prospect_both_0_50_ac3_ev_target', 'wnrrntflg'))": 0.32552105,
    "(('prospect_both_0_50_ac3_ev_source', 'City'), ('prospect_both_0_50_ac3_ev_target', 'cntr'))": 0.3028235
  },
  "metrics": {
    "precision": 0.8888888888888888,
    "recall": 0.7272727272727273,
    "f1_score": 0.7999999999999999,
    "precision_at_10_percent": 1.0,
    "precision_at_20_percent": 1.0,
    "precision_at_30_percent": 1.0,
    "precision_at_40_percent": 1.0,
    "precision_at_50_percent": 1.0,
    "precision_at_60_percent": 1.0,
    "precision_at_70_percent": 1.0,
    "precision_at_80_percent": 1.0,
    "precision_at_90_percent": 0.8888888888888888,
    "recall_at_sizeof_ground_truth": 0.7272727272727273
  },
  "run_times": {
    "total_time": 1.8001184989698231,
    "algorithm_time": 1.8000932820141315
  }
}