{
  "name": "prospect_both_50_70_ec_ev__Coma{'max_n': 0, 'strategy': 'COMA_OPT'}",
  "matches": {
    "(('prospect_both_50_70_ec_ev_source', 'NumberCreditCards'), ('prospect_both_50_70_ec_ev_target', 'NumberCreditCards'))": 0.9336979,
    "(('prospect_both_50_70_ec_ev_source', 'NumberChildren'), ('prospect_both_50_70_ec_ev_target', 'NumberChildren'))": 0.9315999,
    "(('prospect_both_50_70_ec_ev_source', 'MaritalStatus'), ('prospect_both_50_70_ec_ev_target', 'MaritalStatus'))": 0.9308458,
    "(('prospect_both_50_70_ec_ev_source', 'AddressLine1'), ('prospect_both_50_70_ec_ev_target', 'AddressLine1'))": 0.93006146,
    "(('prospect_both_50_70_ec_ev_source', 'PostalCode'), ('prospect_both_50_70_ec_ev_target', 'PostalCode'))": 0.9283948,
    "(('prospect_both_50_70_ec_ev_source', 'FirstName'), ('prospect_both_50_70_ec_ev_target', 'FirstName'))": 0.9275083,
    "(('prospect_both_50_70_ec_ev_source', 'AgencyID'), ('prospect_both_50_70_ec_ev_target', 'AgencyID'))": 0.92658323,
    "(('prospect_both_50_70_ec_ev_source', 'NetWorth'), ('prospect_both_50_70_ec_ev_target', 'NetWorth'))": 0.92658323,
    "(('prospect_both_50_70_ec_ev_source', 'Country'), ('prospect_both_50_70_ec_ev_target', 'Country'))": 0.92561704,
    "(('prospect_both_50_70_ec_ev_source', 'Gender'), ('prospect_both_50_70_ec_ev_target', 'Gender'))": 0.9246069,
    "(('prospect_both_50_70_ec_ev_source', 'Income'), ('prospect_both_50_70_ec_ev_target', 'Income'))": 0.9246069,
    "(('prospect_both_50_70_ec_ev_source', 'Phone'), ('prospect_both_50_70_ec_ev_target', 'Phone'))": 0.92354983,
    "(('prospect_both_50_70_ec_ev_source', 'State'), ('prospect_both_50_70_ec_ev_target', 'State'))": 0.92354983,
    "(('prospect_both_50_70_ec_ev_source', 'City'), ('prospect_both_50_70_ec_ev_target', 'City'))": 0.92244244,
    "(('prospect_both_50_70_ec_ev_source', 'Age'), ('prospect_both_50_70_ec_ev_target', 'Age'))": 0.921281
  },
  "metrics": {
    "precision": 1.0,
    "recall": 1.0,
    "f1_score": 1.0,
    "precision_at_10_percent": 1.0,
    "precision_at_20_percent": 1.0,
    "precision_at_30_percent": 1.0,
    "precision_at_40_percent": 1.0,
    "precision_at_50_percent": 1.0,
    "precision_at_60_percent": 1.0,
    "precision_at_70_percent": 1.0,
    "precision_at_80_percent": 1.0,
    "precision_at_90_percent": 1.0,
    "recall_at_sizeof_ground_truth": 1.0
  },
  "run_times": {
    "total_time": 2.3988728830008768,
    "algorithm_time": 2.3988473970021005
  }
}