{
  "name": "prospect_both_0_30_ac1_ev__Coma{'max_n': 0, 'strategy': 'COMA_OPT_INST'}",
  "matches": {
    "(('prospect_both_0_30_ac1_ev_source', 'NumberCreditCards'), ('prospect_both_0_30_ac1_ev_target', 'prospect_NumberCreditCards'))": 0.7226411,
    "(('prospect_both_0_30_ac1_ev_source', 'CreditRating'), ('prospect_both_0_30_ac1_ev_target', 'prospect_CreditRating'))": 0.6591164,
    "(('prospect_both_0_30_ac1_ev_source', 'Employer'), ('prospect_both_0_30_ac1_ev_target', 'prospect_Employer'))": 0.58308977,
    "(('prospect_both_0_30_ac1_ev_source', 'AgencyID'), ('prospect_both_0_30_ac1_ev_target', 'prospect_AgencyID'))": 0.4471302,
    "(('prospect_both_0_30_ac1_ev_source', 'NetWorth'), ('prospect_both_0_30_ac1_ev_target', 'prospect_NetWorth'))": 0.4471302,
    "(('prospect_both_0_30_ac1_ev_source', 'LastName'), ('prospect_both_0_30_ac1_ev_target', 'prospect_LastName'))": 0.4471302,
    "(('prospect_both_0_30_ac1_ev_source', 'Gender'), ('prospect_both_0_30_ac1_ev_target', 'prospect_OwnOrRentFlag'))": 0.33417583,
    "(('prospect_both_0_30_ac1_ev_source', 'MiddleInitial'), ('prospect_both_0_30_ac1_ev_target', 'prospect_MaritalStatus'))": 0.334066
  },
  "metrics": {
    "precision": 0.75,
    "recall": 1.0,
    "f1_score": 0.8571428571428571,
    "precision_at_10_percent": 1.0,
    "precision_at_20_percent": 1.0,
    "precision_at_30_percent": 1.0,
    "precision_at_40_percent": 1.0,
    "precision_at_50_percent": 1.0,
    "precision_at_60_percent": 1.0,
    "precision_at_70_percent": 1.0,
    "precision_at_80_percent": 0.8571428571428571,
    "precision_at_90_percent": 0.75,
    "recall_at_sizeof_ground_truth": 1.0
  },
  "run_times": {
    "total_time": 195.95219168066978,
    "algorithm_time": 195.95216440502554
  }
}