{
  "name": "prospect_vertical_30_ac1_ev__Coma{'max_n': 0, 'strategy': 'COMA_OPT_INST'}",
  "matches": {
    "(('prospect_vertical_30_ac1_ev_source', 'OwnOrRentFlag'), ('prospect_vertical_30_ac1_ev_target', 'prospect_OwnOrRentFlag'))": 0.69617194,
    "(('prospect_vertical_30_ac1_ev_source', 'MaritalStatus'), ('prospect_vertical_30_ac1_ev_target', 'prospect_MaritalStatus'))": 0.69617194,
    "(('prospect_vertical_30_ac1_ev_source', 'AddressLine1'), ('prospect_vertical_30_ac1_ev_target', 'prospect_AddressLine1'))": 0.6882659,
    "(('prospect_vertical_30_ac1_ev_source', 'AgencyID'), ('prospect_vertical_30_ac1_ev_target', 'prospect_AgencyID'))": 0.6464156,
    "(('prospect_vertical_30_ac1_ev_source', 'Country'), ('prospect_vertical_30_ac1_ev_target', 'prospect_Country'))": 0.63228303,
    "(('prospect_vertical_30_ac1_ev_source', 'Gender'), ('prospect_vertical_30_ac1_ev_target', 'prospect_Gender'))": 0.6159891,
    "(('prospect_vertical_30_ac1_ev_source', 'Phone'), ('prospect_vertical_30_ac1_ev_target', 'prospect_Age'))": 0.28495497
  },
  "metrics": {
    "precision": 0.8571428571428571,
    "recall": 1.0,
    "f1_score": 0.923076923076923,
    "precision_at_10_percent": 1.0,
    "precision_at_20_percent": 1.0,
    "precision_at_30_percent": 1.0,
    "precision_at_40_percent": 1.0,
    "precision_at_50_percent": 1.0,
    "precision_at_60_percent": 1.0,
    "precision_at_70_percent": 1.0,
    "precision_at_80_percent": 1.0,
    "precision_at_90_percent": 0.8571428571428571,
    "recall_at_sizeof_ground_truth": 1.0
  },
  "run_times": {
    "total_time": 117.70078184828162,
    "algorithm_time": 117.70076514733955
  }
}