{
  "name": "prospect_horizontal_0_ac5_av__Coma{'max_n': 0, 'strategy': 'COMA_OPT_INST'}",
  "matches": {
    "(('prospect_horizontal_0_ac5_av_source', 'NumberCreditCards'), ('prospect_horizontal_0_ac5_av_target', 'prospect_nmbrcrdtcrds'))": 0.43128833,
    "(('prospect_horizontal_0_ac5_av_source', 'OwnOrRentFlag'), ('prospect_horizontal_0_ac5_av_target', 'prospect_wnrrntflg'))": 0.42531505,
    "(('prospect_horizontal_0_ac5_av_source', 'NumberChildren'), ('prospect_horizontal_0_ac5_av_target', 'prospect_nmbrchldrn'))": 0.4209644,
    "(('prospect_horizontal_0_ac5_av_source', 'NumberCars'), ('prospect_horizontal_0_ac5_av_target', 'prospect_nmbrcrs'))": 0.41265488,
    "(('prospect_horizontal_0_ac5_av_source', 'MaritalStatus'), ('prospect_horizontal_0_ac5_av_target', 'prospect_mrtlstts'))": 0.40249616,
    "(('prospect_horizontal_0_ac5_av_source', 'Country'), ('prospect_horizontal_0_ac5_av_target', 'prospect_cntr'))": 0.39694884,
    "(('prospect_horizontal_0_ac5_av_source', 'MiddleInitial'), ('prospect_horizontal_0_ac5_av_target', 'prospect_mddlntl'))": 0.39673796,
    "(('prospect_horizontal_0_ac5_av_source', 'Gender'), ('prospect_horizontal_0_ac5_av_target', 'prospect_gndr'))": 0.39621246,
    "(('prospect_horizontal_0_ac5_av_source', 'CreditRating'), ('prospect_horizontal_0_ac5_av_target', 'prospect_crdtrtng'))": 0.37380108,
    "(('prospect_horizontal_0_ac5_av_source', 'Age'), ('prospect_horizontal_0_ac5_av_target', 'prospect_g'))": 0.37012267,
    "(('prospect_horizontal_0_ac5_av_source', 'Employer'), ('prospect_horizontal_0_ac5_av_target', 'prospect_mplr'))": 0.3664494,
    "(('prospect_horizontal_0_ac5_av_source', 'State'), ('prospect_horizontal_0_ac5_av_target', 'prospect_stt'))": 0.36019856,
    "(('prospect_horizontal_0_ac5_av_source', 'City'), ('prospect_horizontal_0_ac5_av_target', 'prospect_ct'))": 0.35981295,
    "(('prospect_horizontal_0_ac5_av_source', 'NetWorth'), ('prospect_horizontal_0_ac5_av_target', 'prospect_ntwrth'))": 0.25641415,
    "(('prospect_horizontal_0_ac5_av_source', 'AddressLine1'), ('prospect_horizontal_0_ac5_av_target', 'prospect_ddrssln1'))": 0.2320108,
    "(('prospect_horizontal_0_ac5_av_source', 'AddressLine2'), ('prospect_horizontal_0_ac5_av_target', 'prospect_ddrssln2'))": 0.2320108,
    "(('prospect_horizontal_0_ac5_av_source', 'FirstName'), ('prospect_horizontal_0_ac5_av_target', 'prospect_frstnm'))": 0.21918471
  },
  "metrics": {
    "precision": 1.0,
    "recall": 0.7727272727272727,
    "f1_score": 0.8717948717948718,
    "precision_at_10_percent": 1.0,
    "precision_at_20_percent": 1.0,
    "precision_at_30_percent": 1.0,
    "precision_at_40_percent": 1.0,
    "precision_at_50_percent": 1.0,
    "precision_at_60_percent": 1.0,
    "precision_at_70_percent": 1.0,
    "precision_at_80_percent": 1.0,
    "precision_at_90_percent": 1.0,
    "recall_at_sizeof_ground_truth": 0.7727272727272727
  },
  "run_times": {
    "total_time": 1332.2164168139998,
    "algorithm_time": 1332.216399199
  }
}