{
  "name": "prospect_vertical_1_ac3_av__Coma{'max_n': 0, 'strategy': 'COMA_OPT_INST'}",
  "matches": {
    "(('prospect_vertical_1_ac3_av_source', 'MiddleInitial'), ('prospect_vertical_1_ac3_av_target', 'mrtlstts'))": 0.32579252,
    "(('prospect_vertical_1_ac3_av_source', 'Gender'), ('prospect_vertical_1_ac3_av_target', 'wnrrntflg'))": 0.31301057,
    "(('prospect_vertical_1_ac3_av_source', 'City'), ('prospect_vertical_1_ac3_av_target', 'crdtrtng'))": 0.20262575,
    "(('prospect_vertical_1_ac3_av_source', 'State'), ('prospect_vertical_1_ac3_av_target', 'nmbrcrs'))": 0.20262575,
    "(('prospect_vertical_1_ac3_av_source', 'PostalCode'), ('prospect_vertical_1_ac3_av_target', 'phn'))": 0.19821936
  },
  "metrics": {
    "precision": 0.0,
    "recall": 0.0,
    "f1_score": 0,
    "precision_at_10_percent": 0.0,
    "precision_at_20_percent": 0.0,
    "precision_at_30_percent": 0.0,
    "precision_at_40_percent": 0.0,
    "precision_at_50_percent": 0.0,
    "precision_at_60_percent": 0.0,
    "precision_at_70_percent": 0.0,
    "precision_at_80_percent": 0.0,
    "precision_at_90_percent": 0.0,
    "recall_at_sizeof_ground_truth": 0.0
  },
  "run_times": {
    "total_time": 586.0608729439991,
    "algorithm_time": 586.060854809999
  }
}