{
  "name": "prospect_vertical_70_ac4_ev__Coma{'max_n': 0, 'strategy': 'COMA_OPT_INST'}",
  "matches": {
    "(('prospect_vertical_70_ac4_ev_source', 'AgencyID'), ('prospect_vertical_70_ac4_ev_target', 'prospect_AgID'))": 0.42696863,
    "(('prospect_vertical_70_ac4_ev_source', 'MiddleInitial'), ('prospect_vertical_70_ac4_ev_target', 'prospect_MidInit'))": 0.41977254,
    "(('prospect_vertical_70_ac4_ev_source', 'Age'), ('prospect_vertical_70_ac4_ev_target', 'prospect_A'))": 0.413788,
    "(('prospect_vertical_70_ac4_ev_source', 'NumberCreditCards'), ('prospect_vertical_70_ac4_ev_target', 'prospect_NumCreCar'))": 0.41000748,
    "(('prospect_vertical_70_ac4_ev_source', 'AddressLine2'), ('prospect_vertical_70_ac4_ev_target', 'prospect_AddL2'))": 0.4092098,
    "(('prospect_vertical_70_ac4_ev_source', 'City'), ('prospect_vertical_70_ac4_ev_target', 'prospect_Ci'))": 0.40555745,
    "(('prospect_vertical_70_ac4_ev_source', 'State'), ('prospect_vertical_70_ac4_ev_target', 'prospect_St'))": 0.39846897,
    "(('prospect_vertical_70_ac4_ev_source', 'Gender'), ('prospect_vertical_70_ac4_ev_target', 'prospect_Ge'))": 0.39841613,
    "(('prospect_vertical_70_ac4_ev_source', 'Income'), ('prospect_vertical_70_ac4_ev_target', 'prospect_In'))": 0.39841613,
    "(('prospect_vertical_70_ac4_ev_source', 'Employer'), ('prospect_vertical_70_ac4_ev_target', 'prospect_Emp'))": 0.39645618,
    "(('prospect_vertical_70_ac4_ev_source', 'NetWorth'), ('prospect_vertical_70_ac4_ev_target', 'prospect_NWor'))": 0.39071333,
    "(('prospect_vertical_70_ac4_ev_source', 'FirstName'), ('prospect_vertical_70_ac4_ev_target', 'prospect_FirN'))": 0.3880492,
    "(('prospect_vertical_70_ac4_ev_source', 'NumberCars'), ('prospect_vertical_70_ac4_ev_target', 'prospect_NumChil'))": 0.37850273,
    "(('prospect_vertical_70_ac4_ev_source', 'MaritalStatus'), ('prospect_vertical_70_ac4_ev_target', 'prospect_MaSta'))": 0.37634957,
    "(('prospect_vertical_70_ac4_ev_source', 'OwnOrRentFlag'), ('prospect_vertical_70_ac4_ev_target', 'prospect_OORFl'))": 0.34654313
  },
  "metrics": {
    "precision": 0.9333333333333333,
    "recall": 0.9333333333333333,
    "f1_score": 0.9333333333333333,
    "precision_at_10_percent": 1.0,
    "precision_at_20_percent": 1.0,
    "precision_at_30_percent": 1.0,
    "precision_at_40_percent": 1.0,
    "precision_at_50_percent": 1.0,
    "precision_at_60_percent": 1.0,
    "precision_at_70_percent": 1.0,
    "precision_at_80_percent": 1.0,
    "precision_at_90_percent": 0.9285714285714286,
    "recall_at_sizeof_ground_truth": 0.9333333333333333
  },
  "run_times": {
    "total_time": 262.23647381411865,
    "algorithm_time": 262.2364420890808
  }
}