{
  "name": "prospect_both_50_1_ac1_av__Coma{'max_n': 0, 'strategy': 'COMA_OPT'}",
  "matches": {
    "(('prospect_both_50_1_ac1_av_source', 'AgencyID'), ('prospect_both_50_1_ac1_av_target', 'prospect_AgencyID'))": 0.5059282,
    "(('prospect_both_50_1_ac1_av_source', 'State'), ('prospect_both_50_1_ac1_av_target', 'prospect_MaritalStatus'))": 0.29076266,
    "(('prospect_both_50_1_ac1_av_source', 'LastName'), ('prospect_both_50_1_ac1_av_target', 'prospect_Income'))": 0.27515474,
    "(('prospect_both_50_1_ac1_av_source', 'Gender'), ('prospect_both_50_1_ac1_av_target', 'prospect_Employer'))": 0.27515474
  },
  "metrics": {
    "precision": 0.25,
    "recall": 1.0,
    "f1_score": 0.4,
    "precision_at_10_percent": 1.0,
    "precision_at_20_percent": 1.0,
    "precision_at_30_percent": 0.5,
    "precision_at_40_percent": 0.5,
    "precision_at_50_percent": 0.5,
    "precision_at_60_percent": 0.3333333333333333,
    "precision_at_70_percent": 0.3333333333333333,
    "precision_at_80_percent": 0.25,
    "precision_at_90_percent": 0.25,
    "recall_at_sizeof_ground_truth": 1.0
  },
  "run_times": {
    "total_time": 11.745052067999495,
    "algorithm_time": 11.745037025999409
  }
}