{
  "name": "prospect_horizontal_100_ac5_av__Coma{'max_n': 0, 'strategy': 'COMA_OPT'}",
  "matches": {
    "(('prospect_horizontal_100_ac5_av_source', 'NetWorth'), ('prospect_horizontal_100_ac5_av_target', 'prospect_ntwrth'))": 0.3233188,
    "(('prospect_horizontal_100_ac5_av_source', 'AddressLine1'), ('prospect_horizontal_100_ac5_av_target', 'prospect_ddrssln1'))": 0.29304054,
    "(('prospect_horizontal_100_ac5_av_source', 'AddressLine2'), ('prospect_horizontal_100_ac5_av_target', 'prospect_ddrssln2'))": 0.29304054,
    "(('prospect_horizontal_100_ac5_av_source', 'NumberCreditCards'), ('prospect_horizontal_100_ac5_av_target', 'prospect_nmbrcrdtcrds'))": 0.29218924,
    "(('prospect_horizontal_100_ac5_av_source', 'Employer'), ('prospect_horizontal_100_ac5_av_target', 'prospect_mplr'))": 0.29083514,
    "(('prospect_horizontal_100_ac5_av_source', 'OwnOrRentFlag'), ('prospect_horizontal_100_ac5_av_target', 'prospect_wnrrntflg'))": 0.28473127,
    "(('prospect_horizontal_100_ac5_av_source', 'NumberChildren'), ('prospect_horizontal_100_ac5_av_target', 'prospect_nmbrchldrn'))": 0.27934706,
    "(('prospect_horizontal_100_ac5_av_source', 'FirstName'), ('prospect_horizontal_100_ac5_av_target', 'prospect_frstnm'))": 0.277021,
    "(('prospect_horizontal_100_ac5_av_source', 'NumberCars'), ('prospect_horizontal_100_ac5_av_target', 'prospect_nmbrcrs'))": 0.26893038,
    "(('prospect_horizontal_100_ac5_av_source', 'MaritalStatus'), ('prospect_horizontal_100_ac5_av_target', 'prospect_lstnm'))": 0.26201794,
    "(('prospect_horizontal_100_ac5_av_source', 'MiddleInitial'), ('prospect_horizontal_100_ac5_av_target', 'prospect_mddlntl'))": 0.25810787,
    "(('prospect_horizontal_100_ac5_av_source', 'CreditRating'), ('prospect_horizontal_100_ac5_av_target', 'prospect_crdtrtng'))": 0.25810787
  },
  "metrics": {
    "precision": 0.9166666666666666,
    "recall": 0.5,
    "f1_score": 0.6470588235294118,
    "precision_at_10_percent": 1.0,
    "precision_at_20_percent": 1.0,
    "precision_at_30_percent": 1.0,
    "precision_at_40_percent": 1.0,
    "precision_at_50_percent": 1.0,
    "precision_at_60_percent": 1.0,
    "precision_at_70_percent": 1.0,
    "precision_at_80_percent": 0.9,
    "precision_at_90_percent": 0.9090909090909091,
    "recall_at_sizeof_ground_truth": 0.5
  },
  "run_times": {
    "total_time": 5.949223216999599,
    "algorithm_time": 5.9492036789997655
  }
}