{
  "name": "prospect_vertical_50_ac4_ev__Coma{'max_n': 0, 'strategy': 'COMA_OPT'}",
  "matches": {
    "(('prospect_vertical_50_ac4_ev_source', 'Age'), ('prospect_vertical_50_ac4_ev_target', 'prospect_Ge'))": 0.33238763,
    "(('prospect_vertical_50_ac4_ev_source', 'NumberCars'), ('prospect_vertical_50_ac4_ev_target', 'prospect_NumCrCar'))": 0.2983955,
    "(('prospect_vertical_50_ac4_ev_source', 'Country'), ('prospect_vertical_50_ac4_ev_target', 'prospect_Coun'))": 0.292374,
    "(('prospect_vertical_50_ac4_ev_source', 'AgencyID'), ('prospect_vertical_50_ac4_ev_target', 'prospect_AgID'))": 0.28715324,
    "(('prospect_vertical_50_ac4_ev_source', 'MiddleInitial'), ('prospect_vertical_50_ac4_ev_target', 'prospect_MiInit'))": 0.25748765
  },
  "metrics": {
    "precision": 0.6,
    "recall": 0.2727272727272727,
    "f1_score": 0.37499999999999994,
    "precision_at_10_percent": 0.0,
    "precision_at_20_percent": 0.0,
    "precision_at_30_percent": 0.0,
    "precision_at_40_percent": 0.0,
    "precision_at_50_percent": 0.3333333333333333,
    "precision_at_60_percent": 0.3333333333333333,
    "precision_at_70_percent": 0.5,
    "precision_at_80_percent": 0.5,
    "precision_at_90_percent": 0.6,
    "recall_at_sizeof_ground_truth": 0.2727272727272727
  },
  "run_times": {
    "total_time": 1.6534415101632476,
    "algorithm_time": 1.653415294829756
  }
}