{
  "name": "prospect_both_0_70_ac2_ev__Coma{'max_n': 0, 'strategy': 'COMA_OPT'}",
  "matches": {
    "(('prospect_both_0_70_ac2_ev_source', 'Country'), ('prospect_both_0_70_ac2_ev_target', 'Coun'))": 0.5363626,
    "(('prospect_both_0_70_ac2_ev_source', 'Age'), ('prospect_both_0_70_ac2_ev_target', 'Ag'))": 0.5209731,
    "(('prospect_both_0_70_ac2_ev_source', 'State'), ('prospect_both_0_70_ac2_ev_target', 'Sta'))": 0.5203117,
    "(('prospect_both_0_70_ac2_ev_source', 'AgencyID'), ('prospect_both_0_70_ac2_ev_target', 'AgID'))": 0.5176061,
    "(('prospect_both_0_70_ac2_ev_source', 'Income'), ('prospect_both_0_70_ac2_ev_target', 'Inc'))": 0.49891007,
    "(('prospect_both_0_70_ac2_ev_source', 'City'), ('prospect_both_0_70_ac2_ev_target', 'Ci'))": 0.49093693,
    "(('prospect_both_0_70_ac2_ev_source', 'AddressLine1'), ('prospect_both_0_70_ac2_ev_target', 'AddrL1'))": 0.48859254,
    "(('prospect_both_0_70_ac2_ev_source', 'Employer'), ('prospect_both_0_70_ac2_ev_target', 'Emp'))": 0.46602044,
    "(('prospect_both_0_70_ac2_ev_source', 'MiddleInitial'), ('prospect_both_0_70_ac2_ev_target', 'MidInit'))": 0.4659962,
    "(('prospect_both_0_70_ac2_ev_source', 'CreditRating'), ('prospect_both_0_70_ac2_ev_target', 'CrRat'))": 0.3953117,
    "(('prospect_both_0_70_ac2_ev_source', 'MaritalStatus'), ('prospect_both_0_70_ac2_ev_target', 'MaSta'))": 0.38704515,
    "(('prospect_both_0_70_ac2_ev_source', 'NumberChildren'), ('prospect_both_0_70_ac2_ev_target', 'NumCa'))": 0.38530943,
    "(('prospect_both_0_70_ac2_ev_source', 'NumberCreditCards'), ('prospect_both_0_70_ac2_ev_target', 'NuCreCar'))": 0.38213477
  },
  "metrics": {
    "precision": 0.9230769230769231,
    "recall": 0.8,
    "f1_score": 0.8571428571428571,
    "precision_at_10_percent": 1.0,
    "precision_at_20_percent": 1.0,
    "precision_at_30_percent": 1.0,
    "precision_at_40_percent": 1.0,
    "precision_at_50_percent": 1.0,
    "precision_at_60_percent": 1.0,
    "precision_at_70_percent": 1.0,
    "precision_at_80_percent": 1.0,
    "precision_at_90_percent": 0.9166666666666666,
    "recall_at_sizeof_ground_truth": 0.8
  },
  "run_times": {
    "total_time": 1.6837339168414474,
    "algorithm_time": 1.6837074626237154
  }
}