{
  "name": "prospect_horizontal_50_ec_ev__Coma{'max_n': 0, 'strategy': 'COMA_OPT_INST'}",
  "matches": {
    "(('prospect_horizontal_50_ec_ev_source', 'NumberCreditCards'), ('prospect_horizontal_50_ec_ev_target', 'NumberCreditCards'))": 0.97241384,
    "(('prospect_horizontal_50_ec_ev_source', 'NumberChildren'), ('prospect_horizontal_50_ec_ev_target', 'NumberChildren'))": 0.9709091,
    "(('prospect_horizontal_50_ec_ev_source', 'OwnOrRentFlag'), ('prospect_horizontal_50_ec_ev_target', 'OwnOrRentFlag'))": 0.9703704,
    "(('prospect_horizontal_50_ec_ev_source', 'MaritalStatus'), ('prospect_horizontal_50_ec_ev_target', 'MaritalStatus'))": 0.9698113,
    "(('prospect_horizontal_50_ec_ev_source', 'NumberCars'), ('prospect_horizontal_50_ec_ev_target', 'NumberCars'))": 0.96862745,
    "(('prospect_horizontal_50_ec_ev_source', 'Country'), ('prospect_horizontal_50_ec_ev_target', 'Country'))": 0.9666666,
    "(('prospect_horizontal_50_ec_ev_source', 'Age'), ('prospect_horizontal_50_ec_ev_target', 'Age'))": 0.9636364,
    "(('prospect_horizontal_50_ec_ev_source', 'MiddleInitial'), ('prospect_horizontal_50_ec_ev_target', 'MiddleInitial'))": 0.96318614,
    "(('prospect_horizontal_50_ec_ev_source', 'Gender'), ('prospect_horizontal_50_ec_ev_target', 'Gender'))": 0.9622936,
    "(('prospect_horizontal_50_ec_ev_source', 'State'), ('prospect_horizontal_50_ec_ev_target', 'State'))": 0.96161735,
    "(('prospect_horizontal_50_ec_ev_source', 'City'), ('prospect_horizontal_50_ec_ev_target', 'City'))": 0.95736706,
    "(('prospect_horizontal_50_ec_ev_source', 'CreditRating'), ('prospect_horizontal_50_ec_ev_target', 'CreditRating'))": 0.93969023,
    "(('prospect_horizontal_50_ec_ev_source', 'Employer'), ('prospect_horizontal_50_ec_ev_target', 'Employer'))": 0.9034616,
    "(('prospect_horizontal_50_ec_ev_source', 'AddressLine1'), ('prospect_horizontal_50_ec_ev_target', 'AddressLine1'))": 0.76981133,
    "(('prospect_horizontal_50_ec_ev_source', 'AddressLine2'), ('prospect_horizontal_50_ec_ev_target', 'AddressLine2'))": 0.76981133,
    "(('prospect_horizontal_50_ec_ev_source', 'FirstName'), ('prospect_horizontal_50_ec_ev_target', 'FirstName'))": 0.768,
    "(('prospect_horizontal_50_ec_ev_source', 'PostalCode'), ('prospect_horizontal_50_ec_ev_target', 'PostalCode'))": 0.768,
    "(('prospect_horizontal_50_ec_ev_source', 'AgencyID'), ('prospect_horizontal_50_ec_ev_target', 'AgencyID'))": 0.767347,
    "(('prospect_horizontal_50_ec_ev_source', 'LastName'), ('prospect_horizontal_50_ec_ev_target', 'LastName'))": 0.767347,
    "(('prospect_horizontal_50_ec_ev_source', 'NetWorth'), ('prospect_horizontal_50_ec_ev_target', 'NetWorth'))": 0.767347,
    "(('prospect_horizontal_50_ec_ev_source', 'Income'), ('prospect_horizontal_50_ec_ev_target', 'Income'))": 0.766379,
    "(('prospect_horizontal_50_ec_ev_source', 'Phone'), ('prospect_horizontal_50_ec_ev_target', 'Phone'))": 0.7652174
  },
  "metrics": {
    "precision": 1.0,
    "recall": 1.0,
    "f1_score": 1.0,
    "precision_at_10_percent": 1.0,
    "precision_at_20_percent": 1.0,
    "precision_at_30_percent": 1.0,
    "precision_at_40_percent": 1.0,
    "precision_at_50_percent": 1.0,
    "precision_at_60_percent": 1.0,
    "precision_at_70_percent": 1.0,
    "precision_at_80_percent": 1.0,
    "precision_at_90_percent": 1.0,
    "recall_at_sizeof_ground_truth": 1.0
  },
  "run_times": {
    "total_time": 936.9862333401106,
    "algorithm_time": 936.9862030278891
  }
}