{
  "name": "prospect_vertical_50_ac3_ev__Coma{'max_n': 0, 'strategy': 'COMA_OPT'}",
  "matches": {
    "(('prospect_vertical_50_ac3_ev_source', 'NetWorth'), ('prospect_vertical_50_ac3_ev_target', 'ntwrth'))": 0.4584717,
    "(('prospect_vertical_50_ac3_ev_source', 'Phone'), ('prospect_vertical_50_ac3_ev_target', 'phn'))": 0.40388328,
    "(('prospect_vertical_50_ac3_ev_source', 'FirstName'), ('prospect_vertical_50_ac3_ev_target', 'frstnm'))": 0.38697734,
    "(('prospect_vertical_50_ac3_ev_source', 'NumberCreditCards'), ('prospect_vertical_50_ac3_ev_target', 'nmbrcrdtcrds'))": 0.37368542,
    "(('prospect_vertical_50_ac3_ev_source', 'Country'), ('prospect_vertical_50_ac3_ev_target', 'cntr'))": 0.36455593,
    "(('prospect_vertical_50_ac3_ev_source', 'Employer'), ('prospect_vertical_50_ac3_ev_target', 'mplr'))": 0.35974622,
    "(('prospect_vertical_50_ac3_ev_source', 'AddressLine2'), ('prospect_vertical_50_ac3_ev_target', 'ddrssln2'))": 0.35039842,
    "(('prospect_vertical_50_ac3_ev_source', 'MiddleInitial'), ('prospect_vertical_50_ac3_ev_target', 'mddlntl'))": 0.34539843,
    "(('prospect_vertical_50_ac3_ev_source', 'Gender'), ('prospect_vertical_50_ac3_ev_target', 'g'))": 0.34467044,
    "(('prospect_vertical_50_ac3_ev_source', 'OwnOrRentFlag'), ('prospect_vertical_50_ac3_ev_target', 'wnrrntflg'))": 0.3374497
  },
  "metrics": {
    "precision": 0.9,
    "recall": 0.8181818181818182,
    "f1_score": 0.8571428571428572,
    "precision_at_10_percent": 1.0,
    "precision_at_20_percent": 1.0,
    "precision_at_30_percent": 1.0,
    "precision_at_40_percent": 1.0,
    "precision_at_50_percent": 1.0,
    "precision_at_60_percent": 1.0,
    "precision_at_70_percent": 1.0,
    "precision_at_80_percent": 1.0,
    "precision_at_90_percent": 0.8888888888888888,
    "recall_at_sizeof_ground_truth": 0.8181818181818182
  },
  "run_times": {
    "total_time": 1.6731274789199233,
    "algorithm_time": 1.6730995392426848
  }
}