{
  "name": "prospect_horizontal_100_ac2_ev__Coma{'max_n': 0, 'strategy': 'COMA_OPT_INST'}",
  "matches": {
    "(('prospect_horizontal_100_ac2_ev_source', 'Country'), ('prospect_horizontal_100_ac2_ev_target', 'Coun'))": 0.63986796,
    "(('prospect_horizontal_100_ac2_ev_source', 'Age'), ('prospect_horizontal_100_ac2_ev_target', 'Ag'))": 0.6278035,
    "(('prospect_horizontal_100_ac2_ev_source', 'State'), ('prospect_horizontal_100_ac2_ev_target', 'Sta'))": 0.62354887,
    "(('prospect_horizontal_100_ac2_ev_source', 'Gender'), ('prospect_horizontal_100_ac2_ev_target', 'Gen'))": 0.6064879,
    "(('prospect_horizontal_100_ac2_ev_source', 'MiddleInitial'), ('prospect_horizontal_100_ac2_ev_target', 'MidInit'))": 0.576836,
    "(('prospect_horizontal_100_ac2_ev_source', 'NumberCars'), ('prospect_horizontal_100_ac2_ev_target', 'NumCrCar'))": 0.55693465,
    "(('prospect_horizontal_100_ac2_ev_source', 'MaritalStatus'), ('prospect_horizontal_100_ac2_ev_target', 'MariSt'))": 0.5553955,
    "(('prospect_horizontal_100_ac2_ev_source', 'City'), ('prospect_horizontal_100_ac2_ev_target', 'C'))": 0.5306162,
    "(('prospect_horizontal_100_ac2_ev_source', 'NumberChildren'), ('prospect_horizontal_100_ac2_ev_target', 'NuChi'))": 0.52019113,
    "(('prospect_horizontal_100_ac2_ev_source', 'CreditRating'), ('prospect_horizontal_100_ac2_ev_target', 'CreRa'))": 0.4979278,
    "(('prospect_horizontal_100_ac2_ev_source', 'Employer'), ('prospect_horizontal_100_ac2_ev_target', 'Em'))": 0.4789822,
    "(('prospect_horizontal_100_ac2_ev_source', 'AgencyID'), ('prospect_horizontal_100_ac2_ev_target', 'AgeID'))": 0.46278682,
    "(('prospect_horizontal_100_ac2_ev_source', 'OwnOrRentFlag'), ('prospect_horizontal_100_ac2_ev_target', 'OOReF'))": 0.4410902,
    "(('prospect_horizontal_100_ac2_ev_source', 'Phone'), ('prospect_horizontal_100_ac2_ev_target', 'Pho'))": 0.42714882,
    "(('prospect_horizontal_100_ac2_ev_source', 'Income'), ('prospect_horizontal_100_ac2_ev_target', 'Inc'))": 0.41057315,
    "(('prospect_horizontal_100_ac2_ev_source', 'NetWorth'), ('prospect_horizontal_100_ac2_ev_target', 'NeWor'))": 0.36058837,
    "(('prospect_horizontal_100_ac2_ev_source', 'FirstName'), ('prospect_horizontal_100_ac2_ev_target', 'FirNa'))": 0.3512907,
    "(('prospect_horizontal_100_ac2_ev_source', 'AddressLine1'), ('prospect_horizontal_100_ac2_ev_target', 'AdL1'))": 0.33513385,
    "(('prospect_horizontal_100_ac2_ev_source', 'AddressLine2'), ('prospect_horizontal_100_ac2_ev_target', 'AdLi2'))": 0.32804888,
    "(('prospect_horizontal_100_ac2_ev_source', 'LastName'), ('prospect_horizontal_100_ac2_ev_target', 'LaNa'))": 0.31681448,
    "(('prospect_horizontal_100_ac2_ev_source', 'PostalCode'), ('prospect_horizontal_100_ac2_ev_target', 'PoC'))": 0.31093213
  },
  "metrics": {
    "precision": 0.9523809523809523,
    "recall": 0.9090909090909091,
    "f1_score": 0.9302325581395349,
    "precision_at_10_percent": 1.0,
    "precision_at_20_percent": 1.0,
    "precision_at_30_percent": 0.8571428571428571,
    "precision_at_40_percent": 0.8888888888888888,
    "precision_at_50_percent": 0.9090909090909091,
    "precision_at_60_percent": 0.9230769230769231,
    "precision_at_70_percent": 0.9333333333333333,
    "precision_at_80_percent": 0.9411764705882353,
    "precision_at_90_percent": 0.9473684210526315,
    "recall_at_sizeof_ground_truth": 0.9090909090909091
  },
  "run_times": {
    "total_time": 1778.0351029700014,
    "algorithm_time": 1778.0350804440004
  }
}