{
  "name": "prospect_vertical_50_ac5_av__Coma{'max_n': 0, 'strategy': 'COMA_OPT'}",
  "matches": {
    "(('prospect_vertical_50_ac5_av_source', 'NetWorth'), ('prospect_vertical_50_ac5_av_target', 'prospect_ntwrth'))": 0.31723934,
    "(('prospect_vertical_50_ac5_av_source', 'AddressLine2'), ('prospect_vertical_50_ac5_av_target', 'prospect_ddrssln2'))": 0.28662065,
    "(('prospect_vertical_50_ac5_av_source', 'AddressLine1'), ('prospect_vertical_50_ac5_av_target', 'prospect_ddrssln1'))": 0.28662065,
    "(('prospect_vertical_50_ac5_av_source', 'NumberCreditCards'), ('prospect_vertical_50_ac5_av_target', 'prospect_nmbrcrdtcrds'))": 0.28569677,
    "(('prospect_vertical_50_ac5_av_source', 'NumberChildren'), ('prospect_vertical_50_ac5_av_target', 'prospect_nmbrchldrn'))": 0.2727556,
    "(('prospect_vertical_50_ac5_av_source', 'FirstName'), ('prospect_vertical_50_ac5_av_target', 'prospect_frstnm'))": 0.27057654
  },
  "metrics": {
    "precision": 1.0,
    "recall": 0.5454545454545454,
    "f1_score": 0.7058823529411764,
    "precision_at_10_percent": 1.0,
    "precision_at_20_percent": 1.0,
    "precision_at_30_percent": 1.0,
    "precision_at_40_percent": 1.0,
    "precision_at_50_percent": 1.0,
    "precision_at_60_percent": 1.0,
    "precision_at_70_percent": 1.0,
    "precision_at_80_percent": 1.0,
    "precision_at_90_percent": 1.0,
    "recall_at_sizeof_ground_truth": 0.5454545454545454
  },
  "run_times": {
    "total_time": 6.39560112899926,
    "algorithm_time": 6.395582619999914
  }
}