{
  "name": "prospect_both_0_70_ac4_av__Coma{'max_n': 0, 'strategy': 'COMA_OPT_INST'}",
  "matches": {
    "(('prospect_both_0_70_ac4_av_source', 'Age'), ('prospect_both_0_70_ac4_av_target', 'prospect_Ag'))": 0.4008922,
    "(('prospect_both_0_70_ac4_av_source', 'NumberChildren'), ('prospect_both_0_70_ac4_av_target', 'prospect_NuChil'))": 0.39690882,
    "(('prospect_both_0_70_ac4_av_source', 'MiddleInitial'), ('prospect_both_0_70_ac4_av_target', 'prospect_MidIn'))": 0.36452812,
    "(('prospect_both_0_70_ac4_av_source', 'State'), ('prospect_both_0_70_ac4_av_target', 'prospect_St'))": 0.3601765,
    "(('prospect_both_0_70_ac4_av_source', 'MaritalStatus'), ('prospect_both_0_70_ac4_av_target', 'prospect_MaSt'))": 0.34301117,
    "(('prospect_both_0_70_ac4_av_source', 'OwnOrRentFlag'), ('prospect_both_0_70_ac4_av_target', 'prospect_OORFl'))": 0.34173924,
    "(('prospect_both_0_70_ac4_av_source', 'CreditRating'), ('prospect_both_0_70_ac4_av_target', 'prospect_CreRa'))": 0.307327,
    "(('prospect_both_0_70_ac4_av_source', 'Phone'), ('prospect_both_0_70_ac4_av_target', 'prospect_Pho'))": 0.23827286,
    "(('prospect_both_0_70_ac4_av_source', 'AgencyID'), ('prospect_both_0_70_ac4_av_target', 'prospect_AgID'))": 0.22268367
  },
  "metrics": {
    "precision": 1.0,
    "recall": 0.6,
    "f1_score": 0.7499999999999999,
    "precision_at_10_percent": 1.0,
    "precision_at_20_percent": 1.0,
    "precision_at_30_percent": 1.0,
    "precision_at_40_percent": 1.0,
    "precision_at_50_percent": 1.0,
    "precision_at_60_percent": 1.0,
    "precision_at_70_percent": 1.0,
    "precision_at_80_percent": 1.0,
    "precision_at_90_percent": 1.0,
    "recall_at_sizeof_ground_truth": 0.6
  },
  "run_times": {
    "total_time": 10125.476026772,
    "algorithm_time": 10125.476006562
  }
}