{
  "name": "prospect_vertical_50_ec_av__Coma{'max_n': 0, 'strategy': 'COMA_OPT'}",
  "matches": {
    "(('prospect_vertical_50_ec_av_source', 'MiddleInitial'), ('prospect_vertical_50_ec_av_target', 'MiddleInitial'))": 0.89113736,
    "(('prospect_vertical_50_ec_av_source', 'PostalCode'), ('prospect_vertical_50_ec_av_target', 'PostalCode'))": 0.8887826,
    "(('prospect_vertical_50_ec_av_source', 'FirstName'), ('prospect_vertical_50_ec_av_target', 'FirstName'))": 0.8879322,
    "(('prospect_vertical_50_ec_av_source', 'AgencyID'), ('prospect_vertical_50_ec_av_target', 'AgencyID'))": 0.88704574,
    "(('prospect_vertical_50_ec_av_source', 'LastName'), ('prospect_vertical_50_ec_av_target', 'LastName'))": 0.88704574,
    "(('prospect_vertical_50_ec_av_source', 'NetWorth'), ('prospect_vertical_50_ec_av_target', 'NetWorth'))": 0.88704574,
    "(('prospect_vertical_50_ec_av_source', 'Employer'), ('prospect_vertical_50_ec_av_target', 'Employer'))": 0.88704574,
    "(('prospect_vertical_50_ec_av_source', 'Country'), ('prospect_vertical_50_ec_av_target', 'Country'))": 0.8861207,
    "(('prospect_vertical_50_ec_av_source', 'Gender'), ('prospect_vertical_50_ec_av_target', 'Gender'))": 0.8851545,
    "(('prospect_vertical_50_ec_av_source', 'Phone'), ('prospect_vertical_50_ec_av_target', 'Phone'))": 0.8841443,
    "(('prospect_vertical_50_ec_av_source', 'Age'), ('prospect_vertical_50_ec_av_target', 'Age'))": 0.8819798,
    "(('prospect_vertical_50_ec_av_source', 'State'), ('prospect_vertical_50_ec_av_target', 'MaritalStatus'))": 0.4826292
  },
  "metrics": {
    "precision": 0.9166666666666666,
    "recall": 1.0,
    "f1_score": 0.9565217391304348,
    "precision_at_10_percent": 1.0,
    "precision_at_20_percent": 1.0,
    "precision_at_30_percent": 1.0,
    "precision_at_40_percent": 1.0,
    "precision_at_50_percent": 1.0,
    "precision_at_60_percent": 1.0,
    "precision_at_70_percent": 1.0,
    "precision_at_80_percent": 1.0,
    "precision_at_90_percent": 1.0,
    "recall_at_sizeof_ground_truth": 1.0
  },
  "run_times": {
    "total_time": 3.8782901560007303,
    "algorithm_time": 3.8782716840014473
  }
}