{
  "name": "prospect_horizontal_0_ac4_ev__Coma{'max_n': 0, 'strategy': 'COMA_OPT_INST'}",
  "matches": {
    "(('prospect_horizontal_0_ac4_ev_source', 'Age'), ('prospect_horizontal_0_ac4_ev_target', 'prospect_A'))": 0.41528353,
    "(('prospect_horizontal_0_ac4_ev_source', 'City'), ('prospect_horizontal_0_ac4_ev_target', 'prospect_C'))": 0.40395746,
    "(('prospect_horizontal_0_ac4_ev_source', 'NumberChildren'), ('prospect_horizontal_0_ac4_ev_target', 'prospect_NumChi'))": 0.40353936,
    "(('prospect_horizontal_0_ac4_ev_source', 'State'), ('prospect_horizontal_0_ac4_ev_target', 'prospect_St'))": 0.39982948,
    "(('prospect_horizontal_0_ac4_ev_source', 'Gender'), ('prospect_horizontal_0_ac4_ev_target', 'prospect_Gen'))": 0.39740548,
    "(('prospect_horizontal_0_ac4_ev_source', 'Country'), ('prospect_horizontal_0_ac4_ev_target', 'prospect_Co'))": 0.39676818,
    "(('prospect_horizontal_0_ac4_ev_source', 'NumberCreditCards'), ('prospect_horizontal_0_ac4_ev_target', 'prospect_NuCreCar'))": 0.38964605,
    "(('prospect_horizontal_0_ac4_ev_source', 'NumberCars'), ('prospect_horizontal_0_ac4_ev_target', 'prospect_NumC'))": 0.38709363,
    "(('prospect_horizontal_0_ac4_ev_source', 'CreditRating'), ('prospect_horizontal_0_ac4_ev_target', 'prospect_CreRat'))": 0.37759528,
    "(('prospect_horizontal_0_ac4_ev_source', 'MiddleInitial'), ('prospect_horizontal_0_ac4_ev_target', 'prospect_MidIn'))": 0.3708041,
    "(('prospect_horizontal_0_ac4_ev_source', 'MaritalStatus'), ('prospect_horizontal_0_ac4_ev_target', 'prospect_MaSt'))": 0.35077015,
    "(('prospect_horizontal_0_ac4_ev_source', 'OwnOrRentFlag'), ('prospect_horizontal_0_ac4_ev_target', 'prospect_OwOReF'))": 0.347042,
    "(('prospect_horizontal_0_ac4_ev_source', 'Employer'), ('prospect_horizontal_0_ac4_ev_target', 'prospect_Em'))": 0.32983753,
    "(('prospect_horizontal_0_ac4_ev_source', 'AgencyID'), ('prospect_horizontal_0_ac4_ev_target', 'prospect_AgeID'))": 0.25940773,
    "(('prospect_horizontal_0_ac4_ev_source', 'Phone'), ('prospect_horizontal_0_ac4_ev_target', 'prospect_Ph'))": 0.24499238,
    "(('prospect_horizontal_0_ac4_ev_source', 'AddressLine1'), ('prospect_horizontal_0_ac4_ev_target', 'prospect_AddrL1'))": 0.2374444
  },
  "metrics": {
    "precision": 1.0,
    "recall": 0.7272727272727273,
    "f1_score": 0.8421052631578948,
    "precision_at_10_percent": 1.0,
    "precision_at_20_percent": 1.0,
    "precision_at_30_percent": 1.0,
    "precision_at_40_percent": 1.0,
    "precision_at_50_percent": 1.0,
    "precision_at_60_percent": 1.0,
    "precision_at_70_percent": 1.0,
    "precision_at_80_percent": 1.0,
    "precision_at_90_percent": 1.0,
    "recall_at_sizeof_ground_truth": 0.7272727272727273
  },
  "run_times": {
    "total_time": 1372.5692890250002,
    "algorithm_time": 1372.5692692379998
  }
}