{
  "name": "assays_vertical_1_ec_ev__SemProp{'minhash_sim_threshold': 0.2, 'semantic_sim_threshold': 0.4, 'coh_sem_sim_threshold': 0.4}",
  "matches": {
    "(('assays_vertical_1_ec_ev_target', 'src_assay_id'), ('assays_vertical_1_ec_ev_source', 'assay_id'))": 1,
    "(('assays_vertical_1_ec_ev_target', 'src_assay_id'), ('assays_vertical_1_ec_ev_source', 'assay_category'))": 1,
    "(('assays_vertical_1_ec_ev_target', 'src_assay_id'), ('assays_vertical_1_ec_ev_source', 'assay_type'))": 1,
    "(('assays_vertical_1_ec_ev_target', 'assay_id'), ('assays_vertical_1_ec_ev_source', 'assay_id'))": 1,
    "(('assays_vertical_1_ec_ev_target', 'assay_id'), ('assays_vertical_1_ec_ev_source', 'assay_category'))": 1,
    "(('assays_vertical_1_ec_ev_target', 'assay_id'), ('assays_vertical_1_ec_ev_source', 'assay_type'))": 1
  },
  "metrics": {
    "precision": 0.16666666666666666,
    "recall": 1.0,
    "f1_score": 0.2857142857142857,
    "precision_at_10_percent": 0.0,
    "precision_at_20_percent": 0.0,
    "precision_at_30_percent": 0.0,
    "precision_at_40_percent": 0.0,
    "precision_at_50_percent": 0.0,
    "precision_at_60_percent": 0.25,
    "precision_at_70_percent": 0.2,
    "precision_at_80_percent": 0.2,
    "precision_at_90_percent": 0.16666666666666666,
    "recall_at_sizeof_ground_truth": 0.0
  },
  "run_times": {
    "total_time": 623.0435750389988,
    "algorithm_time": 623.043550311002
  }
}