{
  "name": "assays_both_50_70_ec_av__SemProp{'minhash_sim_threshold': 0.3, 'semantic_sim_threshold': 0.6, 'coh_sem_sim_threshold': 0.2}",
  "matches": {
    "(('assays_both_50_70_ec_av_source', 'src_assay_id'), ('assays_both_50_70_ec_av_target', 'src_assay_id'))": 1,
    "(('assays_both_50_70_ec_av_source', 'src_assay_id'), ('assays_both_50_70_ec_av_target', 'assay_category'))": 1,
    "(('assays_both_50_70_ec_av_source', 'src_assay_id'), ('assays_both_50_70_ec_av_target', 'assay_id'))": 1,
    "(('assays_both_50_70_ec_av_source', 'src_assay_id'), ('assays_both_50_70_ec_av_target', 'assay_type'))": 1,
    "(('assays_both_50_70_ec_av_source', 'src_assay_id'), ('assays_both_50_70_ec_av_target', 'assay_strain'))": 1,
    "(('assays_both_50_70_ec_av_source', 'assay_type'), ('assays_both_50_70_ec_av_target', 'src_assay_id'))": 1,
    "(('assays_both_50_70_ec_av_source', 'assay_type'), ('assays_both_50_70_ec_av_target', 'assay_category'))": 1,
    "(('assays_both_50_70_ec_av_source', 'assay_type'), ('assays_both_50_70_ec_av_target', 'assay_id'))": 1,
    "(('assays_both_50_70_ec_av_source', 'assay_type'), ('assays_both_50_70_ec_av_target', 'assay_type'))": 1,
    "(('assays_both_50_70_ec_av_source', 'assay_type'), ('assays_both_50_70_ec_av_target', 'assay_strain'))": 1,
    "(('assays_both_50_70_ec_av_source', 'assay_id'), ('assays_both_50_70_ec_av_target', 'src_assay_id'))": 1,
    "(('assays_both_50_70_ec_av_source', 'assay_id'), ('assays_both_50_70_ec_av_target', 'assay_category'))": 1,
    "(('assays_both_50_70_ec_av_source', 'assay_id'), ('assays_both_50_70_ec_av_target', 'assay_id'))": 1,
    "(('assays_both_50_70_ec_av_source', 'assay_id'), ('assays_both_50_70_ec_av_target', 'assay_type'))": 1,
    "(('assays_both_50_70_ec_av_source', 'assay_id'), ('assays_both_50_70_ec_av_target', 'assay_strain'))": 1,
    "(('assays_both_50_70_ec_av_source', 'cell_id'), ('assays_both_50_70_ec_av_target', 'cell_id'))": 1
  },
  "metrics": {
    "precision": 0.25,
    "recall": 0.25,
    "f1_score": 0.25,
    "precision_at_10_percent": 0.5,
    "precision_at_20_percent": 0.25,
    "precision_at_30_percent": 0.2,
    "precision_at_40_percent": 0.14285714285714285,
    "precision_at_50_percent": 0.125,
    "precision_at_60_percent": 0.2,
    "precision_at_70_percent": 0.16666666666666666,
    "precision_at_80_percent": 0.23076923076923078,
    "precision_at_90_percent": 0.2,
    "recall_at_sizeof_ground_truth": 0.25
  },
  "run_times": {
    "total_time": 704.8953567539993,
    "algorithm_time": 704.895336960999
  }
}