{
  "name": "assays_vertical_1_ac1_av__SemProp{'minhash_sim_threshold': 0.2, 'semantic_sim_threshold': 0.5, 'coh_sem_sim_threshold': 0.2}",
  "matches": {
    "(('assays_vertical_1_ac1_av_target', 'assays_src_assay_id'), ('assays_vertical_1_ac1_av_source', 'assay_type'))": 1,
    "(('assays_vertical_1_ac1_av_target', 'assays_src_assay_id'), ('assays_vertical_1_ac1_av_source', 'assay_category'))": 1,
    "(('assays_vertical_1_ac1_av_target', 'assays_src_assay_id'), ('assays_vertical_1_ac1_av_source', 'assay_id'))": 1,
    "(('assays_vertical_1_ac1_av_target', 'assays_assay_id'), ('assays_vertical_1_ac1_av_source', 'assay_type'))": 1,
    "(('assays_vertical_1_ac1_av_target', 'assays_assay_id'), ('assays_vertical_1_ac1_av_source', 'assay_category'))": 1,
    "(('assays_vertical_1_ac1_av_target', 'assays_assay_id'), ('assays_vertical_1_ac1_av_source', 'assay_id'))": 1
  },
  "metrics": {
    "precision": 0.16666666666666666,
    "recall": 1.0,
    "f1_score": 0.2857142857142857,
    "precision_at_10_percent": 0.0,
    "precision_at_20_percent": 0.0,
    "precision_at_30_percent": 0.0,
    "precision_at_40_percent": 0.0,
    "precision_at_50_percent": 0.0,
    "precision_at_60_percent": 0.0,
    "precision_at_70_percent": 0.0,
    "precision_at_80_percent": 0.0,
    "precision_at_90_percent": 0.16666666666666666,
    "recall_at_sizeof_ground_truth": 0.0
  },
  "run_times": {
    "total_time": 677.1659271509998,
    "algorithm_time": 677.1658903910029
  }
}