{
  "name": "assays_both_50_50_ac4_ev__SemProp{'minhash_sim_threshold': 0.3, 'semantic_sim_threshold': 0.4, 'coh_sem_sim_threshold': 0.2}",
  "matches": {
    "(('assays_both_50_50_ac4_ev_source', 'assay_category'), ('assays_both_50_50_ac4_ev_target', 'assays_ASTI'))": 1,
    "(('assays_both_50_50_ac4_ev_source', 'assay_category'), ('assays_both_50_50_ac4_ev_target', 'assays_ASST'))": 1,
    "(('assays_both_50_50_ac4_ev_source', 'assay_category'), ('assays_both_50_50_ac4_ev_target', 'assays_ASI'))": 1,
    "(('assays_both_50_50_ac4_ev_source', 'assay_id'), ('assays_both_50_50_ac4_ev_target', 'assays_ASTI'))": 1,
    "(('assays_both_50_50_ac4_ev_source', 'assay_id'), ('assays_both_50_50_ac4_ev_target', 'assays_ASST'))": 1,
    "(('assays_both_50_50_ac4_ev_source', 'assay_id'), ('assays_both_50_50_ac4_ev_target', 'assays_ASI'))": 1,
    "(('assays_both_50_50_ac4_ev_source', 'assay_type'), ('assays_both_50_50_ac4_ev_target', 'assays_ASTI'))": 1,
    "(('assays_both_50_50_ac4_ev_source', 'assay_type'), ('assays_both_50_50_ac4_ev_target', 'assays_ASST'))": 1,
    "(('assays_both_50_50_ac4_ev_source', 'assay_type'), ('assays_both_50_50_ac4_ev_target', 'assays_ASI'))": 1,
    "(('assays_both_50_50_ac4_ev_source', 'src_assay_id'), ('assays_both_50_50_ac4_ev_target', 'assays_ASTI'))": 1,
    "(('assays_both_50_50_ac4_ev_source', 'src_assay_id'), ('assays_both_50_50_ac4_ev_target', 'assays_ASST'))": 1,
    "(('assays_both_50_50_ac4_ev_source', 'src_assay_id'), ('assays_both_50_50_ac4_ev_target', 'assays_ASI'))": 1
  },
  "metrics": {
    "precision": 0.16666666666666666,
    "recall": 0.18181818181818182,
    "f1_score": 0.17391304347826086,
    "precision_at_10_percent": 0.0,
    "precision_at_20_percent": 0.0,
    "precision_at_30_percent": 0.0,
    "precision_at_40_percent": 0.0,
    "precision_at_50_percent": 0.16666666666666666,
    "precision_at_60_percent": 0.25,
    "precision_at_70_percent": 0.2222222222222222,
    "precision_at_80_percent": 0.2,
    "precision_at_90_percent": 0.18181818181818182,
    "recall_at_sizeof_ground_truth": 0.18181818181818182
  },
  "run_times": {
    "total_time": 624.6675677419998,
    "algorithm_time": 624.6675462509993
  }
}