{
  "name": "assays_both_50_70_ec_ev__SemProp{'minhash_sim_threshold': 0.3, 'semantic_sim_threshold': 0.5, 'coh_sem_sim_threshold': 0.2}",
  "matches": {
    "(('assays_both_50_70_ec_ev_source', 'assay_category'), ('assays_both_50_70_ec_ev_target', 'assay_id'))": 1,
    "(('assays_both_50_70_ec_ev_source', 'assay_category'), ('assays_both_50_70_ec_ev_target', 'src_assay_id'))": 1,
    "(('assays_both_50_70_ec_ev_source', 'assay_category'), ('assays_both_50_70_ec_ev_target', 'assay_type'))": 1,
    "(('assays_both_50_70_ec_ev_source', 'assay_category'), ('assays_both_50_70_ec_ev_target', 'assay_category'))": 1,
    "(('assays_both_50_70_ec_ev_source', 'assay_strain'), ('assays_both_50_70_ec_ev_target', 'assay_id'))": 1,
    "(('assays_both_50_70_ec_ev_source', 'assay_strain'), ('assays_both_50_70_ec_ev_target', 'src_assay_id'))": 1,
    "(('assays_both_50_70_ec_ev_source', 'assay_strain'), ('assays_both_50_70_ec_ev_target', 'assay_type'))": 1,
    "(('assays_both_50_70_ec_ev_source', 'assay_strain'), ('assays_both_50_70_ec_ev_target', 'assay_category'))": 1,
    "(('assays_both_50_70_ec_ev_source', 'assay_id'), ('assays_both_50_70_ec_ev_target', 'assay_id'))": 1,
    "(('assays_both_50_70_ec_ev_source', 'assay_id'), ('assays_both_50_70_ec_ev_target', 'src_assay_id'))": 1,
    "(('assays_both_50_70_ec_ev_source', 'assay_id'), ('assays_both_50_70_ec_ev_target', 'assay_type'))": 1,
    "(('assays_both_50_70_ec_ev_source', 'assay_id'), ('assays_both_50_70_ec_ev_target', 'assay_category'))": 1,
    "(('assays_both_50_70_ec_ev_source', 'assay_type'), ('assays_both_50_70_ec_ev_target', 'assay_id'))": 1,
    "(('assays_both_50_70_ec_ev_source', 'assay_type'), ('assays_both_50_70_ec_ev_target', 'src_assay_id'))": 1,
    "(('assays_both_50_70_ec_ev_source', 'assay_type'), ('assays_both_50_70_ec_ev_target', 'assay_type'))": 1,
    "(('assays_both_50_70_ec_ev_source', 'assay_type'), ('assays_both_50_70_ec_ev_target', 'assay_category'))": 1,
    "(('assays_both_50_70_ec_ev_source', 'src_assay_id'), ('assays_both_50_70_ec_ev_target', 'assay_id'))": 1,
    "(('assays_both_50_70_ec_ev_source', 'src_assay_id'), ('assays_both_50_70_ec_ev_target', 'src_assay_id'))": 1,
    "(('assays_both_50_70_ec_ev_source', 'src_assay_id'), ('assays_both_50_70_ec_ev_target', 'assay_type'))": 1,
    "(('assays_both_50_70_ec_ev_source', 'src_assay_id'), ('assays_both_50_70_ec_ev_target', 'assay_category'))": 1,
    "(('assays_both_50_70_ec_ev_source', 'curated_by'), ('assays_both_50_70_ec_ev_target', 'curated_by'))": 1,
    "(('assays_both_50_70_ec_ev_source', 'tid'), ('assays_both_50_70_ec_ev_target', 'tid'))": 1
  },
  "metrics": {
    "precision": 0.2727272727272727,
    "recall": 0.375,
    "f1_score": 0.3157894736842105,
    "precision_at_10_percent": 0.0,
    "precision_at_20_percent": 0.2,
    "precision_at_30_percent": 0.14285714285714285,
    "precision_at_40_percent": 0.2222222222222222,
    "precision_at_50_percent": 0.18181818181818182,
    "precision_at_60_percent": 0.14285714285714285,
    "precision_at_70_percent": 0.1875,
    "precision_at_80_percent": 0.2222222222222222,
    "precision_at_90_percent": 0.2,
    "recall_at_sizeof_ground_truth": 0.1875
  },
  "run_times": {
    "total_time": 742.4487929480001,
    "algorithm_time": 742.4487716780004
  }
}