{
  "name": "assays_horizontal_50_ec_ev__SemProp{'minhash_sim_threshold': 0.2, 'semantic_sim_threshold': 0.6, 'coh_sem_sim_threshold': 0.2}",
  "matches": {
    "(('assays_horizontal_50_ec_ev_target', 'src_assay_id'), ('assays_horizontal_50_ec_ev_source', 'assay_type'))": 1,
    "(('assays_horizontal_50_ec_ev_target', 'src_assay_id'), ('assays_horizontal_50_ec_ev_source', 'assay_category'))": 1,
    "(('assays_horizontal_50_ec_ev_target', 'src_assay_id'), ('assays_horizontal_50_ec_ev_source', 'assay_id'))": 1,
    "(('assays_horizontal_50_ec_ev_target', 'src_assay_id'), ('assays_horizontal_50_ec_ev_source', 'src_assay_id'))": 1,
    "(('assays_horizontal_50_ec_ev_target', 'assay_category'), ('assays_horizontal_50_ec_ev_source', 'assay_type'))": 1,
    "(('assays_horizontal_50_ec_ev_target', 'assay_category'), ('assays_horizontal_50_ec_ev_source', 'assay_category'))": 1,
    "(('assays_horizontal_50_ec_ev_target', 'assay_category'), ('assays_horizontal_50_ec_ev_source', 'assay_id'))": 1,
    "(('assays_horizontal_50_ec_ev_target', 'assay_category'), ('assays_horizontal_50_ec_ev_source', 'src_assay_id'))": 1,
    "(('assays_horizontal_50_ec_ev_target', 'assay_id'), ('assays_horizontal_50_ec_ev_source', 'assay_type'))": 1,
    "(('assays_horizontal_50_ec_ev_target', 'assay_id'), ('assays_horizontal_50_ec_ev_source', 'assay_category'))": 1,
    "(('assays_horizontal_50_ec_ev_target', 'assay_id'), ('assays_horizontal_50_ec_ev_source', 'assay_id'))": 1,
    "(('assays_horizontal_50_ec_ev_target', 'assay_id'), ('assays_horizontal_50_ec_ev_source', 'src_assay_id'))": 1,
    "(('assays_horizontal_50_ec_ev_target', 'assay_type'), ('assays_horizontal_50_ec_ev_source', 'assay_type'))": 1,
    "(('assays_horizontal_50_ec_ev_target', 'assay_type'), ('assays_horizontal_50_ec_ev_source', 'assay_category'))": 1,
    "(('assays_horizontal_50_ec_ev_target', 'assay_type'), ('assays_horizontal_50_ec_ev_source', 'assay_id'))": 1,
    "(('assays_horizontal_50_ec_ev_target', 'assay_type'), ('assays_horizontal_50_ec_ev_source', 'src_assay_id'))": 1,
    "(('assays_horizontal_50_ec_ev_target', 'cell_id'), ('assays_horizontal_50_ec_ev_source', 'cell_id'))": 1
  },
  "metrics": {
    "precision": 0.29411764705882354,
    "recall": 0.21739130434782608,
    "f1_score": 0.25,
    "precision_at_10_percent": 0.0,
    "precision_at_20_percent": 0.25,
    "precision_at_30_percent": 0.3333333333333333,
    "precision_at_40_percent": 0.2857142857142857,
    "precision_at_50_percent": 0.2222222222222222,
    "precision_at_60_percent": 0.2727272727272727,
    "precision_at_70_percent": 0.25,
    "precision_at_80_percent": 0.2857142857142857,
    "precision_at_90_percent": 0.25,
    "recall_at_sizeof_ground_truth": 0.21739130434782608
  },
  "run_times": {
    "total_time": 752.0652329009972,
    "algorithm_time": 752.0652075779981
  }
}