{
  "name": "assays_both_50_70_ec_ev__SemProp{'minhash_sim_threshold': 0.2, 'semantic_sim_threshold': 0.6, 'coh_sem_sim_threshold': 0.2}",
  "matches": {
    "(('assays_both_50_70_ec_ev_source', 'assay_category'), ('assays_both_50_70_ec_ev_target', 'assay_id'))": 1,
    "(('assays_both_50_70_ec_ev_source', 'assay_category'), ('assays_both_50_70_ec_ev_target', 'src_assay_id'))": 1,
    "(('assays_both_50_70_ec_ev_source', 'assay_category'), ('assays_both_50_70_ec_ev_target', 'assay_type'))": 1,
    "(('assays_both_50_70_ec_ev_source', 'assay_category'), ('assays_both_50_70_ec_ev_target', 'assay_category'))": 1,
    "(('assays_both_50_70_ec_ev_source', 'assay_id'), ('assays_both_50_70_ec_ev_target', 'assay_id'))": 1,
    "(('assays_both_50_70_ec_ev_source', 'assay_id'), ('assays_both_50_70_ec_ev_target', 'src_assay_id'))": 1,
    "(('assays_both_50_70_ec_ev_source', 'assay_id'), ('assays_both_50_70_ec_ev_target', 'assay_type'))": 1,
    "(('assays_both_50_70_ec_ev_source', 'assay_id'), ('assays_both_50_70_ec_ev_target', 'assay_category'))": 1,
    "(('assays_both_50_70_ec_ev_source', 'assay_type'), ('assays_both_50_70_ec_ev_target', 'assay_id'))": 1,
    "(('assays_both_50_70_ec_ev_source', 'assay_type'), ('assays_both_50_70_ec_ev_target', 'src_assay_id'))": 1,
    "(('assays_both_50_70_ec_ev_source', 'assay_type'), ('assays_both_50_70_ec_ev_target', 'assay_type'))": 1,
    "(('assays_both_50_70_ec_ev_source', 'assay_type'), ('assays_both_50_70_ec_ev_target', 'assay_category'))": 1,
    "(('assays_both_50_70_ec_ev_source', 'src_assay_id'), ('assays_both_50_70_ec_ev_target', 'assay_id'))": 1,
    "(('assays_both_50_70_ec_ev_source', 'src_assay_id'), ('assays_both_50_70_ec_ev_target', 'src_assay_id'))": 1,
    "(('assays_both_50_70_ec_ev_source', 'src_assay_id'), ('assays_both_50_70_ec_ev_target', 'assay_type'))": 1,
    "(('assays_both_50_70_ec_ev_source', 'src_assay_id'), ('assays_both_50_70_ec_ev_target', 'assay_category'))": 1
  },
  "metrics": {
    "precision": 0.25,
    "recall": 0.25,
    "f1_score": 0.25,
    "precision_at_10_percent": 0.0,
    "precision_at_20_percent": 0.25,
    "precision_at_30_percent": 0.4,
    "precision_at_40_percent": 0.2857142857142857,
    "precision_at_50_percent": 0.25,
    "precision_at_60_percent": 0.2,
    "precision_at_70_percent": 0.25,
    "precision_at_80_percent": 0.23076923076923078,
    "precision_at_90_percent": 0.26666666666666666,
    "recall_at_sizeof_ground_truth": 0.25
  },
  "run_times": {
    "total_time": 769.2396284999995,
    "algorithm_time": 769.2396076289988
  }
}