{
  "name": "assays_both_0_70_ec_ev__SemProp{'minhash_sim_threshold': 0.3, 'semantic_sim_threshold': 0.6, 'coh_sem_sim_threshold': 0.4}",
  "matches": {
    "(('assays_both_0_70_ec_ev_source', 'assay_id'), ('assays_both_0_70_ec_ev_target', 'assay_category'))": 1,
    "(('assays_both_0_70_ec_ev_source', 'assay_id'), ('assays_both_0_70_ec_ev_target', 'src_assay_id'))": 1,
    "(('assays_both_0_70_ec_ev_source', 'assay_id'), ('assays_both_0_70_ec_ev_target', 'assay_type'))": 1,
    "(('assays_both_0_70_ec_ev_source', 'assay_id'), ('assays_both_0_70_ec_ev_target', 'assay_id'))": 1,
    "(('assays_both_0_70_ec_ev_source', 'assay_id'), ('assays_both_0_70_ec_ev_target', 'assay_strain'))": 1,
    "(('assays_both_0_70_ec_ev_source', 'assay_category'), ('assays_both_0_70_ec_ev_target', 'assay_category'))": 1,
    "(('assays_both_0_70_ec_ev_source', 'assay_category'), ('assays_both_0_70_ec_ev_target', 'src_assay_id'))": 1,
    "(('assays_both_0_70_ec_ev_source', 'assay_category'), ('assays_both_0_70_ec_ev_target', 'assay_type'))": 1,
    "(('assays_both_0_70_ec_ev_source', 'assay_category'), ('assays_both_0_70_ec_ev_target', 'assay_id'))": 1,
    "(('assays_both_0_70_ec_ev_source', 'assay_category'), ('assays_both_0_70_ec_ev_target', 'assay_strain'))": 1,
    "(('assays_both_0_70_ec_ev_source', 'assay_strain'), ('assays_both_0_70_ec_ev_target', 'assay_category'))": 1,
    "(('assays_both_0_70_ec_ev_source', 'assay_strain'), ('assays_both_0_70_ec_ev_target', 'src_assay_id'))": 1,
    "(('assays_both_0_70_ec_ev_source', 'assay_strain'), ('assays_both_0_70_ec_ev_target', 'assay_type'))": 1,
    "(('assays_both_0_70_ec_ev_source', 'assay_strain'), ('assays_both_0_70_ec_ev_target', 'assay_id'))": 1,
    "(('assays_both_0_70_ec_ev_source', 'assay_strain'), ('assays_both_0_70_ec_ev_target', 'assay_strain'))": 1,
    "(('assays_both_0_70_ec_ev_source', 'assay_type'), ('assays_both_0_70_ec_ev_target', 'assay_category'))": 1,
    "(('assays_both_0_70_ec_ev_source', 'assay_type'), ('assays_both_0_70_ec_ev_target', 'src_assay_id'))": 1,
    "(('assays_both_0_70_ec_ev_source', 'assay_type'), ('assays_both_0_70_ec_ev_target', 'assay_type'))": 1,
    "(('assays_both_0_70_ec_ev_source', 'assay_type'), ('assays_both_0_70_ec_ev_target', 'assay_id'))": 1,
    "(('assays_both_0_70_ec_ev_source', 'assay_type'), ('assays_both_0_70_ec_ev_target', 'assay_strain'))": 1,
    "(('assays_both_0_70_ec_ev_source', 'cell_id'), ('assays_both_0_70_ec_ev_target', 'cell_id'))": 1
  },
  "metrics": {
    "precision": 0.23809523809523808,
    "recall": 0.3125,
    "f1_score": 0.27027027027027023,
    "precision_at_10_percent": 0.0,
    "precision_at_20_percent": 0.2,
    "precision_at_30_percent": 0.2857142857142857,
    "precision_at_40_percent": 0.2222222222222222,
    "precision_at_50_percent": 0.18181818181818182,
    "precision_at_60_percent": 0.15384615384615385,
    "precision_at_70_percent": 0.2,
    "precision_at_80_percent": 0.17647058823529413,
    "precision_at_90_percent": 0.21052631578947367,
    "recall_at_sizeof_ground_truth": 0.1875
  },
  "run_times": {
    "total_time": 654.7651690059974,
    "algorithm_time": 654.7651465959971
  }
}