{
  "name": "assays_horizontal_50_ac4_av__SemProp{'minhash_sim_threshold': 0.3, 'semantic_sim_threshold': 0.6, 'coh_sem_sim_threshold': 0.4}",
  "matches": {
    "(('assays_horizontal_50_ac4_av_source', 'assay_id'), ('assays_horizontal_50_ac4_av_target', 'assays_ASTY'))": 1,
    "(('assays_horizontal_50_ac4_av_source', 'assay_id'), ('assays_horizontal_50_ac4_av_target', 'assays_ASSTET'))": 1,
    "(('assays_horizontal_50_ac4_av_source', 'assay_id'), ('assays_horizontal_50_ac4_av_target', 'assays_T'))": 1,
    "(('assays_horizontal_50_ac4_av_source', 'assay_id'), ('assays_horizontal_50_ac4_av_target', 'assays_ASSSTR'))": 1,
    "(('assays_horizontal_50_ac4_av_source', 'assay_id'), ('assays_horizontal_50_ac4_av_target', 'assays_BFOR'))": 1,
    "(('assays_horizontal_50_ac4_av_source', 'src_assay_id'), ('assays_horizontal_50_ac4_av_target', 'assays_ASTY'))": 1,
    "(('assays_horizontal_50_ac4_av_source', 'src_assay_id'), ('assays_horizontal_50_ac4_av_target', 'assays_ASSTET'))": 1,
    "(('assays_horizontal_50_ac4_av_source', 'src_assay_id'), ('assays_horizontal_50_ac4_av_target', 'assays_T'))": 1,
    "(('assays_horizontal_50_ac4_av_source', 'src_assay_id'), ('assays_horizontal_50_ac4_av_target', 'assays_ASSSTR'))": 1,
    "(('assays_horizontal_50_ac4_av_source', 'src_assay_id'), ('assays_horizontal_50_ac4_av_target', 'assays_BFOR'))": 1,
    "(('assays_horizontal_50_ac4_av_source', 'assay_type'), ('assays_horizontal_50_ac4_av_target', 'assays_ASTY'))": 1,
    "(('assays_horizontal_50_ac4_av_source', 'assay_type'), ('assays_horizontal_50_ac4_av_target', 'assays_ASSTET'))": 1,
    "(('assays_horizontal_50_ac4_av_source', 'assay_type'), ('assays_horizontal_50_ac4_av_target', 'assays_T'))": 1,
    "(('assays_horizontal_50_ac4_av_source', 'assay_type'), ('assays_horizontal_50_ac4_av_target', 'assays_ASSSTR'))": 1,
    "(('assays_horizontal_50_ac4_av_source', 'assay_type'), ('assays_horizontal_50_ac4_av_target', 'assays_BFOR'))": 1,
    "(('assays_horizontal_50_ac4_av_source', 'assay_category'), ('assays_horizontal_50_ac4_av_target', 'assays_ASTY'))": 1,
    "(('assays_horizontal_50_ac4_av_source', 'assay_category'), ('assays_horizontal_50_ac4_av_target', 'assays_ASSTET'))": 1,
    "(('assays_horizontal_50_ac4_av_source', 'assay_category'), ('assays_horizontal_50_ac4_av_target', 'assays_T'))": 1,
    "(('assays_horizontal_50_ac4_av_source', 'assay_category'), ('assays_horizontal_50_ac4_av_target', 'assays_ASSSTR'))": 1,
    "(('assays_horizontal_50_ac4_av_source', 'assay_category'), ('assays_horizontal_50_ac4_av_target', 'assays_BFOR'))": 1,
    "(('assays_horizontal_50_ac4_av_source', 'assay_strain'), ('assays_horizontal_50_ac4_av_target', 'assays_ASTY'))": 1,
    "(('assays_horizontal_50_ac4_av_source', 'assay_strain'), ('assays_horizontal_50_ac4_av_target', 'assays_ASSTET'))": 1,
    "(('assays_horizontal_50_ac4_av_source', 'assay_strain'), ('assays_horizontal_50_ac4_av_target', 'assays_T'))": 1,
    "(('assays_horizontal_50_ac4_av_source', 'assay_strain'), ('assays_horizontal_50_ac4_av_target', 'assays_ASSSTR'))": 1,
    "(('assays_horizontal_50_ac4_av_source', 'assay_strain'), ('assays_horizontal_50_ac4_av_target', 'assays_BFOR'))": 1
  },
  "metrics": {
    "precision": 0.08,
    "recall": 0.08695652173913043,
    "f1_score": 0.08333333333333333,
    "precision_at_10_percent": 0.0,
    "precision_at_20_percent": 0.0,
    "precision_at_30_percent": 0.0,
    "precision_at_40_percent": 0.0,
    "precision_at_50_percent": 0.07692307692307693,
    "precision_at_60_percent": 0.06666666666666667,
    "precision_at_70_percent": 0.05555555555555555,
    "precision_at_80_percent": 0.05,
    "precision_at_90_percent": 0.043478260869565216,
    "recall_at_sizeof_ground_truth": 0.043478260869565216
  },
  "run_times": {
    "total_time": 650.6176235169987,
    "algorithm_time": 650.6176023419994
  }
}