{
  "name": "assays_both_0_70_ac4_av__SemProp{'minhash_sim_threshold': 0.3, 'semantic_sim_threshold': 0.4, 'coh_sem_sim_threshold': 0.2}",
  "matches": {
    "(('assays_both_0_70_ac4_av_source', 'assay_id'), ('assays_both_0_70_ac4_av_target', 'assays_ASTI'))": 1,
    "(('assays_both_0_70_ac4_av_source', 'assay_id'), ('assays_both_0_70_ac4_av_target', 'assays_ASI'))": 1,
    "(('assays_both_0_70_ac4_av_source', 'assay_id'), ('assays_both_0_70_ac4_av_target', 'assays_Ti'))": 1,
    "(('assays_both_0_70_ac4_av_source', 'assay_id'), ('assays_both_0_70_ac4_av_target', 'assays_ASST'))": 1,
    "(('assays_both_0_70_ac4_av_source', 'assay_type'), ('assays_both_0_70_ac4_av_target', 'assays_ASTI'))": 1,
    "(('assays_both_0_70_ac4_av_source', 'assay_type'), ('assays_both_0_70_ac4_av_target', 'assays_ASI'))": 1,
    "(('assays_both_0_70_ac4_av_source', 'assay_type'), ('assays_both_0_70_ac4_av_target', 'assays_Ti'))": 1,
    "(('assays_both_0_70_ac4_av_source', 'assay_type'), ('assays_both_0_70_ac4_av_target', 'assays_ASST'))": 1,
    "(('assays_both_0_70_ac4_av_source', 'src_assay_id'), ('assays_both_0_70_ac4_av_target', 'assays_ASTI'))": 1,
    "(('assays_both_0_70_ac4_av_source', 'src_assay_id'), ('assays_both_0_70_ac4_av_target', 'assays_ASI'))": 1,
    "(('assays_both_0_70_ac4_av_source', 'src_assay_id'), ('assays_both_0_70_ac4_av_target', 'assays_Ti'))": 1,
    "(('assays_both_0_70_ac4_av_source', 'src_assay_id'), ('assays_both_0_70_ac4_av_target', 'assays_ASST'))": 1,
    "(('assays_both_0_70_ac4_av_source', 'assay_category'), ('assays_both_0_70_ac4_av_target', 'assays_ASTI'))": 1,
    "(('assays_both_0_70_ac4_av_source', 'assay_category'), ('assays_both_0_70_ac4_av_target', 'assays_ASI'))": 1,
    "(('assays_both_0_70_ac4_av_source', 'assay_category'), ('assays_both_0_70_ac4_av_target', 'assays_Ti'))": 1,
    "(('assays_both_0_70_ac4_av_source', 'assay_category'), ('assays_both_0_70_ac4_av_target', 'assays_ASST'))": 1
  },
  "metrics": {
    "precision": 0.125,
    "recall": 0.125,
    "f1_score": 0.125,
    "precision_at_10_percent": 0.5,
    "precision_at_20_percent": 0.25,
    "precision_at_30_percent": 0.2,
    "precision_at_40_percent": 0.14285714285714285,
    "precision_at_50_percent": 0.25,
    "precision_at_60_percent": 0.2,
    "precision_at_70_percent": 0.16666666666666666,
    "precision_at_80_percent": 0.15384615384615385,
    "precision_at_90_percent": 0.13333333333333333,
    "recall_at_sizeof_ground_truth": 0.125
  },
  "run_times": {
    "total_time": 679.2966147449988,
    "algorithm_time": 679.296594504005
  }
}