{
  "name": "assays_both_0_50_ac4_ev__SemProp{'minhash_sim_threshold': 0.3, 'semantic_sim_threshold': 0.5, 'coh_sem_sim_threshold': 0.2}",
  "matches": {
    "(('assays_both_0_50_ac4_ev_source', 'src_assay_id'), ('assays_both_0_50_ac4_ev_target', 'assays_ASSUBCEFR'))": 1,
    "(('assays_both_0_50_ac4_ev_source', 'src_assay_id'), ('assays_both_0_50_ac4_ev_target', 'assays_ASSTI'))": 1,
    "(('assays_both_0_50_ac4_ev_source', 'src_assay_id'), ('assays_both_0_50_ac4_ev_target', 'assays_SRASSI'))": 1,
    "(('assays_both_0_50_ac4_ev_source', 'src_assay_id'), ('assays_both_0_50_ac4_ev_target', 'assays_RELATY'))": 1,
    "(('assays_both_0_50_ac4_ev_source', 'src_assay_id'), ('assays_both_0_50_ac4_ev_target', 'assays_CONFSCO'))": 1,
    "(('assays_both_0_50_ac4_ev_source', 'src_assay_id'), ('assays_both_0_50_ac4_ev_target', 'assays_VARII'))": 1,
    "(('assays_both_0_50_ac4_ev_source', 'src_assay_id'), ('assays_both_0_50_ac4_ev_target', 'assays_ASSCA'))": 1,
    "(('assays_both_0_50_ac4_ev_source', 'src_assay_id'), ('assays_both_0_50_ac4_ev_target', 'assays_BAFO'))": 1,
    "(('assays_both_0_50_ac4_ev_source', 'assay_id'), ('assays_both_0_50_ac4_ev_target', 'assays_ASSUBCEFR'))": 1,
    "(('assays_both_0_50_ac4_ev_source', 'assay_id'), ('assays_both_0_50_ac4_ev_target', 'assays_ASSTI'))": 1,
    "(('assays_both_0_50_ac4_ev_source', 'assay_id'), ('assays_both_0_50_ac4_ev_target', 'assays_SRASSI'))": 1,
    "(('assays_both_0_50_ac4_ev_source', 'assay_id'), ('assays_both_0_50_ac4_ev_target', 'assays_RELATY'))": 1,
    "(('assays_both_0_50_ac4_ev_source', 'assay_id'), ('assays_both_0_50_ac4_ev_target', 'assays_CONFSCO'))": 1,
    "(('assays_both_0_50_ac4_ev_source', 'assay_id'), ('assays_both_0_50_ac4_ev_target', 'assays_VARII'))": 1,
    "(('assays_both_0_50_ac4_ev_source', 'assay_id'), ('assays_both_0_50_ac4_ev_target', 'assays_ASSCA'))": 1,
    "(('assays_both_0_50_ac4_ev_source', 'assay_id'), ('assays_both_0_50_ac4_ev_target', 'assays_BAFO'))": 1,
    "(('assays_both_0_50_ac4_ev_source', 'assay_type'), ('assays_both_0_50_ac4_ev_target', 'assays_ASSUBCEFR'))": 1,
    "(('assays_both_0_50_ac4_ev_source', 'assay_type'), ('assays_both_0_50_ac4_ev_target', 'assays_ASSTI'))": 1,
    "(('assays_both_0_50_ac4_ev_source', 'assay_type'), ('assays_both_0_50_ac4_ev_target', 'assays_SRASSI'))": 1,
    "(('assays_both_0_50_ac4_ev_source', 'assay_type'), ('assays_both_0_50_ac4_ev_target', 'assays_RELATY'))": 1,
    "(('assays_both_0_50_ac4_ev_source', 'assay_type'), ('assays_both_0_50_ac4_ev_target', 'assays_CONFSCO'))": 1,
    "(('assays_both_0_50_ac4_ev_source', 'assay_type'), ('assays_both_0_50_ac4_ev_target', 'assays_VARII'))": 1,
    "(('assays_both_0_50_ac4_ev_source', 'assay_type'), ('assays_both_0_50_ac4_ev_target', 'assays_ASSCA'))": 1,
    "(('assays_both_0_50_ac4_ev_source', 'assay_type'), ('assays_both_0_50_ac4_ev_target', 'assays_BAFO'))": 1,
    "(('assays_both_0_50_ac4_ev_source', 'assay_strain'), ('assays_both_0_50_ac4_ev_target', 'assays_ASSUBCEFR'))": 1,
    "(('assays_both_0_50_ac4_ev_source', 'assay_strain'), ('assays_both_0_50_ac4_ev_target', 'assays_ASSTI'))": 1,
    "(('assays_both_0_50_ac4_ev_source', 'assay_strain'), ('assays_both_0_50_ac4_ev_target', 'assays_SRASSI'))": 1,
    "(('assays_both_0_50_ac4_ev_source', 'assay_strain'), ('assays_both_0_50_ac4_ev_target', 'assays_RELATY'))": 1,
    "(('assays_both_0_50_ac4_ev_source', 'assay_strain'), ('assays_both_0_50_ac4_ev_target', 'assays_CONFSCO'))": 1,
    "(('assays_both_0_50_ac4_ev_source', 'assay_strain'), ('assays_both_0_50_ac4_ev_target', 'assays_VARII'))": 1,
    "(('assays_both_0_50_ac4_ev_source', 'assay_strain'), ('assays_both_0_50_ac4_ev_target', 'assays_ASSCA'))": 1,
    "(('assays_both_0_50_ac4_ev_source', 'assay_strain'), ('assays_both_0_50_ac4_ev_target', 'assays_BAFO'))": 1,
    "(('assays_both_0_50_ac4_ev_source', 'assay_category'), ('assays_both_0_50_ac4_ev_target', 'assays_ASSUBCEFR'))": 1,
    "(('assays_both_0_50_ac4_ev_source', 'assay_category'), ('assays_both_0_50_ac4_ev_target', 'assays_ASSTI'))": 1,
    "(('assays_both_0_50_ac4_ev_source', 'assay_category'), ('assays_both_0_50_ac4_ev_target', 'assays_SRASSI'))": 1,
    "(('assays_both_0_50_ac4_ev_source', 'assay_category'), ('assays_both_0_50_ac4_ev_target', 'assays_RELATY'))": 1,
    "(('assays_both_0_50_ac4_ev_source', 'assay_category'), ('assays_both_0_50_ac4_ev_target', 'assays_CONFSCO'))": 1,
    "(('assays_both_0_50_ac4_ev_source', 'assay_category'), ('assays_both_0_50_ac4_ev_target', 'assays_VARII'))": 1,
    "(('assays_both_0_50_ac4_ev_source', 'assay_category'), ('assays_both_0_50_ac4_ev_target', 'assays_ASSCA'))": 1,
    "(('assays_both_0_50_ac4_ev_source', 'assay_category'), ('assays_both_0_50_ac4_ev_target', 'assays_BAFO'))": 1
  },
  "metrics": {
    "precision": 0.05,
    "recall": 0.18181818181818182,
    "f1_score": 0.07843137254901962,
    "precision_at_10_percent": 0.25,
    "precision_at_20_percent": 0.125,
    "precision_at_30_percent": 0.08333333333333333,
    "precision_at_40_percent": 0.0625,
    "precision_at_50_percent": 0.05,
    "precision_at_60_percent": 0.041666666666666664,
    "precision_at_70_percent": 0.03571428571428571,
    "precision_at_80_percent": 0.03125,
    "precision_at_90_percent": 0.027777777777777776,
    "recall_at_sizeof_ground_truth": 0.09090909090909091
  },
  "run_times": {
    "total_time": 644.3652384449997,
    "algorithm_time": 644.3652162049984
  }
}