{
  "name": "assays_vertical_30_ec_ev__SemProp{'minhash_sim_threshold': 0.3, 'semantic_sim_threshold': 0.5, 'coh_sem_sim_threshold': 0.2}",
  "matches": {
    "(('assays_vertical_30_ec_ev_target', 'assay_strain'), ('assays_vertical_30_ec_ev_source', 'assay_category'))": 1,
    "(('assays_vertical_30_ec_ev_target', 'assay_strain'), ('assays_vertical_30_ec_ev_source', 'assay_id'))": 1,
    "(('assays_vertical_30_ec_ev_target', 'assay_strain'), ('assays_vertical_30_ec_ev_source', 'assay_type'))": 1,
    "(('assays_vertical_30_ec_ev_target', 'assay_strain'), ('assays_vertical_30_ec_ev_source', 'assay_strain'))": 1,
    "(('assays_vertical_30_ec_ev_target', 'src_assay_id'), ('assays_vertical_30_ec_ev_source', 'assay_category'))": 1,
    "(('assays_vertical_30_ec_ev_target', 'src_assay_id'), ('assays_vertical_30_ec_ev_source', 'assay_id'))": 1,
    "(('assays_vertical_30_ec_ev_target', 'src_assay_id'), ('assays_vertical_30_ec_ev_source', 'assay_type'))": 1,
    "(('assays_vertical_30_ec_ev_target', 'src_assay_id'), ('assays_vertical_30_ec_ev_source', 'assay_strain'))": 1,
    "(('assays_vertical_30_ec_ev_target', 'assay_id'), ('assays_vertical_30_ec_ev_source', 'assay_category'))": 1,
    "(('assays_vertical_30_ec_ev_target', 'assay_id'), ('assays_vertical_30_ec_ev_source', 'assay_id'))": 1,
    "(('assays_vertical_30_ec_ev_target', 'assay_id'), ('assays_vertical_30_ec_ev_source', 'assay_type'))": 1,
    "(('assays_vertical_30_ec_ev_target', 'assay_id'), ('assays_vertical_30_ec_ev_source', 'assay_strain'))": 1,
    "(('assays_vertical_30_ec_ev_target', 'assay_type'), ('assays_vertical_30_ec_ev_source', 'assay_category'))": 1,
    "(('assays_vertical_30_ec_ev_target', 'assay_type'), ('assays_vertical_30_ec_ev_source', 'assay_id'))": 1,
    "(('assays_vertical_30_ec_ev_target', 'assay_type'), ('assays_vertical_30_ec_ev_source', 'assay_type'))": 1,
    "(('assays_vertical_30_ec_ev_target', 'assay_type'), ('assays_vertical_30_ec_ev_source', 'assay_strain'))": 1,
    "(('assays_vertical_30_ec_ev_target', 'cell_id'), ('assays_vertical_30_ec_ev_source', 'cell_id'))": 1
  },
  "metrics": {
    "precision": 0.23529411764705882,
    "recall": 0.6666666666666666,
    "f1_score": 0.3478260869565218,
    "precision_at_10_percent": 0.0,
    "precision_at_20_percent": 0.25,
    "precision_at_30_percent": 0.16666666666666666,
    "precision_at_40_percent": 0.14285714285714285,
    "precision_at_50_percent": 0.1111111111111111,
    "precision_at_60_percent": 0.18181818181818182,
    "precision_at_70_percent": 0.16666666666666666,
    "precision_at_80_percent": 0.14285714285714285,
    "precision_at_90_percent": 0.1875,
    "recall_at_sizeof_ground_truth": 0.16666666666666666
  },
  "run_times": {
    "total_time": 663.4181128339987,
    "algorithm_time": 663.418089519997
  }
}