{
  "name": "assays_vertical_50_ac1_av__SemProp{'minhash_sim_threshold': 0.2, 'semantic_sim_threshold': 0.6, 'coh_sem_sim_threshold': 0.2}",
  "matches": {
    "(('assays_vertical_50_ac1_av_source', 'assay_type'), ('assays_vertical_50_ac1_av_target', 'assays_assay_id'))": 1,
    "(('assays_vertical_50_ac1_av_source', 'assay_type'), ('assays_vertical_50_ac1_av_target', 'assays_assay_category'))": 1,
    "(('assays_vertical_50_ac1_av_source', 'assay_type'), ('assays_vertical_50_ac1_av_target', 'assays_src_assay_id'))": 1,
    "(('assays_vertical_50_ac1_av_source', 'assay_type'), ('assays_vertical_50_ac1_av_target', 'assays_assay_type'))": 1,
    "(('assays_vertical_50_ac1_av_source', 'assay_category'), ('assays_vertical_50_ac1_av_target', 'assays_assay_id'))": 1,
    "(('assays_vertical_50_ac1_av_source', 'assay_category'), ('assays_vertical_50_ac1_av_target', 'assays_assay_category'))": 1,
    "(('assays_vertical_50_ac1_av_source', 'assay_category'), ('assays_vertical_50_ac1_av_target', 'assays_src_assay_id'))": 1,
    "(('assays_vertical_50_ac1_av_source', 'assay_category'), ('assays_vertical_50_ac1_av_target', 'assays_assay_type'))": 1,
    "(('assays_vertical_50_ac1_av_source', 'assay_id'), ('assays_vertical_50_ac1_av_target', 'assays_assay_id'))": 1,
    "(('assays_vertical_50_ac1_av_source', 'assay_id'), ('assays_vertical_50_ac1_av_target', 'assays_assay_category'))": 1,
    "(('assays_vertical_50_ac1_av_source', 'assay_id'), ('assays_vertical_50_ac1_av_target', 'assays_src_assay_id'))": 1,
    "(('assays_vertical_50_ac1_av_source', 'assay_id'), ('assays_vertical_50_ac1_av_target', 'assays_assay_type'))": 1
  },
  "metrics": {
    "precision": 0.25,
    "recall": 0.2727272727272727,
    "f1_score": 0.2608695652173913,
    "precision_at_10_percent": 0.0,
    "precision_at_20_percent": 0.0,
    "precision_at_30_percent": 0.25,
    "precision_at_40_percent": 0.2,
    "precision_at_50_percent": 0.3333333333333333,
    "precision_at_60_percent": 0.25,
    "precision_at_70_percent": 0.3333333333333333,
    "precision_at_80_percent": 0.3,
    "precision_at_90_percent": 0.2727272727272727,
    "recall_at_sizeof_ground_truth": 0.2727272727272727
  },
  "run_times": {
    "total_time": 732.6103363449947,
    "algorithm_time": 732.610300706001
  }
}