{
  "name": "assays_vertical_30_ac1_av__SemProp{'minhash_sim_threshold': 0.2, 'semantic_sim_threshold': 0.4, 'coh_sem_sim_threshold': 0.2}",
  "matches": {
    "(('assays_vertical_30_ac1_av_target', 'assays_assay_id'), ('assays_vertical_30_ac1_av_source', 'assay_id'))": 1,
    "(('assays_vertical_30_ac1_av_target', 'assays_assay_id'), ('assays_vertical_30_ac1_av_source', 'assay_category'))": 1,
    "(('assays_vertical_30_ac1_av_target', 'assays_assay_id'), ('assays_vertical_30_ac1_av_source', 'assay_type'))": 1,
    "(('assays_vertical_30_ac1_av_target', 'assays_assay_type'), ('assays_vertical_30_ac1_av_source', 'assay_id'))": 1,
    "(('assays_vertical_30_ac1_av_target', 'assays_assay_type'), ('assays_vertical_30_ac1_av_source', 'assay_category'))": 1,
    "(('assays_vertical_30_ac1_av_target', 'assays_assay_type'), ('assays_vertical_30_ac1_av_source', 'assay_type'))": 1,
    "(('assays_vertical_30_ac1_av_target', 'assays_src_assay_id'), ('assays_vertical_30_ac1_av_source', 'assay_id'))": 1,
    "(('assays_vertical_30_ac1_av_target', 'assays_src_assay_id'), ('assays_vertical_30_ac1_av_source', 'assay_category'))": 1,
    "(('assays_vertical_30_ac1_av_target', 'assays_src_assay_id'), ('assays_vertical_30_ac1_av_source', 'assay_type'))": 1
  },
  "metrics": {
    "precision": 0.2222222222222222,
    "recall": 0.3333333333333333,
    "f1_score": 0.26666666666666666,
    "precision_at_10_percent": 1.0,
    "precision_at_20_percent": 0.5,
    "precision_at_30_percent": 0.3333333333333333,
    "precision_at_40_percent": 0.25,
    "precision_at_50_percent": 0.2,
    "precision_at_60_percent": 0.3333333333333333,
    "precision_at_70_percent": 0.2857142857142857,
    "precision_at_80_percent": 0.25,
    "precision_at_90_percent": 0.2222222222222222,
    "recall_at_sizeof_ground_truth": 0.3333333333333333
  },
  "run_times": {
    "total_time": 727.6178972120033,
    "algorithm_time": 727.6178764770011
  }
}