{
  "name": "assays_horizontal_50_ac1_av__SemProp{'minhash_sim_threshold': 0.3, 'semantic_sim_threshold': 0.5, 'coh_sem_sim_threshold': 0.4}",
  "matches": {
    "(('assays_horizontal_50_ac1_av_target', 'assays_assay_id'), ('assays_horizontal_50_ac1_av_source', 'assay_strain'))": 1,
    "(('assays_horizontal_50_ac1_av_target', 'assays_assay_id'), ('assays_horizontal_50_ac1_av_source', 'src_assay_id'))": 1,
    "(('assays_horizontal_50_ac1_av_target', 'assays_assay_id'), ('assays_horizontal_50_ac1_av_source', 'assay_id'))": 1,
    "(('assays_horizontal_50_ac1_av_target', 'assays_assay_id'), ('assays_horizontal_50_ac1_av_source', 'assay_type'))": 1,
    "(('assays_horizontal_50_ac1_av_target', 'assays_assay_id'), ('assays_horizontal_50_ac1_av_source', 'assay_category'))": 1
  },
  "metrics": {
    "precision": 0.2,
    "recall": 0.043478260869565216,
    "f1_score": 0.07142857142857142,
    "precision_at_10_percent": 0.0,
    "precision_at_20_percent": 0.0,
    "precision_at_30_percent": 0.0,
    "precision_at_40_percent": 0.0,
    "precision_at_50_percent": 0.3333333333333333,
    "precision_at_60_percent": 0.3333333333333333,
    "precision_at_70_percent": 0.25,
    "precision_at_80_percent": 0.25,
    "precision_at_90_percent": 0.2,
    "recall_at_sizeof_ground_truth": 0.043478260869565216
  },
  "run_times": {
    "total_time": 689.3714424099999,
    "algorithm_time": 689.3714182879994
  }
}