{
  "name": "assays_both_0_50_ac1_ev__SemProp{'minhash_sim_threshold': 0.2, 'semantic_sim_threshold': 0.5, 'coh_sem_sim_threshold': 0.4}",
  "matches": {
    "(('assays_both_0_50_ac1_ev_source', 'assay_category'), ('assays_both_0_50_ac1_ev_target', 'assays_assay_id'))": 1,
    "(('assays_both_0_50_ac1_ev_source', 'assay_category'), ('assays_both_0_50_ac1_ev_target', 'assays_assay_tax_id'))": 1,
    "(('assays_both_0_50_ac1_ev_source', 'assay_category'), ('assays_both_0_50_ac1_ev_target', 'assays_assay_category'))": 1,
    "(('assays_both_0_50_ac1_ev_source', 'assay_category'), ('assays_both_0_50_ac1_ev_target', 'assays_src_assay_id'))": 1,
    "(('assays_both_0_50_ac1_ev_source', 'assay_type'), ('assays_both_0_50_ac1_ev_target', 'assays_assay_id'))": 1,
    "(('assays_both_0_50_ac1_ev_source', 'assay_type'), ('assays_both_0_50_ac1_ev_target', 'assays_assay_tax_id'))": 1,
    "(('assays_both_0_50_ac1_ev_source', 'assay_type'), ('assays_both_0_50_ac1_ev_target', 'assays_assay_category'))": 1,
    "(('assays_both_0_50_ac1_ev_source', 'assay_type'), ('assays_both_0_50_ac1_ev_target', 'assays_src_assay_id'))": 1,
    "(('assays_both_0_50_ac1_ev_source', 'assay_id'), ('assays_both_0_50_ac1_ev_target', 'assays_assay_id'))": 1,
    "(('assays_both_0_50_ac1_ev_source', 'assay_id'), ('assays_both_0_50_ac1_ev_target', 'assays_assay_tax_id'))": 1,
    "(('assays_both_0_50_ac1_ev_source', 'assay_id'), ('assays_both_0_50_ac1_ev_target', 'assays_assay_category'))": 1,
    "(('assays_both_0_50_ac1_ev_source', 'assay_id'), ('assays_both_0_50_ac1_ev_target', 'assays_src_assay_id'))": 1
  },
  "metrics": {
    "precision": 0.16666666666666666,
    "recall": 0.18181818181818182,
    "f1_score": 0.17391304347826086,
    "precision_at_10_percent": 0.0,
    "precision_at_20_percent": 0.3333333333333333,
    "precision_at_30_percent": 0.25,
    "precision_at_40_percent": 0.2,
    "precision_at_50_percent": 0.16666666666666666,
    "precision_at_60_percent": 0.125,
    "precision_at_70_percent": 0.2222222222222222,
    "precision_at_80_percent": 0.2,
    "precision_at_90_percent": 0.18181818181818182,
    "recall_at_sizeof_ground_truth": 0.18181818181818182
  },
  "run_times": {
    "total_time": 688.9152662159995,
    "algorithm_time": 688.9152461009999
  }
}