{
  "name": "assays_both_0_50_ac4_ev__SemProp{'minhash_sim_threshold': 0.2, 'semantic_sim_threshold': 0.6, 'coh_sem_sim_threshold': 0.4}",
  "matches": {
    "(('assays_both_0_50_ac4_ev_source', 'src_assay_id'), ('assays_both_0_50_ac4_ev_target', 'assays_CHEI'))": 1,
    "(('assays_both_0_50_ac4_ev_source', 'src_assay_id'), ('assays_both_0_50_ac4_ev_target', 'assays_ASSUBCEFR'))": 1,
    "(('assays_both_0_50_ac4_ev_source', 'src_assay_id'), ('assays_both_0_50_ac4_ev_target', 'assays_ASSTI'))": 1,
    "(('assays_both_0_50_ac4_ev_source', 'src_assay_id'), ('assays_both_0_50_ac4_ev_target', 'assays_SRASSI'))": 1,
    "(('assays_both_0_50_ac4_ev_source', 'src_assay_id'), ('assays_both_0_50_ac4_ev_target', 'assays_RELATY'))": 1,
    "(('assays_both_0_50_ac4_ev_source', 'src_assay_id'), ('assays_both_0_50_ac4_ev_target', 'assays_CONFSCO'))": 1,
    "(('assays_both_0_50_ac4_ev_source', 'src_assay_id'), ('assays_both_0_50_ac4_ev_target', 'assays_VARII'))": 1,
    "(('assays_both_0_50_ac4_ev_source', 'src_assay_id'), ('assays_both_0_50_ac4_ev_target', 'assays_ASSCA'))": 1,
    "(('assays_both_0_50_ac4_ev_source', 'src_assay_id'), ('assays_both_0_50_ac4_ev_target', 'assays_BAFO'))": 1,
    "(('assays_both_0_50_ac4_ev_source', 'assay_id'), ('assays_both_0_50_ac4_ev_target', 'assays_CHEI'))": 1,
    "(('assays_both_0_50_ac4_ev_source', 'assay_id'), ('assays_both_0_50_ac4_ev_target', 'assays_ASSUBCEFR'))": 1,
    "(('assays_both_0_50_ac4_ev_source', 'assay_id'), ('assays_both_0_50_ac4_ev_target', 'assays_ASSTI'))": 1,
    "(('assays_both_0_50_ac4_ev_source', 'assay_id'), ('assays_both_0_50_ac4_ev_target', 'assays_SRASSI'))": 1,
    "(('assays_both_0_50_ac4_ev_source', 'assay_id'), ('assays_both_0_50_ac4_ev_target', 'assays_RELATY'))": 1,
    "(('assays_both_0_50_ac4_ev_source', 'assay_id'), ('assays_both_0_50_ac4_ev_target', 'assays_CONFSCO'))": 1,
    "(('assays_both_0_50_ac4_ev_source', 'assay_id'), ('assays_both_0_50_ac4_ev_target', 'assays_VARII'))": 1,
    "(('assays_both_0_50_ac4_ev_source', 'assay_id'), ('assays_both_0_50_ac4_ev_target', 'assays_ASSCA'))": 1,
    "(('assays_both_0_50_ac4_ev_source', 'assay_id'), ('assays_both_0_50_ac4_ev_target', 'assays_BAFO'))": 1,
    "(('assays_both_0_50_ac4_ev_source', 'assay_type'), ('assays_both_0_50_ac4_ev_target', 'assays_CHEI'))": 1,
    "(('assays_both_0_50_ac4_ev_source', 'assay_type'), ('assays_both_0_50_ac4_ev_target', 'assays_ASSUBCEFR'))": 1,
    "(('assays_both_0_50_ac4_ev_source', 'assay_type'), ('assays_both_0_50_ac4_ev_target', 'assays_ASSTI'))": 1,
    "(('assays_both_0_50_ac4_ev_source', 'assay_type'), ('assays_both_0_50_ac4_ev_target', 'assays_SRASSI'))": 1,
    "(('assays_both_0_50_ac4_ev_source', 'assay_type'), ('assays_both_0_50_ac4_ev_target', 'assays_RELATY'))": 1,
    "(('assays_both_0_50_ac4_ev_source', 'assay_type'), ('assays_both_0_50_ac4_ev_target', 'assays_CONFSCO'))": 1,
    "(('assays_both_0_50_ac4_ev_source', 'assay_type'), ('assays_both_0_50_ac4_ev_target', 'assays_VARII'))": 1,
    "(('assays_both_0_50_ac4_ev_source', 'assay_type'), ('assays_both_0_50_ac4_ev_target', 'assays_ASSCA'))": 1,
    "(('assays_both_0_50_ac4_ev_source', 'assay_type'), ('assays_both_0_50_ac4_ev_target', 'assays_BAFO'))": 1,
    "(('assays_both_0_50_ac4_ev_source', 'assay_category'), ('assays_both_0_50_ac4_ev_target', 'assays_CHEI'))": 1,
    "(('assays_both_0_50_ac4_ev_source', 'assay_category'), ('assays_both_0_50_ac4_ev_target', 'assays_ASSUBCEFR'))": 1,
    "(('assays_both_0_50_ac4_ev_source', 'assay_category'), ('assays_both_0_50_ac4_ev_target', 'assays_ASSTI'))": 1,
    "(('assays_both_0_50_ac4_ev_source', 'assay_category'), ('assays_both_0_50_ac4_ev_target', 'assays_SRASSI'))": 1,
    "(('assays_both_0_50_ac4_ev_source', 'assay_category'), ('assays_both_0_50_ac4_ev_target', 'assays_RELATY'))": 1,
    "(('assays_both_0_50_ac4_ev_source', 'assay_category'), ('assays_both_0_50_ac4_ev_target', 'assays_CONFSCO'))": 1,
    "(('assays_both_0_50_ac4_ev_source', 'assay_category'), ('assays_both_0_50_ac4_ev_target', 'assays_VARII'))": 1,
    "(('assays_both_0_50_ac4_ev_source', 'assay_category'), ('assays_both_0_50_ac4_ev_target', 'assays_ASSCA'))": 1,
    "(('assays_both_0_50_ac4_ev_source', 'assay_category'), ('assays_both_0_50_ac4_ev_target', 'assays_BAFO'))": 1
  },
  "metrics": {
    "precision": 0.05555555555555555,
    "recall": 0.18181818181818182,
    "f1_score": 0.0851063829787234,
    "precision_at_10_percent": 0.25,
    "precision_at_20_percent": 0.125,
    "precision_at_30_percent": 0.09090909090909091,
    "precision_at_40_percent": 0.06666666666666667,
    "precision_at_50_percent": 0.05555555555555555,
    "precision_at_60_percent": 0.045454545454545456,
    "precision_at_70_percent": 0.038461538461538464,
    "precision_at_80_percent": 0.034482758620689655,
    "precision_at_90_percent": 0.030303030303030304,
    "recall_at_sizeof_ground_truth": 0.09090909090909091
  },
  "run_times": {
    "total_time": 633.7431518730009,
    "algorithm_time": 633.7431313980014
  }
}