{
  "name": "assays_horizontal_50_ac4_av__SemProp{'minhash_sim_threshold': 0.2, 'semantic_sim_threshold': 0.5, 'coh_sem_sim_threshold': 0.4}",
  "matches": {
    "(('assays_horizontal_50_ac4_av_source', 'assay_id'), ('assays_horizontal_50_ac4_av_target', 'assays_ASCETY'))": 1,
    "(('assays_horizontal_50_ac4_av_source', 'assay_id'), ('assays_horizontal_50_ac4_av_target', 'assays_CONFSCO'))": 1,
    "(('assays_horizontal_50_ac4_av_source', 'assay_id'), ('assays_horizontal_50_ac4_av_target', 'assays_VARII'))": 1,
    "(('assays_horizontal_50_ac4_av_source', 'assay_id'), ('assays_horizontal_50_ac4_av_target', 'assays_ASTY'))": 1,
    "(('assays_horizontal_50_ac4_av_source', 'assay_id'), ('assays_horizontal_50_ac4_av_target', 'assays_ASSTET'))": 1,
    "(('assays_horizontal_50_ac4_av_source', 'assay_id'), ('assays_horizontal_50_ac4_av_target', 'assays_T'))": 1,
    "(('assays_horizontal_50_ac4_av_source', 'assay_id'), ('assays_horizontal_50_ac4_av_target', 'assays_ASSCATE'))": 1,
    "(('assays_horizontal_50_ac4_av_source', 'assay_id'), ('assays_horizontal_50_ac4_av_target', 'assays_ASSTAI'))": 1,
    "(('assays_horizontal_50_ac4_av_source', 'assay_id'), ('assays_horizontal_50_ac4_av_target', 'assays_ASSTIS'))": 1,
    "(('assays_horizontal_50_ac4_av_source', 'assay_id'), ('assays_horizontal_50_ac4_av_target', 'assays_ASSUBCELFR'))": 1,
    "(('assays_horizontal_50_ac4_av_source', 'assay_id'), ('assays_horizontal_50_ac4_av_target', 'assays_RELTY'))": 1,
    "(('assays_horizontal_50_ac4_av_source', 'src_assay_id'), ('assays_horizontal_50_ac4_av_target', 'assays_ASCETY'))": 1,
    "(('assays_horizontal_50_ac4_av_source', 'src_assay_id'), ('assays_horizontal_50_ac4_av_target', 'assays_CONFSCO'))": 1,
    "(('assays_horizontal_50_ac4_av_source', 'src_assay_id'), ('assays_horizontal_50_ac4_av_target', 'assays_VARII'))": 1,
    "(('assays_horizontal_50_ac4_av_source', 'src_assay_id'), ('assays_horizontal_50_ac4_av_target', 'assays_ASTY'))": 1,
    "(('assays_horizontal_50_ac4_av_source', 'src_assay_id'), ('assays_horizontal_50_ac4_av_target', 'assays_ASSTET'))": 1,
    "(('assays_horizontal_50_ac4_av_source', 'src_assay_id'), ('assays_horizontal_50_ac4_av_target', 'assays_T'))": 1,
    "(('assays_horizontal_50_ac4_av_source', 'src_assay_id'), ('assays_horizontal_50_ac4_av_target', 'assays_ASSCATE'))": 1,
    "(('assays_horizontal_50_ac4_av_source', 'src_assay_id'), ('assays_horizontal_50_ac4_av_target', 'assays_ASSTAI'))": 1,
    "(('assays_horizontal_50_ac4_av_source', 'src_assay_id'), ('assays_horizontal_50_ac4_av_target', 'assays_ASSTIS'))": 1,
    "(('assays_horizontal_50_ac4_av_source', 'src_assay_id'), ('assays_horizontal_50_ac4_av_target', 'assays_ASSUBCELFR'))": 1,
    "(('assays_horizontal_50_ac4_av_source', 'src_assay_id'), ('assays_horizontal_50_ac4_av_target', 'assays_RELTY'))": 1,
    "(('assays_horizontal_50_ac4_av_source', 'assay_type'), ('assays_horizontal_50_ac4_av_target', 'assays_ASCETY'))": 1,
    "(('assays_horizontal_50_ac4_av_source', 'assay_type'), ('assays_horizontal_50_ac4_av_target', 'assays_CONFSCO'))": 1,
    "(('assays_horizontal_50_ac4_av_source', 'assay_type'), ('assays_horizontal_50_ac4_av_target', 'assays_VARII'))": 1,
    "(('assays_horizontal_50_ac4_av_source', 'assay_type'), ('assays_horizontal_50_ac4_av_target', 'assays_ASTY'))": 1,
    "(('assays_horizontal_50_ac4_av_source', 'assay_type'), ('assays_horizontal_50_ac4_av_target', 'assays_ASSTET'))": 1,
    "(('assays_horizontal_50_ac4_av_source', 'assay_type'), ('assays_horizontal_50_ac4_av_target', 'assays_T'))": 1,
    "(('assays_horizontal_50_ac4_av_source', 'assay_type'), ('assays_horizontal_50_ac4_av_target', 'assays_ASSCATE'))": 1,
    "(('assays_horizontal_50_ac4_av_source', 'assay_type'), ('assays_horizontal_50_ac4_av_target', 'assays_ASSTAI'))": 1,
    "(('assays_horizontal_50_ac4_av_source', 'assay_type'), ('assays_horizontal_50_ac4_av_target', 'assays_ASSTIS'))": 1,
    "(('assays_horizontal_50_ac4_av_source', 'assay_type'), ('assays_horizontal_50_ac4_av_target', 'assays_ASSUBCELFR'))": 1,
    "(('assays_horizontal_50_ac4_av_source', 'assay_type'), ('assays_horizontal_50_ac4_av_target', 'assays_RELTY'))": 1,
    "(('assays_horizontal_50_ac4_av_source', 'assay_category'), ('assays_horizontal_50_ac4_av_target', 'assays_ASCETY'))": 1,
    "(('assays_horizontal_50_ac4_av_source', 'assay_category'), ('assays_horizontal_50_ac4_av_target', 'assays_CONFSCO'))": 1,
    "(('assays_horizontal_50_ac4_av_source', 'assay_category'), ('assays_horizontal_50_ac4_av_target', 'assays_VARII'))": 1,
    "(('assays_horizontal_50_ac4_av_source', 'assay_category'), ('assays_horizontal_50_ac4_av_target', 'assays_ASTY'))": 1,
    "(('assays_horizontal_50_ac4_av_source', 'assay_category'), ('assays_horizontal_50_ac4_av_target', 'assays_ASSTET'))": 1,
    "(('assays_horizontal_50_ac4_av_source', 'assay_category'), ('assays_horizontal_50_ac4_av_target', 'assays_T'))": 1,
    "(('assays_horizontal_50_ac4_av_source', 'assay_category'), ('assays_horizontal_50_ac4_av_target', 'assays_ASSCATE'))": 1,
    "(('assays_horizontal_50_ac4_av_source', 'assay_category'), ('assays_horizontal_50_ac4_av_target', 'assays_ASSTAI'))": 1,
    "(('assays_horizontal_50_ac4_av_source', 'assay_category'), ('assays_horizontal_50_ac4_av_target', 'assays_ASSTIS'))": 1,
    "(('assays_horizontal_50_ac4_av_source', 'assay_category'), ('assays_horizontal_50_ac4_av_target', 'assays_ASSUBCELFR'))": 1,
    "(('assays_horizontal_50_ac4_av_source', 'assay_category'), ('assays_horizontal_50_ac4_av_target', 'assays_RELTY'))": 1
  },
  "metrics": {
    "precision": 0.045454545454545456,
    "recall": 0.08695652173913043,
    "f1_score": 0.059701492537313425,
    "precision_at_10_percent": 0.0,
    "precision_at_20_percent": 0.0,
    "precision_at_30_percent": 0.0,
    "precision_at_40_percent": 0.0,
    "precision_at_50_percent": 0.0,
    "precision_at_60_percent": 0.037037037037037035,
    "precision_at_70_percent": 0.03225806451612903,
    "precision_at_80_percent": 0.027777777777777776,
    "precision_at_90_percent": 0.05,
    "recall_at_sizeof_ground_truth": 0.0
  },
  "run_times": {
    "total_time": 676.3905250820007,
    "algorithm_time": 676.3904952690009
  }
}