{
  "name": "assays_both_50_50_ac4_ev__SemProp{'minhash_sim_threshold': 0.3, 'semantic_sim_threshold': 0.6, 'coh_sem_sim_threshold': 0.2}",
  "matches": {
    "(('assays_both_50_50_ac4_ev_source', 'assay_id'), ('assays_both_50_50_ac4_ev_target', 'assays_T'))": 1,
    "(('assays_both_50_50_ac4_ev_source', 'assay_id'), ('assays_both_50_50_ac4_ev_target', 'assays_CHEI'))": 1,
    "(('assays_both_50_50_ac4_ev_source', 'assay_type'), ('assays_both_50_50_ac4_ev_target', 'assays_T'))": 1,
    "(('assays_both_50_50_ac4_ev_source', 'assay_type'), ('assays_both_50_50_ac4_ev_target', 'assays_CHEI'))": 1,
    "(('assays_both_50_50_ac4_ev_source', 'src_assay_id'), ('assays_both_50_50_ac4_ev_target', 'assays_T'))": 1,
    "(('assays_both_50_50_ac4_ev_source', 'src_assay_id'), ('assays_both_50_50_ac4_ev_target', 'assays_CHEI'))": 1,
    "(('assays_both_50_50_ac4_ev_source', 'assay_strain'), ('assays_both_50_50_ac4_ev_target', 'assays_T'))": 1,
    "(('assays_both_50_50_ac4_ev_source', 'assay_strain'), ('assays_both_50_50_ac4_ev_target', 'assays_CHEI'))": 1
  },
  "metrics": {
    "precision": 0.0,
    "recall": 0.0,
    "f1_score": 0,
    "precision_at_10_percent": 0.0,
    "precision_at_20_percent": 0.0,
    "precision_at_30_percent": 0.0,
    "precision_at_40_percent": 0.0,
    "precision_at_50_percent": 0.0,
    "precision_at_60_percent": 0.0,
    "precision_at_70_percent": 0.0,
    "precision_at_80_percent": 0.0,
    "precision_at_90_percent": 0.0,
    "recall_at_sizeof_ground_truth": 0.0
  },
  "run_times": {
    "total_time": 620.069970359,
    "algorithm_time": 620.0699486589999
  }
}