{
  "name": "assays_horizontal_100_ac4_ev__SemProp{'minhash_sim_threshold': 0.2, 'semantic_sim_threshold': 0.6, 'coh_sem_sim_threshold': 0.4}",
  "matches": {
    "(('assays_horizontal_100_ac4_ev_source', 'assay_id'), ('assays_horizontal_100_ac4_ev_target', 'assays_ASSTT'))": 1,
    "(('assays_horizontal_100_ac4_ev_source', 'assay_id'), ('assays_horizontal_100_ac4_ev_target', 'assays_ASSTIS'))": 1,
    "(('assays_horizontal_100_ac4_ev_source', 'assay_id'), ('assays_horizontal_100_ac4_ev_target', 'assays_RELATITY'))": 1,
    "(('assays_horizontal_100_ac4_ev_source', 'assay_id'), ('assays_horizontal_100_ac4_ev_target', 'assays_BFOR'))": 1,
    "(('assays_horizontal_100_ac4_ev_source', 'assay_id'), ('assays_horizontal_100_ac4_ev_target', 'assays_ASTAI'))": 1,
    "(('assays_horizontal_100_ac4_ev_source', 'assay_id'), ('assays_horizontal_100_ac4_ev_target', 'assays_ASSTR'))": 1,
    "(('assays_horizontal_100_ac4_ev_source', 'assay_id'), ('assays_horizontal_100_ac4_ev_target', 'assays_ASSSUBCELFR'))": 1,
    "(('assays_horizontal_100_ac4_ev_source', 'assay_id'), ('assays_horizontal_100_ac4_ev_target', 'assays_SRASI'))": 1,
    "(('assays_horizontal_100_ac4_ev_source', 'src_assay_id'), ('assays_horizontal_100_ac4_ev_target', 'assays_ASSTT'))": 1,
    "(('assays_horizontal_100_ac4_ev_source', 'src_assay_id'), ('assays_horizontal_100_ac4_ev_target', 'assays_ASSTIS'))": 1,
    "(('assays_horizontal_100_ac4_ev_source', 'src_assay_id'), ('assays_horizontal_100_ac4_ev_target', 'assays_RELATITY'))": 1,
    "(('assays_horizontal_100_ac4_ev_source', 'src_assay_id'), ('assays_horizontal_100_ac4_ev_target', 'assays_BFOR'))": 1,
    "(('assays_horizontal_100_ac4_ev_source', 'src_assay_id'), ('assays_horizontal_100_ac4_ev_target', 'assays_ASTAI'))": 1,
    "(('assays_horizontal_100_ac4_ev_source', 'src_assay_id'), ('assays_horizontal_100_ac4_ev_target', 'assays_ASSTR'))": 1,
    "(('assays_horizontal_100_ac4_ev_source', 'src_assay_id'), ('assays_horizontal_100_ac4_ev_target', 'assays_ASSSUBCELFR'))": 1,
    "(('assays_horizontal_100_ac4_ev_source', 'src_assay_id'), ('assays_horizontal_100_ac4_ev_target', 'assays_SRASI'))": 1,
    "(('assays_horizontal_100_ac4_ev_source', 'assay_type'), ('assays_horizontal_100_ac4_ev_target', 'assays_ASSTT'))": 1,
    "(('assays_horizontal_100_ac4_ev_source', 'assay_type'), ('assays_horizontal_100_ac4_ev_target', 'assays_ASSTIS'))": 1,
    "(('assays_horizontal_100_ac4_ev_source', 'assay_type'), ('assays_horizontal_100_ac4_ev_target', 'assays_RELATITY'))": 1,
    "(('assays_horizontal_100_ac4_ev_source', 'assay_type'), ('assays_horizontal_100_ac4_ev_target', 'assays_BFOR'))": 1,
    "(('assays_horizontal_100_ac4_ev_source', 'assay_type'), ('assays_horizontal_100_ac4_ev_target', 'assays_ASTAI'))": 1,
    "(('assays_horizontal_100_ac4_ev_source', 'assay_type'), ('assays_horizontal_100_ac4_ev_target', 'assays_ASSTR'))": 1,
    "(('assays_horizontal_100_ac4_ev_source', 'assay_type'), ('assays_horizontal_100_ac4_ev_target', 'assays_ASSSUBCELFR'))": 1,
    "(('assays_horizontal_100_ac4_ev_source', 'assay_type'), ('assays_horizontal_100_ac4_ev_target', 'assays_SRASI'))": 1,
    "(('assays_horizontal_100_ac4_ev_source', 'assay_category'), ('assays_horizontal_100_ac4_ev_target', 'assays_ASSTT'))": 1,
    "(('assays_horizontal_100_ac4_ev_source', 'assay_category'), ('assays_horizontal_100_ac4_ev_target', 'assays_ASSTIS'))": 1,
    "(('assays_horizontal_100_ac4_ev_source', 'assay_category'), ('assays_horizontal_100_ac4_ev_target', 'assays_RELATITY'))": 1,
    "(('assays_horizontal_100_ac4_ev_source', 'assay_category'), ('assays_horizontal_100_ac4_ev_target', 'assays_BFOR'))": 1,
    "(('assays_horizontal_100_ac4_ev_source', 'assay_category'), ('assays_horizontal_100_ac4_ev_target', 'assays_ASTAI'))": 1,
    "(('assays_horizontal_100_ac4_ev_source', 'assay_category'), ('assays_horizontal_100_ac4_ev_target', 'assays_ASSTR'))": 1,
    "(('assays_horizontal_100_ac4_ev_source', 'assay_category'), ('assays_horizontal_100_ac4_ev_target', 'assays_ASSSUBCELFR'))": 1,
    "(('assays_horizontal_100_ac4_ev_source', 'assay_category'), ('assays_horizontal_100_ac4_ev_target', 'assays_SRASI'))": 1
  },
  "metrics": {
    "precision": 0.03125,
    "recall": 0.043478260869565216,
    "f1_score": 0.03636363636363636,
    "precision_at_10_percent": 0.0,
    "precision_at_20_percent": 0.0,
    "precision_at_30_percent": 0.0,
    "precision_at_40_percent": 0.0,
    "precision_at_50_percent": 0.0625,
    "precision_at_60_percent": 0.05,
    "precision_at_70_percent": 0.043478260869565216,
    "precision_at_80_percent": 0.038461538461538464,
    "precision_at_90_percent": 0.034482758620689655,
    "recall_at_sizeof_ground_truth": 0.043478260869565216
  },
  "run_times": {
    "total_time": 686.9725282560003,
    "algorithm_time": 686.9725060239998
  }
}