{
  "name": "assays_horizontal_50_ac4_ev__SemProp{'minhash_sim_threshold': 0.2, 'semantic_sim_threshold': 0.5, 'coh_sem_sim_threshold': 0.4}",
  "matches": {
    "(('assays_horizontal_50_ac4_ev_source', 'assay_id'), ('assays_horizontal_50_ac4_ev_target', 'assays_ASSST'))": 1,
    "(('assays_horizontal_50_ac4_ev_source', 'assay_id'), ('assays_horizontal_50_ac4_ev_target', 'assays_SRASI'))": 1,
    "(('assays_horizontal_50_ac4_ev_source', 'assay_id'), ('assays_horizontal_50_ac4_ev_target', 'assays_BAFO'))": 1,
    "(('assays_horizontal_50_ac4_ev_source', 'assay_id'), ('assays_horizontal_50_ac4_ev_target', 'assays_ASTTY'))": 1,
    "(('assays_horizontal_50_ac4_ev_source', 'assay_id'), ('assays_horizontal_50_ac4_ev_target', 'assays_ASSTI'))": 1,
    "(('assays_horizontal_50_ac4_ev_source', 'assay_id'), ('assays_horizontal_50_ac4_ev_target', 'assays_VARII'))": 1,
    "(('assays_horizontal_50_ac4_ev_source', 'assay_category'), ('assays_horizontal_50_ac4_ev_target', 'assays_ASSST'))": 1,
    "(('assays_horizontal_50_ac4_ev_source', 'assay_category'), ('assays_horizontal_50_ac4_ev_target', 'assays_SRASI'))": 1,
    "(('assays_horizontal_50_ac4_ev_source', 'assay_category'), ('assays_horizontal_50_ac4_ev_target', 'assays_BAFO'))": 1,
    "(('assays_horizontal_50_ac4_ev_source', 'assay_category'), ('assays_horizontal_50_ac4_ev_target', 'assays_ASTTY'))": 1,
    "(('assays_horizontal_50_ac4_ev_source', 'assay_category'), ('assays_horizontal_50_ac4_ev_target', 'assays_ASSTI'))": 1,
    "(('assays_horizontal_50_ac4_ev_source', 'assay_category'), ('assays_horizontal_50_ac4_ev_target', 'assays_VARII'))": 1,
    "(('assays_horizontal_50_ac4_ev_source', 'assay_type'), ('assays_horizontal_50_ac4_ev_target', 'assays_ASSST'))": 1,
    "(('assays_horizontal_50_ac4_ev_source', 'assay_type'), ('assays_horizontal_50_ac4_ev_target', 'assays_SRASI'))": 1,
    "(('assays_horizontal_50_ac4_ev_source', 'assay_type'), ('assays_horizontal_50_ac4_ev_target', 'assays_BAFO'))": 1,
    "(('assays_horizontal_50_ac4_ev_source', 'assay_type'), ('assays_horizontal_50_ac4_ev_target', 'assays_ASTTY'))": 1,
    "(('assays_horizontal_50_ac4_ev_source', 'assay_type'), ('assays_horizontal_50_ac4_ev_target', 'assays_ASSTI'))": 1,
    "(('assays_horizontal_50_ac4_ev_source', 'assay_type'), ('assays_horizontal_50_ac4_ev_target', 'assays_VARII'))": 1,
    "(('assays_horizontal_50_ac4_ev_source', 'src_assay_id'), ('assays_horizontal_50_ac4_ev_target', 'assays_ASSST'))": 1,
    "(('assays_horizontal_50_ac4_ev_source', 'src_assay_id'), ('assays_horizontal_50_ac4_ev_target', 'assays_SRASI'))": 1,
    "(('assays_horizontal_50_ac4_ev_source', 'src_assay_id'), ('assays_horizontal_50_ac4_ev_target', 'assays_BAFO'))": 1,
    "(('assays_horizontal_50_ac4_ev_source', 'src_assay_id'), ('assays_horizontal_50_ac4_ev_target', 'assays_ASTTY'))": 1,
    "(('assays_horizontal_50_ac4_ev_source', 'src_assay_id'), ('assays_horizontal_50_ac4_ev_target', 'assays_ASSTI'))": 1,
    "(('assays_horizontal_50_ac4_ev_source', 'src_assay_id'), ('assays_horizontal_50_ac4_ev_target', 'assays_VARII'))": 1
  },
  "metrics": {
    "precision": 0.041666666666666664,
    "recall": 0.043478260869565216,
    "f1_score": 0.0425531914893617,
    "precision_at_10_percent": 0.0,
    "precision_at_20_percent": 0.0,
    "precision_at_30_percent": 0.0,
    "precision_at_40_percent": 0.0,
    "precision_at_50_percent": 0.0,
    "precision_at_60_percent": 0.0,
    "precision_at_70_percent": 0.0,
    "precision_at_80_percent": 0.05,
    "precision_at_90_percent": 0.045454545454545456,
    "recall_at_sizeof_ground_truth": 0.043478260869565216
  },
  "run_times": {
    "total_time": 666.3519941560007,
    "algorithm_time": 666.3519722420006
  }
}