{
  "name": "assays_horizontal_100_ac4_av__SemProp{'minhash_sim_threshold': 0.2, 'semantic_sim_threshold': 0.4, 'coh_sem_sim_threshold': 0.4}",
  "matches": {
    "(('assays_horizontal_100_ac4_av_source', 'assay_category'), ('assays_horizontal_100_ac4_av_target', 'assays_AST'))": 1,
    "(('assays_horizontal_100_ac4_av_source', 'assay_category'), ('assays_horizontal_100_ac4_av_target', 'assays_CI'))": 1,
    "(('assays_horizontal_100_ac4_av_source', 'assay_category'), ('assays_horizontal_100_ac4_av_target', 'assays_ASST'))": 1,
    "(('assays_horizontal_100_ac4_av_source', 'assay_category'), ('assays_horizontal_100_ac4_av_target', 'assays_ASI'))": 1,
    "(('assays_horizontal_100_ac4_av_source', 'assay_id'), ('assays_horizontal_100_ac4_av_target', 'assays_AST'))": 1,
    "(('assays_horizontal_100_ac4_av_source', 'assay_id'), ('assays_horizontal_100_ac4_av_target', 'assays_CI'))": 1,
    "(('assays_horizontal_100_ac4_av_source', 'assay_id'), ('assays_horizontal_100_ac4_av_target', 'assays_ASST'))": 1,
    "(('assays_horizontal_100_ac4_av_source', 'assay_id'), ('assays_horizontal_100_ac4_av_target', 'assays_ASI'))": 1,
    "(('assays_horizontal_100_ac4_av_source', 'src_assay_id'), ('assays_horizontal_100_ac4_av_target', 'assays_AST'))": 1,
    "(('assays_horizontal_100_ac4_av_source', 'src_assay_id'), ('assays_horizontal_100_ac4_av_target', 'assays_CI'))": 1,
    "(('assays_horizontal_100_ac4_av_source', 'src_assay_id'), ('assays_horizontal_100_ac4_av_target', 'assays_ASST'))": 1,
    "(('assays_horizontal_100_ac4_av_source', 'src_assay_id'), ('assays_horizontal_100_ac4_av_target', 'assays_ASI'))": 1,
    "(('assays_horizontal_100_ac4_av_source', 'assay_type'), ('assays_horizontal_100_ac4_av_target', 'assays_AST'))": 1,
    "(('assays_horizontal_100_ac4_av_source', 'assay_type'), ('assays_horizontal_100_ac4_av_target', 'assays_CI'))": 1,
    "(('assays_horizontal_100_ac4_av_source', 'assay_type'), ('assays_horizontal_100_ac4_av_target', 'assays_ASST'))": 1,
    "(('assays_horizontal_100_ac4_av_source', 'assay_type'), ('assays_horizontal_100_ac4_av_target', 'assays_ASI'))": 1
  },
  "metrics": {
    "precision": 0.125,
    "recall": 0.08695652173913043,
    "f1_score": 0.10256410256410256,
    "precision_at_10_percent": 0.0,
    "precision_at_20_percent": 0.0,
    "precision_at_30_percent": 0.0,
    "precision_at_40_percent": 0.0,
    "precision_at_50_percent": 0.125,
    "precision_at_60_percent": 0.1,
    "precision_at_70_percent": 0.08333333333333333,
    "precision_at_80_percent": 0.15384615384615385,
    "precision_at_90_percent": 0.13333333333333333,
    "recall_at_sizeof_ground_truth": 0.08695652173913043
  },
  "run_times": {
    "total_time": 702.6968086300003,
    "algorithm_time": 702.6967891519998
  }
}