{
  "name": "assays_both_0_50_ac4_av__SemProp{'minhash_sim_threshold': 0.2, 'semantic_sim_threshold': 0.4, 'coh_sem_sim_threshold': 0.2}",
  "matches": {
    "(('assays_both_0_50_ac4_av_source', 'assay_type'), ('assays_both_0_50_ac4_av_target', 'assays_DI'))": 1,
    "(('assays_both_0_50_ac4_av_source', 'assay_type'), ('assays_both_0_50_ac4_av_target', 'assays_VARI'))": 1,
    "(('assays_both_0_50_ac4_av_source', 'assay_type'), ('assays_both_0_50_ac4_av_target', 'assays_AST'))": 1,
    "(('assays_both_0_50_ac4_av_source', 'assay_id'), ('assays_both_0_50_ac4_av_target', 'assays_DI'))": 1,
    "(('assays_both_0_50_ac4_av_source', 'assay_id'), ('assays_both_0_50_ac4_av_target', 'assays_VARI'))": 1,
    "(('assays_both_0_50_ac4_av_source', 'assay_id'), ('assays_both_0_50_ac4_av_target', 'assays_AST'))": 1,
    "(('assays_both_0_50_ac4_av_source', 'assay_category'), ('assays_both_0_50_ac4_av_target', 'assays_DI'))": 1,
    "(('assays_both_0_50_ac4_av_source', 'assay_category'), ('assays_both_0_50_ac4_av_target', 'assays_VARI'))": 1,
    "(('assays_both_0_50_ac4_av_source', 'assay_category'), ('assays_both_0_50_ac4_av_target', 'assays_AST'))": 1
  },
  "metrics": {
    "precision": 0.1111111111111111,
    "recall": 0.09090909090909091,
    "f1_score": 0.09999999999999999,
    "precision_at_10_percent": 0.0,
    "precision_at_20_percent": 0.0,
    "precision_at_30_percent": 0.3333333333333333,
    "precision_at_40_percent": 0.25,
    "precision_at_50_percent": 0.2,
    "precision_at_60_percent": 0.16666666666666666,
    "precision_at_70_percent": 0.14285714285714285,
    "precision_at_80_percent": 0.125,
    "precision_at_90_percent": 0.1111111111111111,
    "recall_at_sizeof_ground_truth": 0.09090909090909091
  },
  "run_times": {
    "total_time": 698.72079839,
    "algorithm_time": 698.720779793
  }
}