{
  "name": "assays_horizontal_100_ec_av__SemProp{'minhash_sim_threshold': 0.2, 'semantic_sim_threshold': 0.6, 'coh_sem_sim_threshold': 0.2}",
  "matches": {
    "(('assays_horizontal_100_ec_av_target', 'src_assay_id'), ('assays_horizontal_100_ec_av_source', 'assay_category'))": 1,
    "(('assays_horizontal_100_ec_av_target', 'src_assay_id'), ('assays_horizontal_100_ec_av_source', 'src_assay_id'))": 1,
    "(('assays_horizontal_100_ec_av_target', 'src_assay_id'), ('assays_horizontal_100_ec_av_source', 'assay_id'))": 1,
    "(('assays_horizontal_100_ec_av_target', 'src_assay_id'), ('assays_horizontal_100_ec_av_source', 'assay_type'))": 1,
    "(('assays_horizontal_100_ec_av_target', 'assay_category'), ('assays_horizontal_100_ec_av_source', 'assay_category'))": 1,
    "(('assays_horizontal_100_ec_av_target', 'assay_category'), ('assays_horizontal_100_ec_av_source', 'src_assay_id'))": 1,
    "(('assays_horizontal_100_ec_av_target', 'assay_category'), ('assays_horizontal_100_ec_av_source', 'assay_id'))": 1,
    "(('assays_horizontal_100_ec_av_target', 'assay_category'), ('assays_horizontal_100_ec_av_source', 'assay_type'))": 1,
    "(('assays_horizontal_100_ec_av_target', 'assay_type'), ('assays_horizontal_100_ec_av_source', 'assay_category'))": 1,
    "(('assays_horizontal_100_ec_av_target', 'assay_type'), ('assays_horizontal_100_ec_av_source', 'src_assay_id'))": 1,
    "(('assays_horizontal_100_ec_av_target', 'assay_type'), ('assays_horizontal_100_ec_av_source', 'assay_id'))": 1,
    "(('assays_horizontal_100_ec_av_target', 'assay_type'), ('assays_horizontal_100_ec_av_source', 'assay_type'))": 1,
    "(('assays_horizontal_100_ec_av_target', 'assay_id'), ('assays_horizontal_100_ec_av_source', 'assay_category'))": 1,
    "(('assays_horizontal_100_ec_av_target', 'assay_id'), ('assays_horizontal_100_ec_av_source', 'src_assay_id'))": 1,
    "(('assays_horizontal_100_ec_av_target', 'assay_id'), ('assays_horizontal_100_ec_av_source', 'assay_id'))": 1,
    "(('assays_horizontal_100_ec_av_target', 'assay_id'), ('assays_horizontal_100_ec_av_source', 'assay_type'))": 1,
    "(('assays_horizontal_100_ec_av_target', 'cell_id'), ('assays_horizontal_100_ec_av_source', 'cell_id'))": 1
  },
  "metrics": {
    "precision": 0.29411764705882354,
    "recall": 0.21739130434782608,
    "f1_score": 0.25,
    "precision_at_10_percent": 0.5,
    "precision_at_20_percent": 0.25,
    "precision_at_30_percent": 0.3333333333333333,
    "precision_at_40_percent": 0.2857142857142857,
    "precision_at_50_percent": 0.2222222222222222,
    "precision_at_60_percent": 0.18181818181818182,
    "precision_at_70_percent": 0.25,
    "precision_at_80_percent": 0.21428571428571427,
    "precision_at_90_percent": 0.25,
    "recall_at_sizeof_ground_truth": 0.21739130434782608
  },
  "run_times": {
    "total_time": 788.4154554509987,
    "algorithm_time": 788.4154325689997
  }
}