{
  "name": "assays_both_50_50_ac1_av__SemProp{'minhash_sim_threshold': 0.2, 'semantic_sim_threshold': 0.5, 'coh_sem_sim_threshold': 0.4}",
  "matches": {
    "(('assays_both_50_50_ac1_av_target', 'assays_src_assay_id'), ('assays_both_50_50_ac1_av_source', 'src_assay_id'))": 1,
    "(('assays_both_50_50_ac1_av_target', 'assays_src_assay_id'), ('assays_both_50_50_ac1_av_source', 'assay_id'))": 1,
    "(('assays_both_50_50_ac1_av_target', 'assays_src_assay_id'), ('assays_both_50_50_ac1_av_source', 'assay_type'))": 1,
    "(('assays_both_50_50_ac1_av_target', 'assays_src_assay_id'), ('assays_both_50_50_ac1_av_source', 'assay_category'))": 1,
    "(('assays_both_50_50_ac1_av_target', 'assays_assay_tax_id'), ('assays_both_50_50_ac1_av_source', 'src_assay_id'))": 1,
    "(('assays_both_50_50_ac1_av_target', 'assays_assay_tax_id'), ('assays_both_50_50_ac1_av_source', 'assay_id'))": 1,
    "(('assays_both_50_50_ac1_av_target', 'assays_assay_tax_id'), ('assays_both_50_50_ac1_av_source', 'assay_type'))": 1,
    "(('assays_both_50_50_ac1_av_target', 'assays_assay_tax_id'), ('assays_both_50_50_ac1_av_source', 'assay_category'))": 1,
    "(('assays_both_50_50_ac1_av_target', 'assays_assay_type'), ('assays_both_50_50_ac1_av_source', 'src_assay_id'))": 1,
    "(('assays_both_50_50_ac1_av_target', 'assays_assay_type'), ('assays_both_50_50_ac1_av_source', 'assay_id'))": 1,
    "(('assays_both_50_50_ac1_av_target', 'assays_assay_type'), ('assays_both_50_50_ac1_av_source', 'assay_type'))": 1,
    "(('assays_both_50_50_ac1_av_target', 'assays_assay_type'), ('assays_both_50_50_ac1_av_source', 'assay_category'))": 1,
    "(('assays_both_50_50_ac1_av_target', 'assays_assay_id'), ('assays_both_50_50_ac1_av_source', 'src_assay_id'))": 1,
    "(('assays_both_50_50_ac1_av_target', 'assays_assay_id'), ('assays_both_50_50_ac1_av_source', 'assay_id'))": 1,
    "(('assays_both_50_50_ac1_av_target', 'assays_assay_id'), ('assays_both_50_50_ac1_av_source', 'assay_type'))": 1,
    "(('assays_both_50_50_ac1_av_target', 'assays_assay_id'), ('assays_both_50_50_ac1_av_source', 'assay_category'))": 1
  },
  "metrics": {
    "precision": 0.1875,
    "recall": 0.2727272727272727,
    "f1_score": 0.2222222222222222,
    "precision_at_10_percent": 0.5,
    "precision_at_20_percent": 0.25,
    "precision_at_30_percent": 0.2,
    "precision_at_40_percent": 0.14285714285714285,
    "precision_at_50_percent": 0.125,
    "precision_at_60_percent": 0.1,
    "precision_at_70_percent": 0.16666666666666666,
    "precision_at_80_percent": 0.15384615384615385,
    "precision_at_90_percent": 0.2,
    "recall_at_sizeof_ground_truth": 0.18181818181818182
  },
  "run_times": {
    "total_time": 619.313077630999,
    "algorithm_time": 619.3130529859991
  }
}