{
  "name": "assays_vertical_50_ac3_av__SemProp{'minhash_sim_threshold': 0.2, 'semantic_sim_threshold': 0.6, 'coh_sem_sim_threshold': 0.4}",
  "matches": {},
  "metrics": {
    "precision": 0,
    "recall": 0.0,
    "f1_score": 0,
    "precision_at_10_percent": 0,
    "precision_at_20_percent": 0,
    "precision_at_30_percent": 0,
    "precision_at_40_percent": 0,
    "precision_at_50_percent": 0,
    "precision_at_60_percent": 0,
    "precision_at_70_percent": 0,
    "precision_at_80_percent": 0,
    "precision_at_90_percent": 0,
    "recall_at_sizeof_ground_truth": 0.0
  },
  "run_times": {
    "total_time": 884.6347485649967,
    "algorithm_time": 884.6347200719974
  }
}