{
  "name": "assays_both_50_30_ec_ev__SemProp{'minhash_sim_threshold': 0.2, 'semantic_sim_threshold': 0.5, 'coh_sem_sim_threshold': 0.4}",
  "matches": {
    "(('assays_both_50_30_ec_ev_target', 'assay_id'), ('assays_both_50_30_ec_ev_source', 'assay_type'))": 1,
    "(('assays_both_50_30_ec_ev_target', 'assay_id'), ('assays_both_50_30_ec_ev_source', 'assay_category'))": 1,
    "(('assays_both_50_30_ec_ev_target', 'assay_id'), ('assays_both_50_30_ec_ev_source', 'assay_id'))": 1,
    "(('assays_both_50_30_ec_ev_target', 'assay_type'), ('assays_both_50_30_ec_ev_source', 'assay_type'))": 1,
    "(('assays_both_50_30_ec_ev_target', 'assay_type'), ('assays_both_50_30_ec_ev_source', 'assay_category'))": 1,
    "(('assays_both_50_30_ec_ev_target', 'assay_type'), ('assays_both_50_30_ec_ev_source', 'assay_id'))": 1,
    "(('assays_both_50_30_ec_ev_target', 'src_assay_id'), ('assays_both_50_30_ec_ev_source', 'assay_type'))": 1,
    "(('assays_both_50_30_ec_ev_target', 'src_assay_id'), ('assays_both_50_30_ec_ev_source', 'assay_category'))": 1,
    "(('assays_both_50_30_ec_ev_target', 'src_assay_id'), ('assays_both_50_30_ec_ev_source', 'assay_id'))": 1
  },
  "metrics": {
    "precision": 0.2222222222222222,
    "recall": 0.3333333333333333,
    "f1_score": 0.26666666666666666,
    "precision_at_10_percent": 0.0,
    "precision_at_20_percent": 0.0,
    "precision_at_30_percent": 0.3333333333333333,
    "precision_at_40_percent": 0.5,
    "precision_at_50_percent": 0.4,
    "precision_at_60_percent": 0.3333333333333333,
    "precision_at_70_percent": 0.2857142857142857,
    "precision_at_80_percent": 0.25,
    "precision_at_90_percent": 0.2222222222222222,
    "recall_at_sizeof_ground_truth": 0.3333333333333333
  },
  "run_times": {
    "total_time": 641.0408335529937,
    "algorithm_time": 641.0408120509965
  }
}