{
  "name": "assays_both_50_70_ac4_av__SemProp{'minhash_sim_threshold': 0.2, 'semantic_sim_threshold': 0.5, 'coh_sem_sim_threshold': 0.2}",
  "matches": {
    "(('assays_both_50_70_ac4_av_source', 'assay_id'), ('assays_both_50_70_ac4_av_target', 'assays_ASSSUBCEFRAC'))": 1,
    "(('assays_both_50_70_ac4_av_source', 'assay_id'), ('assays_both_50_70_ac4_av_target', 'assays_ASSTY'))": 1,
    "(('assays_both_50_70_ac4_av_source', 'assay_id'), ('assays_both_50_70_ac4_av_target', 'assays_CURAB'))": 1,
    "(('assays_both_50_70_ac4_av_source', 'assay_id'), ('assays_both_50_70_ac4_av_target', 'assays_CONFSCO'))": 1,
    "(('assays_both_50_70_ac4_av_source', 'assay_id'), ('assays_both_50_70_ac4_av_target', 'assays_T'))": 1,
    "(('assays_both_50_70_ac4_av_source', 'assay_id'), ('assays_both_50_70_ac4_av_target', 'assays_ASSTI'))": 1,
    "(('assays_both_50_70_ac4_av_source', 'assay_id'), ('assays_both_50_70_ac4_av_target', 'assays_RELATITY'))": 1,
    "(('assays_both_50_70_ac4_av_source', 'assay_type'), ('assays_both_50_70_ac4_av_target', 'assays_ASSSUBCEFRAC'))": 1,
    "(('assays_both_50_70_ac4_av_source', 'assay_type'), ('assays_both_50_70_ac4_av_target', 'assays_ASSTY'))": 1,
    "(('assays_both_50_70_ac4_av_source', 'assay_type'), ('assays_both_50_70_ac4_av_target', 'assays_CURAB'))": 1,
    "(('assays_both_50_70_ac4_av_source', 'assay_type'), ('assays_both_50_70_ac4_av_target', 'assays_CONFSCO'))": 1,
    "(('assays_both_50_70_ac4_av_source', 'assay_type'), ('assays_both_50_70_ac4_av_target', 'assays_T'))": 1,
    "(('assays_both_50_70_ac4_av_source', 'assay_type'), ('assays_both_50_70_ac4_av_target', 'assays_ASSTI'))": 1,
    "(('assays_both_50_70_ac4_av_source', 'assay_type'), ('assays_both_50_70_ac4_av_target', 'assays_RELATITY'))": 1,
    "(('assays_both_50_70_ac4_av_source', 'assay_category'), ('assays_both_50_70_ac4_av_target', 'assays_ASSSUBCEFRAC'))": 1,
    "(('assays_both_50_70_ac4_av_source', 'assay_category'), ('assays_both_50_70_ac4_av_target', 'assays_ASSTY'))": 1,
    "(('assays_both_50_70_ac4_av_source', 'assay_category'), ('assays_both_50_70_ac4_av_target', 'assays_CURAB'))": 1,
    "(('assays_both_50_70_ac4_av_source', 'assay_category'), ('assays_both_50_70_ac4_av_target', 'assays_CONFSCO'))": 1,
    "(('assays_both_50_70_ac4_av_source', 'assay_category'), ('assays_both_50_70_ac4_av_target', 'assays_T'))": 1,
    "(('assays_both_50_70_ac4_av_source', 'assay_category'), ('assays_both_50_70_ac4_av_target', 'assays_ASSTI'))": 1,
    "(('assays_both_50_70_ac4_av_source', 'assay_category'), ('assays_both_50_70_ac4_av_target', 'assays_RELATITY'))": 1,
    "(('assays_both_50_70_ac4_av_source', 'src_assay_id'), ('assays_both_50_70_ac4_av_target', 'assays_ASSSUBCEFRAC'))": 1,
    "(('assays_both_50_70_ac4_av_source', 'src_assay_id'), ('assays_both_50_70_ac4_av_target', 'assays_ASSTY'))": 1,
    "(('assays_both_50_70_ac4_av_source', 'src_assay_id'), ('assays_both_50_70_ac4_av_target', 'assays_CURAB'))": 1,
    "(('assays_both_50_70_ac4_av_source', 'src_assay_id'), ('assays_both_50_70_ac4_av_target', 'assays_CONFSCO'))": 1,
    "(('assays_both_50_70_ac4_av_source', 'src_assay_id'), ('assays_both_50_70_ac4_av_target', 'assays_T'))": 1,
    "(('assays_both_50_70_ac4_av_source', 'src_assay_id'), ('assays_both_50_70_ac4_av_target', 'assays_ASSTI'))": 1,
    "(('assays_both_50_70_ac4_av_source', 'src_assay_id'), ('assays_both_50_70_ac4_av_target', 'assays_RELATITY'))": 1
  },
  "metrics": {
    "precision": 0.03571428571428571,
    "recall": 0.0625,
    "f1_score": 0.045454545454545456,
    "precision_at_10_percent": 0.0,
    "precision_at_20_percent": 0.0,
    "precision_at_30_percent": 0.1111111111111111,
    "precision_at_40_percent": 0.08333333333333333,
    "precision_at_50_percent": 0.07142857142857142,
    "precision_at_60_percent": 0.058823529411764705,
    "precision_at_70_percent": 0.05,
    "precision_at_80_percent": 0.043478260869565216,
    "precision_at_90_percent": 0.038461538461538464,
    "recall_at_sizeof_ground_truth": 0.0625
  },
  "run_times": {
    "total_time": 636.3261630060006,
    "algorithm_time": 636.3261413990003
  }
}