{
  "name": "assays_both_0_1_ec_ev__SemProp{'minhash_sim_threshold': 0.3, 'semantic_sim_threshold': 0.6, 'coh_sem_sim_threshold': 0.4}",
  "matches": {
    "(('assays_both_0_1_ec_ev_target', 'assay_id'), ('assays_both_0_1_ec_ev_source', 'assay_type'))": 1,
    "(('assays_both_0_1_ec_ev_target', 'assay_id'), ('assays_both_0_1_ec_ev_source', 'assay_strain'))": 1,
    "(('assays_both_0_1_ec_ev_target', 'assay_id'), ('assays_both_0_1_ec_ev_source', 'assay_id'))": 1,
    "(('assays_both_0_1_ec_ev_target', 'assay_id'), ('assays_both_0_1_ec_ev_source', 'assay_category'))": 1,
    "(('assays_both_0_1_ec_ev_target', 'src_assay_id'), ('assays_both_0_1_ec_ev_source', 'assay_type'))": 1,
    "(('assays_both_0_1_ec_ev_target', 'src_assay_id'), ('assays_both_0_1_ec_ev_source', 'assay_strain'))": 1,
    "(('assays_both_0_1_ec_ev_target', 'src_assay_id'), ('assays_both_0_1_ec_ev_source', 'assay_id'))": 1,
    "(('assays_both_0_1_ec_ev_target', 'src_assay_id'), ('assays_both_0_1_ec_ev_source', 'assay_category'))": 1
  },
  "metrics": {
    "precision": 0.125,
    "recall": 1.0,
    "f1_score": 0.2222222222222222,
    "precision_at_10_percent": 0.0,
    "precision_at_20_percent": 0.0,
    "precision_at_30_percent": 0.3333333333333333,
    "precision_at_40_percent": 0.25,
    "precision_at_50_percent": 0.25,
    "precision_at_60_percent": 0.2,
    "precision_at_70_percent": 0.16666666666666666,
    "precision_at_80_percent": 0.14285714285714285,
    "precision_at_90_percent": 0.125,
    "recall_at_sizeof_ground_truth": 0.0
  },
  "run_times": {
    "total_time": 726.0030703829993,
    "algorithm_time": 726.0030511929995
  }
}