{
  "name": "assays_both_50_1_ac4_ev__SemProp{'minhash_sim_threshold': 0.2, 'semantic_sim_threshold': 0.6, 'coh_sem_sim_threshold': 0.4}",
  "matches": {
    "(('assays_both_50_1_ac4_ev_source', 'assay_type'), ('assays_both_50_1_ac4_ev_target', 'assays_RELAT'))": 1,
    "(('assays_both_50_1_ac4_ev_source', 'assay_type'), ('assays_both_50_1_ac4_ev_target', 'assays_SRASSI'))": 1,
    "(('assays_both_50_1_ac4_ev_source', 'assay_id'), ('assays_both_50_1_ac4_ev_target', 'assays_RELAT'))": 1,
    "(('assays_both_50_1_ac4_ev_source', 'assay_id'), ('assays_both_50_1_ac4_ev_target', 'assays_SRASSI'))": 1,
    "(('assays_both_50_1_ac4_ev_source', 'assay_category'), ('assays_both_50_1_ac4_ev_target', 'assays_RELAT'))": 1,
    "(('assays_both_50_1_ac4_ev_source', 'assay_category'), ('assays_both_50_1_ac4_ev_target', 'assays_SRASSI'))": 1
  },
  "metrics": {
    "precision": 0.0,
    "recall": 0.0,
    "f1_score": 0,
    "precision_at_10_percent": 0.0,
    "precision_at_20_percent": 0.0,
    "precision_at_30_percent": 0.0,
    "precision_at_40_percent": 0.0,
    "precision_at_50_percent": 0.0,
    "precision_at_60_percent": 0.0,
    "precision_at_70_percent": 0.0,
    "precision_at_80_percent": 0.0,
    "precision_at_90_percent": 0.0,
    "recall_at_sizeof_ground_truth": 0.0
  },
  "run_times": {
    "total_time": 619.7775094570025,
    "algorithm_time": 619.7774878540004
  }
}