{
  "name": "assays_both_0_50_ac4_ev__SemProp{'minhash_sim_threshold': 0.2, 'semantic_sim_threshold': 0.5, 'coh_sem_sim_threshold': 0.2}",
  "matches": {
    "(('assays_both_0_50_ac4_ev_source', 'src_assay_id'), ('assays_both_0_50_ac4_ev_target', 'assays_ASSUBCEFR'))": 1,
    "(('assays_both_0_50_ac4_ev_source', 'src_assay_id'), ('assays_both_0_50_ac4_ev_target', 'assays_ASSTI'))": 1,
    "(('assays_both_0_50_ac4_ev_source', 'src_assay_id'), ('assays_both_0_50_ac4_ev_target', 'assays_SRASSI'))": 1,
    "(('assays_both_0_50_ac4_ev_source', 'src_assay_id'), ('assays_both_0_50_ac4_ev_target', 'assays_RELATY'))": 1,
    "(('assays_both_0_50_ac4_ev_source', 'src_assay_id'), ('assays_both_0_50_ac4_ev_target', 'assays_CONFSCO'))": 1,
    "(('assays_both_0_50_ac4_ev_source', 'src_assay_id'), ('assays_both_0_50_ac4_ev_target', 'assays_VARII'))": 1,
    "(('assays_both_0_50_ac4_ev_source', 'src_assay_id'), ('assays_both_0_50_ac4_ev_target', 'assays_ASSCA'))": 1,
    "(('assays_both_0_50_ac4_ev_source', 'src_assay_id'), ('assays_both_0_50_ac4_ev_target', 'assays_BAFO'))": 1,
    "(('assays_both_0_50_ac4_ev_source', 'assay_id'), ('assays_both_0_50_ac4_ev_target', 'assays_ASSUBCEFR'))": 1,
    "(('assays_both_0_50_ac4_ev_source', 'assay_id'), ('assays_both_0_50_ac4_ev_target', 'assays_ASSTI'))": 1,
    "(('assays_both_0_50_ac4_ev_source', 'assay_id'), ('assays_both_0_50_ac4_ev_target', 'assays_SRASSI'))": 1,
    "(('assays_both_0_50_ac4_ev_source', 'assay_id'), ('assays_both_0_50_ac4_ev_target', 'assays_RELATY'))": 1,
    "(('assays_both_0_50_ac4_ev_source', 'assay_id'), ('assays_both_0_50_ac4_ev_target', 'assays_CONFSCO'))": 1,
    "(('assays_both_0_50_ac4_ev_source', 'assay_id'), ('assays_both_0_50_ac4_ev_target', 'assays_VARII'))": 1,
    "(('assays_both_0_50_ac4_ev_source', 'assay_id'), ('assays_both_0_50_ac4_ev_target', 'assays_ASSCA'))": 1,
    "(('assays_both_0_50_ac4_ev_source', 'assay_id'), ('assays_both_0_50_ac4_ev_target', 'assays_BAFO'))": 1,
    "(('assays_both_0_50_ac4_ev_source', 'assay_type'), ('assays_both_0_50_ac4_ev_target', 'assays_ASSUBCEFR'))": 1,
    "(('assays_both_0_50_ac4_ev_source', 'assay_type'), ('assays_both_0_50_ac4_ev_target', 'assays_ASSTI'))": 1,
    "(('assays_both_0_50_ac4_ev_source', 'assay_type'), ('assays_both_0_50_ac4_ev_target', 'assays_SRASSI'))": 1,
    "(('assays_both_0_50_ac4_ev_source', 'assay_type'), ('assays_both_0_50_ac4_ev_target', 'assays_RELATY'))": 1,
    "(('assays_both_0_50_ac4_ev_source', 'assay_type'), ('assays_both_0_50_ac4_ev_target', 'assays_CONFSCO'))": 1,
    "(('assays_both_0_50_ac4_ev_source', 'assay_type'), ('assays_both_0_50_ac4_ev_target', 'assays_VARII'))": 1,
    "(('assays_both_0_50_ac4_ev_source', 'assay_type'), ('assays_both_0_50_ac4_ev_target', 'assays_ASSCA'))": 1,
    "(('assays_both_0_50_ac4_ev_source', 'assay_type'), ('assays_both_0_50_ac4_ev_target', 'assays_BAFO'))": 1,
    "(('assays_both_0_50_ac4_ev_source', 'assay_category'), ('assays_both_0_50_ac4_ev_target', 'assays_ASSUBCEFR'))": 1,
    "(('assays_both_0_50_ac4_ev_source', 'assay_category'), ('assays_both_0_50_ac4_ev_target', 'assays_ASSTI'))": 1,
    "(('assays_both_0_50_ac4_ev_source', 'assay_category'), ('assays_both_0_50_ac4_ev_target', 'assays_SRASSI'))": 1,
    "(('assays_both_0_50_ac4_ev_source', 'assay_category'), ('assays_both_0_50_ac4_ev_target', 'assays_RELATY'))": 1,
    "(('assays_both_0_50_ac4_ev_source', 'assay_category'), ('assays_both_0_50_ac4_ev_target', 'assays_CONFSCO'))": 1,
    "(('assays_both_0_50_ac4_ev_source', 'assay_category'), ('assays_both_0_50_ac4_ev_target', 'assays_VARII'))": 1,
    "(('assays_both_0_50_ac4_ev_source', 'assay_category'), ('assays_both_0_50_ac4_ev_target', 'assays_ASSCA'))": 1,
    "(('assays_both_0_50_ac4_ev_source', 'assay_category'), ('assays_both_0_50_ac4_ev_target', 'assays_BAFO'))": 1
  },
  "metrics": {
    "precision": 0.0625,
    "recall": 0.18181818181818182,
    "f1_score": 0.09302325581395349,
    "precision_at_10_percent": 0.25,
    "precision_at_20_percent": 0.14285714285714285,
    "precision_at_30_percent": 0.1,
    "precision_at_40_percent": 0.07692307692307693,
    "precision_at_50_percent": 0.0625,
    "precision_at_60_percent": 0.05,
    "precision_at_70_percent": 0.043478260869565216,
    "precision_at_80_percent": 0.038461538461538464,
    "precision_at_90_percent": 0.034482758620689655,
    "recall_at_sizeof_ground_truth": 0.09090909090909091
  },
  "run_times": {
    "total_time": 652.2174331530005,
    "algorithm_time": 652.2174077800009
  }
}