{
  "name": "assays_vertical_50_ac1_ev__SemProp{'minhash_sim_threshold': 0.3, 'semantic_sim_threshold': 0.4, 'coh_sem_sim_threshold': 0.4}",
  "matches": {
    "(('assays_vertical_50_ac1_ev_target', 'assays_assay_id'), ('assays_vertical_50_ac1_ev_source', 'src_assay_id'))": 1,
    "(('assays_vertical_50_ac1_ev_target', 'assays_assay_id'), ('assays_vertical_50_ac1_ev_source', 'assay_type'))": 1,
    "(('assays_vertical_50_ac1_ev_target', 'assays_assay_id'), ('assays_vertical_50_ac1_ev_source', 'assay_id'))": 1,
    "(('assays_vertical_50_ac1_ev_target', 'assays_assay_id'), ('assays_vertical_50_ac1_ev_source', 'assay_category'))": 1
  },
  "metrics": {
    "precision": 0.25,
    "recall": 0.09090909090909091,
    "f1_score": 0.13333333333333333,
    "precision_at_10_percent": 0.0,
    "precision_at_20_percent": 0.0,
    "precision_at_30_percent": 0.0,
    "precision_at_40_percent": 0.0,
    "precision_at_50_percent": 0.0,
    "precision_at_60_percent": 0.3333333333333333,
    "precision_at_70_percent": 0.3333333333333333,
    "precision_at_80_percent": 0.25,
    "precision_at_90_percent": 0.25,
    "recall_at_sizeof_ground_truth": 0.09090909090909091
  },
  "run_times": {
    "total_time": 628.8661433779998,
    "algorithm_time": 628.8661215169996
  }
}