{
  "name": "assays_horizontal_100_ac1_ev__SemProp{'minhash_sim_threshold': 0.2, 'semantic_sim_threshold': 0.6, 'coh_sem_sim_threshold': 0.4}",
  "matches": {
    "(('assays_horizontal_100_ac1_ev_target', 'assays_assay_type'), ('assays_horizontal_100_ac1_ev_source', 'assay_type'))": 1,
    "(('assays_horizontal_100_ac1_ev_target', 'assays_assay_type'), ('assays_horizontal_100_ac1_ev_source', 'assay_id'))": 1,
    "(('assays_horizontal_100_ac1_ev_target', 'assays_assay_type'), ('assays_horizontal_100_ac1_ev_source', 'assay_category'))": 1,
    "(('assays_horizontal_100_ac1_ev_target', 'assays_assay_type'), ('assays_horizontal_100_ac1_ev_source', 'src_assay_id'))": 1,
    "(('assays_horizontal_100_ac1_ev_target', 'assays_assay_tax_id'), ('assays_horizontal_100_ac1_ev_source', 'assay_type'))": 1,
    "(('assays_horizontal_100_ac1_ev_target', 'assays_assay_tax_id'), ('assays_horizontal_100_ac1_ev_source', 'assay_id'))": 1,
    "(('assays_horizontal_100_ac1_ev_target', 'assays_assay_tax_id'), ('assays_horizontal_100_ac1_ev_source', 'assay_category'))": 1,
    "(('assays_horizontal_100_ac1_ev_target', 'assays_assay_tax_id'), ('assays_horizontal_100_ac1_ev_source', 'src_assay_id'))": 1,
    "(('assays_horizontal_100_ac1_ev_target', 'assays_assay_id'), ('assays_horizontal_100_ac1_ev_source', 'assay_type'))": 1,
    "(('assays_horizontal_100_ac1_ev_target', 'assays_assay_id'), ('assays_horizontal_100_ac1_ev_source', 'assay_id'))": 1,
    "(('assays_horizontal_100_ac1_ev_target', 'assays_assay_id'), ('assays_horizontal_100_ac1_ev_source', 'assay_category'))": 1,
    "(('assays_horizontal_100_ac1_ev_target', 'assays_assay_id'), ('assays_horizontal_100_ac1_ev_source', 'src_assay_id'))": 1,
    "(('assays_horizontal_100_ac1_ev_target', 'assays_assay_category'), ('assays_horizontal_100_ac1_ev_source', 'assay_type'))": 1,
    "(('assays_horizontal_100_ac1_ev_target', 'assays_assay_category'), ('assays_horizontal_100_ac1_ev_source', 'assay_id'))": 1,
    "(('assays_horizontal_100_ac1_ev_target', 'assays_assay_category'), ('assays_horizontal_100_ac1_ev_source', 'assay_category'))": 1,
    "(('assays_horizontal_100_ac1_ev_target', 'assays_assay_category'), ('assays_horizontal_100_ac1_ev_source', 'src_assay_id'))": 1,
    "(('assays_horizontal_100_ac1_ev_target', 'assays_src_assay_id'), ('assays_horizontal_100_ac1_ev_source', 'assay_type'))": 1,
    "(('assays_horizontal_100_ac1_ev_target', 'assays_src_assay_id'), ('assays_horizontal_100_ac1_ev_source', 'assay_id'))": 1,
    "(('assays_horizontal_100_ac1_ev_target', 'assays_src_assay_id'), ('assays_horizontal_100_ac1_ev_source', 'assay_category'))": 1,
    "(('assays_horizontal_100_ac1_ev_target', 'assays_src_assay_id'), ('assays_horizontal_100_ac1_ev_source', 'src_assay_id'))": 1
  },
  "metrics": {
    "precision": 0.2,
    "recall": 0.17391304347826086,
    "f1_score": 0.18604651162790697,
    "precision_at_10_percent": 0.5,
    "precision_at_20_percent": 0.25,
    "precision_at_30_percent": 0.16666666666666666,
    "precision_at_40_percent": 0.125,
    "precision_at_50_percent": 0.2,
    "precision_at_60_percent": 0.16666666666666666,
    "precision_at_70_percent": 0.14285714285714285,
    "precision_at_80_percent": 0.1875,
    "precision_at_90_percent": 0.16666666666666666,
    "recall_at_sizeof_ground_truth": 0.17391304347826086
  },
  "run_times": {
    "total_time": 727.4381410390001,
    "algorithm_time": 727.438119528
  }
}