{
  "name": "assays_both_0_1_ac1_ev__SemProp{'minhash_sim_threshold': 0.3, 'semantic_sim_threshold': 0.4, 'coh_sem_sim_threshold': 0.4}",
  "matches": {
    "(('assays_both_0_1_ac1_ev_source', 'assay_type'), ('assays_both_0_1_ac1_ev_target', 'assays_assay_id'))": 1,
    "(('assays_both_0_1_ac1_ev_source', 'assay_id'), ('assays_both_0_1_ac1_ev_target', 'assays_assay_id'))": 1,
    "(('assays_both_0_1_ac1_ev_source', 'assay_category'), ('assays_both_0_1_ac1_ev_target', 'assays_assay_id'))": 1
  },
  "metrics": {
    "precision": 0.3333333333333333,
    "recall": 1.0,
    "f1_score": 0.5,
    "precision_at_10_percent": 0.0,
    "precision_at_20_percent": 0.0,
    "precision_at_30_percent": 0.0,
    "precision_at_40_percent": 0.5,
    "precision_at_50_percent": 0.5,
    "precision_at_60_percent": 0.5,
    "precision_at_70_percent": 0.3333333333333333,
    "precision_at_80_percent": 0.3333333333333333,
    "precision_at_90_percent": 0.3333333333333333,
    "recall_at_sizeof_ground_truth": 0.0
  },
  "run_times": {
    "total_time": 1328.3406362719998,
    "algorithm_time": 1328.3406155289995
  }
}