{
  "name": "assays_horizontal_0_ac4_ev__SemProp{'minhash_sim_threshold': 0.3, 'semantic_sim_threshold': 0.4, 'coh_sem_sim_threshold': 0.2}",
  "matches": {
    "(('assays_horizontal_0_ac4_ev_source', 'assay_id'), ('assays_horizontal_0_ac4_ev_target', 'assays_ASST'))": 1,
    "(('assays_horizontal_0_ac4_ev_source', 'assay_id'), ('assays_horizontal_0_ac4_ev_target', 'assays_Ti'))": 1,
    "(('assays_horizontal_0_ac4_ev_source', 'assay_id'), ('assays_horizontal_0_ac4_ev_target', 'assays_ASTI'))": 1,
    "(('assays_horizontal_0_ac4_ev_source', 'assay_category'), ('assays_horizontal_0_ac4_ev_target', 'assays_ASST'))": 1,
    "(('assays_horizontal_0_ac4_ev_source', 'assay_category'), ('assays_horizontal_0_ac4_ev_target', 'assays_Ti'))": 1,
    "(('assays_horizontal_0_ac4_ev_source', 'assay_category'), ('assays_horizontal_0_ac4_ev_target', 'assays_ASTI'))": 1,
    "(('assays_horizontal_0_ac4_ev_source', 'assay_type'), ('assays_horizontal_0_ac4_ev_target', 'assays_ASST'))": 1,
    "(('assays_horizontal_0_ac4_ev_source', 'assay_type'), ('assays_horizontal_0_ac4_ev_target', 'assays_Ti'))": 1,
    "(('assays_horizontal_0_ac4_ev_source', 'assay_type'), ('assays_horizontal_0_ac4_ev_target', 'assays_ASTI'))": 1,
    "(('assays_horizontal_0_ac4_ev_source', 'src_assay_id'), ('assays_horizontal_0_ac4_ev_target', 'assays_ASST'))": 1,
    "(('assays_horizontal_0_ac4_ev_source', 'src_assay_id'), ('assays_horizontal_0_ac4_ev_target', 'assays_Ti'))": 1,
    "(('assays_horizontal_0_ac4_ev_source', 'src_assay_id'), ('assays_horizontal_0_ac4_ev_target', 'assays_ASTI'))": 1
  },
  "metrics": {
    "precision": 0.08333333333333333,
    "recall": 0.043478260869565216,
    "f1_score": 0.057142857142857134,
    "precision_at_10_percent": 0.0,
    "precision_at_20_percent": 0.0,
    "precision_at_30_percent": 0.0,
    "precision_at_40_percent": 0.0,
    "precision_at_50_percent": 0.0,
    "precision_at_60_percent": 0.125,
    "precision_at_70_percent": 0.1111111111111111,
    "precision_at_80_percent": 0.1,
    "precision_at_90_percent": 0.09090909090909091,
    "recall_at_sizeof_ground_truth": 0.043478260869565216
  },
  "run_times": {
    "total_time": 658.9117386760008,
    "algorithm_time": 658.9117180689991
  }
}