{
  "name": "assays_horizontal_0_ec_ev__SemProp{'minhash_sim_threshold': 0.3, 'semantic_sim_threshold': 0.5, 'coh_sem_sim_threshold': 0.4}",
  "matches": {
    "(('assays_horizontal_0_ec_ev_target', 'assay_id'), ('assays_horizontal_0_ec_ev_source', 'assay_id'))": 1,
    "(('assays_horizontal_0_ec_ev_target', 'assay_id'), ('assays_horizontal_0_ec_ev_source', 'assay_type'))": 1,
    "(('assays_horizontal_0_ec_ev_target', 'assay_id'), ('assays_horizontal_0_ec_ev_source', 'assay_strain'))": 1,
    "(('assays_horizontal_0_ec_ev_target', 'assay_id'), ('assays_horizontal_0_ec_ev_source', 'assay_category'))": 1,
    "(('assays_horizontal_0_ec_ev_target', 'assay_id'), ('assays_horizontal_0_ec_ev_source', 'src_assay_id'))": 1,
    "(('assays_horizontal_0_ec_ev_target', 'assay_type'), ('assays_horizontal_0_ec_ev_source', 'assay_id'))": 1,
    "(('assays_horizontal_0_ec_ev_target', 'assay_type'), ('assays_horizontal_0_ec_ev_source', 'assay_type'))": 1,
    "(('assays_horizontal_0_ec_ev_target', 'assay_type'), ('assays_horizontal_0_ec_ev_source', 'assay_strain'))": 1,
    "(('assays_horizontal_0_ec_ev_target', 'assay_type'), ('assays_horizontal_0_ec_ev_source', 'assay_category'))": 1,
    "(('assays_horizontal_0_ec_ev_target', 'assay_type'), ('assays_horizontal_0_ec_ev_source', 'src_assay_id'))": 1,
    "(('assays_horizontal_0_ec_ev_target', 'assay_category'), ('assays_horizontal_0_ec_ev_source', 'assay_id'))": 1,
    "(('assays_horizontal_0_ec_ev_target', 'assay_category'), ('assays_horizontal_0_ec_ev_source', 'assay_type'))": 1,
    "(('assays_horizontal_0_ec_ev_target', 'assay_category'), ('assays_horizontal_0_ec_ev_source', 'assay_strain'))": 1,
    "(('assays_horizontal_0_ec_ev_target', 'assay_category'), ('assays_horizontal_0_ec_ev_source', 'assay_category'))": 1,
    "(('assays_horizontal_0_ec_ev_target', 'assay_category'), ('assays_horizontal_0_ec_ev_source', 'src_assay_id'))": 1,
    "(('assays_horizontal_0_ec_ev_target', 'src_assay_id'), ('assays_horizontal_0_ec_ev_source', 'assay_id'))": 1,
    "(('assays_horizontal_0_ec_ev_target', 'src_assay_id'), ('assays_horizontal_0_ec_ev_source', 'assay_type'))": 1,
    "(('assays_horizontal_0_ec_ev_target', 'src_assay_id'), ('assays_horizontal_0_ec_ev_source', 'assay_strain'))": 1,
    "(('assays_horizontal_0_ec_ev_target', 'src_assay_id'), ('assays_horizontal_0_ec_ev_source', 'assay_category'))": 1,
    "(('assays_horizontal_0_ec_ev_target', 'src_assay_id'), ('assays_horizontal_0_ec_ev_source', 'src_assay_id'))": 1,
    "(('assays_horizontal_0_ec_ev_target', 'assay_strain'), ('assays_horizontal_0_ec_ev_source', 'assay_id'))": 1,
    "(('assays_horizontal_0_ec_ev_target', 'assay_strain'), ('assays_horizontal_0_ec_ev_source', 'assay_type'))": 1,
    "(('assays_horizontal_0_ec_ev_target', 'assay_strain'), ('assays_horizontal_0_ec_ev_source', 'assay_strain'))": 1,
    "(('assays_horizontal_0_ec_ev_target', 'assay_strain'), ('assays_horizontal_0_ec_ev_source', 'assay_category'))": 1,
    "(('assays_horizontal_0_ec_ev_target', 'assay_strain'), ('assays_horizontal_0_ec_ev_source', 'src_assay_id'))": 1,
    "(('assays_horizontal_0_ec_ev_target', 'cell_id'), ('assays_horizontal_0_ec_ev_source', 'cell_id'))": 1,
    "(('assays_horizontal_0_ec_ev_target', 'tid'), ('assays_horizontal_0_ec_ev_source', 'tid'))": 1
  },
  "metrics": {
    "precision": 0.25925925925925924,
    "recall": 0.30434782608695654,
    "f1_score": 0.27999999999999997,
    "precision_at_10_percent": 0.3333333333333333,
    "precision_at_20_percent": 0.16666666666666666,
    "precision_at_30_percent": 0.2222222222222222,
    "precision_at_40_percent": 0.18181818181818182,
    "precision_at_50_percent": 0.21428571428571427,
    "precision_at_60_percent": 0.17647058823529413,
    "precision_at_70_percent": 0.15789473684210525,
    "precision_at_80_percent": 0.18181818181818182,
    "precision_at_90_percent": 0.2,
    "recall_at_sizeof_ground_truth": 0.21739130434782608
  },
  "run_times": {
    "total_time": 702.0868083589994,
    "algorithm_time": 702.0867847879999
  }
}