{
  "name": "assays_horizontal_0_ac4_av__SemProp{'minhash_sim_threshold': 0.3, 'semantic_sim_threshold': 0.6, 'coh_sem_sim_threshold': 0.4}",
  "matches": {
    "(('assays_horizontal_0_ac4_av_source', 'assay_type'), ('assays_horizontal_0_ac4_av_target', 'assays_ASTET'))": 1,
    "(('assays_horizontal_0_ac4_av_source', 'assay_type'), ('assays_horizontal_0_ac4_av_target', 'assays_ASSTI'))": 1,
    "(('assays_horizontal_0_ac4_av_source', 'assay_type'), ('assays_horizontal_0_ac4_av_target', 'assays_RELATT'))": 1,
    "(('assays_horizontal_0_ac4_av_source', 'assay_type'), ('assays_horizontal_0_ac4_av_target', 'assays_CONSC'))": 1,
    "(('assays_horizontal_0_ac4_av_source', 'assay_type'), ('assays_horizontal_0_ac4_av_target', 'assays_CURAB'))": 1,
    "(('assays_horizontal_0_ac4_av_source', 'assay_type'), ('assays_horizontal_0_ac4_av_target', 'assays_ASSCAT'))": 1,
    "(('assays_horizontal_0_ac4_av_source', 'assay_type'), ('assays_horizontal_0_ac4_av_target', 'assays_ASCET'))": 1,
    "(('assays_horizontal_0_ac4_av_source', 'assay_type'), ('assays_horizontal_0_ac4_av_target', 'assays_SRASSI'))": 1,
    "(('assays_horizontal_0_ac4_av_source', 'assay_strain'), ('assays_horizontal_0_ac4_av_target', 'assays_ASTET'))": 1,
    "(('assays_horizontal_0_ac4_av_source', 'assay_strain'), ('assays_horizontal_0_ac4_av_target', 'assays_ASSTI'))": 1,
    "(('assays_horizontal_0_ac4_av_source', 'assay_strain'), ('assays_horizontal_0_ac4_av_target', 'assays_RELATT'))": 1,
    "(('assays_horizontal_0_ac4_av_source', 'assay_strain'), ('assays_horizontal_0_ac4_av_target', 'assays_CONSC'))": 1,
    "(('assays_horizontal_0_ac4_av_source', 'assay_strain'), ('assays_horizontal_0_ac4_av_target', 'assays_CURAB'))": 1,
    "(('assays_horizontal_0_ac4_av_source', 'assay_strain'), ('assays_horizontal_0_ac4_av_target', 'assays_ASSCAT'))": 1,
    "(('assays_horizontal_0_ac4_av_source', 'assay_strain'), ('assays_horizontal_0_ac4_av_target', 'assays_ASCET'))": 1,
    "(('assays_horizontal_0_ac4_av_source', 'assay_strain'), ('assays_horizontal_0_ac4_av_target', 'assays_SRASSI'))": 1,
    "(('assays_horizontal_0_ac4_av_source', 'src_assay_id'), ('assays_horizontal_0_ac4_av_target', 'assays_ASTET'))": 1,
    "(('assays_horizontal_0_ac4_av_source', 'src_assay_id'), ('assays_horizontal_0_ac4_av_target', 'assays_ASSTI'))": 1,
    "(('assays_horizontal_0_ac4_av_source', 'src_assay_id'), ('assays_horizontal_0_ac4_av_target', 'assays_RELATT'))": 1,
    "(('assays_horizontal_0_ac4_av_source', 'src_assay_id'), ('assays_horizontal_0_ac4_av_target', 'assays_CONSC'))": 1,
    "(('assays_horizontal_0_ac4_av_source', 'src_assay_id'), ('assays_horizontal_0_ac4_av_target', 'assays_CURAB'))": 1,
    "(('assays_horizontal_0_ac4_av_source', 'src_assay_id'), ('assays_horizontal_0_ac4_av_target', 'assays_ASSCAT'))": 1,
    "(('assays_horizontal_0_ac4_av_source', 'src_assay_id'), ('assays_horizontal_0_ac4_av_target', 'assays_ASCET'))": 1,
    "(('assays_horizontal_0_ac4_av_source', 'src_assay_id'), ('assays_horizontal_0_ac4_av_target', 'assays_SRASSI'))": 1,
    "(('assays_horizontal_0_ac4_av_source', 'assay_category'), ('assays_horizontal_0_ac4_av_target', 'assays_ASTET'))": 1,
    "(('assays_horizontal_0_ac4_av_source', 'assay_category'), ('assays_horizontal_0_ac4_av_target', 'assays_ASSTI'))": 1,
    "(('assays_horizontal_0_ac4_av_source', 'assay_category'), ('assays_horizontal_0_ac4_av_target', 'assays_RELATT'))": 1,
    "(('assays_horizontal_0_ac4_av_source', 'assay_category'), ('assays_horizontal_0_ac4_av_target', 'assays_CONSC'))": 1,
    "(('assays_horizontal_0_ac4_av_source', 'assay_category'), ('assays_horizontal_0_ac4_av_target', 'assays_CURAB'))": 1,
    "(('assays_horizontal_0_ac4_av_source', 'assay_category'), ('assays_horizontal_0_ac4_av_target', 'assays_ASSCAT'))": 1,
    "(('assays_horizontal_0_ac4_av_source', 'assay_category'), ('assays_horizontal_0_ac4_av_target', 'assays_ASCET'))": 1,
    "(('assays_horizontal_0_ac4_av_source', 'assay_category'), ('assays_horizontal_0_ac4_av_target', 'assays_SRASSI'))": 1,
    "(('assays_horizontal_0_ac4_av_source', 'assay_id'), ('assays_horizontal_0_ac4_av_target', 'assays_ASTET'))": 1,
    "(('assays_horizontal_0_ac4_av_source', 'assay_id'), ('assays_horizontal_0_ac4_av_target', 'assays_ASSTI'))": 1,
    "(('assays_horizontal_0_ac4_av_source', 'assay_id'), ('assays_horizontal_0_ac4_av_target', 'assays_RELATT'))": 1,
    "(('assays_horizontal_0_ac4_av_source', 'assay_id'), ('assays_horizontal_0_ac4_av_target', 'assays_CONSC'))": 1,
    "(('assays_horizontal_0_ac4_av_source', 'assay_id'), ('assays_horizontal_0_ac4_av_target', 'assays_CURAB'))": 1,
    "(('assays_horizontal_0_ac4_av_source', 'assay_id'), ('assays_horizontal_0_ac4_av_target', 'assays_ASSCAT'))": 1,
    "(('assays_horizontal_0_ac4_av_source', 'assay_id'), ('assays_horizontal_0_ac4_av_target', 'assays_ASCET'))": 1,
    "(('assays_horizontal_0_ac4_av_source', 'assay_id'), ('assays_horizontal_0_ac4_av_target', 'assays_SRASSI'))": 1
  },
  "metrics": {
    "precision": 0.05,
    "recall": 0.08695652173913043,
    "f1_score": 0.0634920634920635,
    "precision_at_10_percent": 0.0,
    "precision_at_20_percent": 0.0,
    "precision_at_30_percent": 0.0,
    "precision_at_40_percent": 0.0,
    "precision_at_50_percent": 0.0,
    "precision_at_60_percent": 0.041666666666666664,
    "precision_at_70_percent": 0.03571428571428571,
    "precision_at_80_percent": 0.0625,
    "precision_at_90_percent": 0.05555555555555555,
    "recall_at_sizeof_ground_truth": 0.0
  },
  "run_times": {
    "total_time": 679.1855817240012,
    "algorithm_time": 679.1855490970011
  }
}