{
  "name": "assays_vertical_30_ac4_av__SemProp{'minhash_sim_threshold': 0.2, 'semantic_sim_threshold': 0.4, 'coh_sem_sim_threshold': 0.4}",
  "matches": {
    "(('assays_vertical_30_ac4_av_source', 'assay_type'), ('assays_vertical_30_ac4_av_target', 'assays_CI'))": 1,
    "(('assays_vertical_30_ac4_av_source', 'assay_id'), ('assays_vertical_30_ac4_av_target', 'assays_CI'))": 1,
    "(('assays_vertical_30_ac4_av_source', 'assay_category'), ('assays_vertical_30_ac4_av_target', 'assays_CI'))": 1
  },
  "metrics": {
    "precision": 0.0,
    "recall": 0.0,
    "f1_score": 0,
    "precision_at_10_percent": 0.0,
    "precision_at_20_percent": 0.0,
    "precision_at_30_percent": 0.0,
    "precision_at_40_percent": 0.0,
    "precision_at_50_percent": 0.0,
    "precision_at_60_percent": 0.0,
    "precision_at_70_percent": 0.0,
    "precision_at_80_percent": 0.0,
    "precision_at_90_percent": 0.0,
    "recall_at_sizeof_ground_truth": 0.0
  },
  "run_times": {
    "total_time": 642.6109014039976,
    "algorithm_time": 642.610881018998
  }
}