{
  "name": "assays_vertical_50_ec_av__SemProp{'minhash_sim_threshold': 0.2, 'semantic_sim_threshold': 0.4, 'coh_sem_sim_threshold': 0.4}",
  "matches": {
    "(('assays_vertical_50_ec_av_source', 'assay_type'), ('assays_vertical_50_ec_av_target', 'assay_type'))": 1,
    "(('assays_vertical_50_ec_av_source', 'assay_type'), ('assays_vertical_50_ec_av_target', 'assay_category'))": 1,
    "(('assays_vertical_50_ec_av_source', 'assay_type'), ('assays_vertical_50_ec_av_target', 'assay_id'))": 1,
    "(('assays_vertical_50_ec_av_source', 'assay_type'), ('assays_vertical_50_ec_av_target', 'src_assay_id'))": 1,
    "(('assays_vertical_50_ec_av_source', 'assay_category'), ('assays_vertical_50_ec_av_target', 'assay_type'))": 1,
    "(('assays_vertical_50_ec_av_source', 'assay_category'), ('assays_vertical_50_ec_av_target', 'assay_category'))": 1,
    "(('assays_vertical_50_ec_av_source', 'assay_category'), ('assays_vertical_50_ec_av_target', 'assay_id'))": 1,
    "(('assays_vertical_50_ec_av_source', 'assay_category'), ('assays_vertical_50_ec_av_target', 'src_assay_id'))": 1,
    "(('assays_vertical_50_ec_av_source', 'src_assay_id'), ('assays_vertical_50_ec_av_target', 'assay_type'))": 1,
    "(('assays_vertical_50_ec_av_source', 'src_assay_id'), ('assays_vertical_50_ec_av_target', 'assay_category'))": 1,
    "(('assays_vertical_50_ec_av_source', 'src_assay_id'), ('assays_vertical_50_ec_av_target', 'assay_id'))": 1,
    "(('assays_vertical_50_ec_av_source', 'src_assay_id'), ('assays_vertical_50_ec_av_target', 'src_assay_id'))": 1,
    "(('assays_vertical_50_ec_av_source', 'assay_id'), ('assays_vertical_50_ec_av_target', 'assay_type'))": 1,
    "(('assays_vertical_50_ec_av_source', 'assay_id'), ('assays_vertical_50_ec_av_target', 'assay_category'))": 1,
    "(('assays_vertical_50_ec_av_source', 'assay_id'), ('assays_vertical_50_ec_av_target', 'assay_id'))": 1,
    "(('assays_vertical_50_ec_av_source', 'assay_id'), ('assays_vertical_50_ec_av_target', 'src_assay_id'))": 1,
    "(('assays_vertical_50_ec_av_source', 'cell_id'), ('assays_vertical_50_ec_av_target', 'cell_id'))": 1
  },
  "metrics": {
    "precision": 0.29411764705882354,
    "recall": 0.45454545454545453,
    "f1_score": 0.35714285714285715,
    "precision_at_10_percent": 0.5,
    "precision_at_20_percent": 0.25,
    "precision_at_30_percent": 0.3333333333333333,
    "precision_at_40_percent": 0.2857142857142857,
    "precision_at_50_percent": 0.2222222222222222,
    "precision_at_60_percent": 0.18181818181818182,
    "precision_at_70_percent": 0.25,
    "precision_at_80_percent": 0.21428571428571427,
    "precision_at_90_percent": 0.25,
    "recall_at_sizeof_ground_truth": 0.18181818181818182
  },
  "run_times": {
    "total_time": 690.2316877560006,
    "algorithm_time": 690.2316665820035
  }
}