{
  "name": "assays_both_50_50_ec_ev__SemProp{'minhash_sim_threshold': 0.3, 'semantic_sim_threshold': 0.5, 'coh_sem_sim_threshold': 0.2}",
  "matches": {
    "(('assays_both_50_50_ec_ev_target', 'assay_id'), ('assays_both_50_50_ec_ev_source', 'src_assay_id'))": 1,
    "(('assays_both_50_50_ec_ev_target', 'assay_id'), ('assays_both_50_50_ec_ev_source', 'assay_type'))": 1,
    "(('assays_both_50_50_ec_ev_target', 'assay_id'), ('assays_both_50_50_ec_ev_source', 'assay_id'))": 1,
    "(('assays_both_50_50_ec_ev_target', 'assay_id'), ('assays_both_50_50_ec_ev_source', 'assay_category'))": 1,
    "(('assays_both_50_50_ec_ev_target', 'assay_id'), ('assays_both_50_50_ec_ev_source', 'assay_strain'))": 1,
    "(('assays_both_50_50_ec_ev_target', 'src_assay_id'), ('assays_both_50_50_ec_ev_source', 'src_assay_id'))": 1,
    "(('assays_both_50_50_ec_ev_target', 'src_assay_id'), ('assays_both_50_50_ec_ev_source', 'assay_type'))": 1,
    "(('assays_both_50_50_ec_ev_target', 'src_assay_id'), ('assays_both_50_50_ec_ev_source', 'assay_id'))": 1,
    "(('assays_both_50_50_ec_ev_target', 'src_assay_id'), ('assays_both_50_50_ec_ev_source', 'assay_category'))": 1,
    "(('assays_both_50_50_ec_ev_target', 'src_assay_id'), ('assays_both_50_50_ec_ev_source', 'assay_strain'))": 1,
    "(('assays_both_50_50_ec_ev_target', 'assay_strain'), ('assays_both_50_50_ec_ev_source', 'src_assay_id'))": 1,
    "(('assays_both_50_50_ec_ev_target', 'assay_strain'), ('assays_both_50_50_ec_ev_source', 'assay_type'))": 1,
    "(('assays_both_50_50_ec_ev_target', 'assay_strain'), ('assays_both_50_50_ec_ev_source', 'assay_id'))": 1,
    "(('assays_both_50_50_ec_ev_target', 'assay_strain'), ('assays_both_50_50_ec_ev_source', 'assay_category'))": 1,
    "(('assays_both_50_50_ec_ev_target', 'assay_strain'), ('assays_both_50_50_ec_ev_source', 'assay_strain'))": 1,
    "(('assays_both_50_50_ec_ev_target', 'cell_id'), ('assays_both_50_50_ec_ev_source', 'cell_id'))": 1,
    "(('assays_both_50_50_ec_ev_target', 'curated_by'), ('assays_both_50_50_ec_ev_source', 'curated_by'))": 1
  },
  "metrics": {
    "precision": 0.29411764705882354,
    "recall": 0.45454545454545453,
    "f1_score": 0.35714285714285715,
    "precision_at_10_percent": 0.0,
    "precision_at_20_percent": 0.25,
    "precision_at_30_percent": 0.3333333333333333,
    "precision_at_40_percent": 0.2857142857142857,
    "precision_at_50_percent": 0.2222222222222222,
    "precision_at_60_percent": 0.18181818181818182,
    "precision_at_70_percent": 0.16666666666666666,
    "precision_at_80_percent": 0.14285714285714285,
    "precision_at_90_percent": 0.25,
    "recall_at_sizeof_ground_truth": 0.18181818181818182
  },
  "run_times": {
    "total_time": 696.3253696150005,
    "algorithm_time": 696.3253455850008
  }
}