{
  "name": "assays_both_0_50_ac4_av__Cupid{'leaf_w_struct': 0.2, 'w_struct': 0, 'th_accept': 0.7, 'th_high': 0.6, 'th_low': 0.35, 'c_inc': 1.2, 'c_dec': 0.9, 'th_ns': 0.5}",
  "matches": {
    "(('assays_both_0_50_ac4_av_source', 'assay_type'), ('assays_both_0_50_ac4_av_target', 'assays_CURB'))": 0.8125,
    "(('assays_both_0_50_ac4_av_source', 'assay_id'), ('assays_both_0_50_ac4_av_target', 'assays_T'))": 0.7222222222222222,
    "(('assays_both_0_50_ac4_av_source', 'assay_id'), ('assays_both_0_50_ac4_av_target', 'assays_ASSI'))": 0.7166666666666666,
    "(('assays_both_0_50_ac4_av_source', 'assay_category'), ('assays_both_0_50_ac4_av_target', 'assays_ASSTTY'))": 0.7135416666666667
  },
  "metrics": {
    "precision": 0.0,
    "recall": 0.0,
    "f1_score": 0,
    "precision_at_10_percent": 0.0,
    "precision_at_20_percent": 0.0,
    "precision_at_30_percent": 0.0,
    "precision_at_40_percent": 0.0,
    "precision_at_50_percent": 0.0,
    "precision_at_60_percent": 0.3333333333333333,
    "precision_at_70_percent": 0.3333333333333333,
    "precision_at_80_percent": 0.25,
    "precision_at_90_percent": 0.25,
    "recall_at_sizeof_ground_truth": 0.09090909090909091
  },
  "run_times": {
    "total_time": 10.219097730000158,
    "algorithm_time": 10.21892064900021
  }
}