{
  "name": "miller2_both_0_50_ac4_av__Cupid{'leaf_w_struct': 0.2, 'w_struct': 0.4, 'th_accept': 0.7, 'th_high': 0.6, 'th_low': 0.35, 'c_inc': 1.2, 'c_dec': 0.9, 'th_ns': 0.5}",
  "matches": {
    "(('miller2_both_0_50_ac4_av_source', 'Division ID'), ('miller2_both_0_50_ac4_av_target', 'Section ID'))": 1.0,
    "(('miller2_both_0_50_ac4_av_source', 'Section ID'), ('miller2_both_0_50_ac4_av_target', 'Section ID'))": 1.0,
    "(('miller2_both_0_50_ac4_av_source', 'Branch ID'), ('miller2_both_0_50_ac4_av_target', 'Section ID'))": 0.9666666666666667,
    "(('miller2_both_0_50_ac4_av_source', 'Project number'), ('miller2_both_0_50_ac4_av_target', 'Section ID'))": 0.875,
    "(('miller2_both_0_50_ac4_av_source', 'CountryRegion name'), ('miller2_both_0_50_ac4_av_target', 'Section ID'))": 0.874871794871795,
    "(('miller2_both_0_50_ac4_av_source', 'Continent ID'), ('miller2_both_0_50_ac4_av_target', 'miller2_FCenID'))": 0.8642857142857143,
    "(('miller2_both_0_50_ac4_av_source', 'Section name'), ('miller2_both_0_50_ac4_av_target', 'Section ID'))": 0.8632352941176471,
    "(('miller2_both_0_50_ac4_av_source', 'Division ID'), ('miller2_both_0_50_ac4_av_target', 'miller2_OrganID'))": 0.8547899159663865,
    "(('miller2_both_0_50_ac4_av_source', 'Organisation type'), ('miller2_both_0_50_ac4_av_target', 'Section ID'))": 0.8523809523809525,
    "(('miller2_both_0_50_ac4_av_source', 'Division name'), ('miller2_both_0_50_ac4_av_target', 'Section ID'))": 0.8500000000000001,
    "(('miller2_both_0_50_ac4_av_source', 'Section ID'), ('miller2_both_0_50_ac4_av_target', 'miller2_OrganID'))": 0.8438095238095238,
    "(('miller2_both_0_50_ac4_av_source', 'Branch ID'), ('miller2_both_0_50_ac4_av_target', 'miller2_OrganID'))": 0.8438095238095238,
    "(('miller2_both_0_50_ac4_av_source', 'CFLI (marker)'), ('miller2_both_0_50_ac4_av_target', 'miller2_CFLI'))": 0.8285714285714285,
    "(('miller2_both_0_50_ac4_av_source', 'Fund centre name'), ('miller2_both_0_50_ac4_av_target', 'Section ID'))": 0.8113025210084034,
    "(('miller2_both_0_50_ac4_av_source', 'Organisation name'), ('miller2_both_0_50_ac4_av_target', 'Section ID'))": 0.8107142857142857,
    "(('miller2_both_0_50_ac4_av_source', 'Participatory development and good governance'), ('miller2_both_0_50_ac4_av_target', 'miller2_FCenID'))": 0.8092914438502674,
    "(('miller2_both_0_50_ac4_av_source', 'Project number'), ('miller2_both_0_50_ac4_av_target', 'miller2_OrganID'))": 0.808896103896104,
    "(('miller2_both_0_50_ac4_av_source', 'Sector ID'), ('miller2_both_0_50_ac4_av_target', 'miller2_ConID'))": 0.8038095238095239,
    "(('miller2_both_0_50_ac4_av_source', 'Branch name'), ('miller2_both_0_50_ac4_av_target', 'Section ID'))": 0.7979166666666666,
    "(('miller2_both_0_50_ac4_av_source', 'CFLI (marker)'), ('miller2_both_0_50_ac4_av_target', 'miller2_FCenID'))": 0.7898809523809525,
    "(('miller2_both_0_50_ac4_av_source', 'Regional program (marker)'), ('miller2_both_0_50_ac4_av_target', 'miller2_FCenID'))": 0.7875750300120048,
    "(('miller2_both_0_50_ac4_av_source', 'PBA type'), ('miller2_both_0_50_ac4_av_target', 'miller2_SeN'))": 0.7873949579831934,
    "(('miller2_both_0_50_ac4_av_source', 'Bilateral aid (international marker)'), ('miller2_both_0_50_ac4_av_target', 'miller2_FCenID'))": 0.7848992673992674,
    "(('miller2_both_0_50_ac4_av_source', 'Division ID'), ('miller2_both_0_50_ac4_av_target', 'miller2_DivID'))": 0.784642857142857,
    "(('miller2_both_0_50_ac4_av_source', 'CountryRegion name'), ('miller2_both_0_50_ac4_av_target', 'miller2_OrganID'))": 0.780952380952381,
    "(('miller2_both_0_50_ac4_av_source', 'Indigenous issues (marker)'), ('miller2_both_0_50_ac4_av_target', 'miller2_FCenID'))": 0.7804081632653062,
    "(('miller2_both_0_50_ac4_av_source', 'Sector name'), ('miller2_both_0_50_ac4_av_target', 'Section ID'))": 0.7793859649122807,
    "(('miller2_both_0_50_ac4_av_source', 'Fund centre ID'), ('miller2_both_0_50_ac4_av_target', 'miller2_FCenID'))": 0.7779711884753902,
    "(('miller2_both_0_50_ac4_av_source', 'Urban issues (marker)'), ('miller2_both_0_50_ac4_av_target', 'miller2_FCenID'))": 0.7775510204081633,
    "(('miller2_both_0_50_ac4_av_source', 'Continent ID'), ('miller2_both_0_50_ac4_av_target', 'miller2_ConID'))": 0.7771428571428571
  },
  "metrics": {
    "precision": 0.25,
    "recall": 0.04,
    "f1_score": 0.06896551724137932,
    "precision_at_10_percent": 0.3333333333333333,
    "precision_at_20_percent": 0.16666666666666666,
    "precision_at_30_percent": 0.1111111111111111,
    "precision_at_40_percent": 0.08333333333333333,
    "precision_at_50_percent": 0.13333333333333333,
    "precision_at_60_percent": 0.1111111111111111,
    "precision_at_70_percent": 0.09523809523809523,
    "precision_at_80_percent": 0.125,
    "precision_at_90_percent": 0.1111111111111111,
    "recall_at_sizeof_ground_truth": 0.12
  },
  "run_times": {
    "total_time": 22.954040910999538,
    "algorithm_time": 22.95380294700044
  }
}