{
  "name": "miller2_both_0_30_ac3_av__Cupid{'leaf_w_struct': 0, 'w_struct': 0.6, 'th_accept': 0.4, 'th_high': 0.6, 'th_low': 0.35, 'c_inc': 1.2, 'c_dec': 0.9, 'th_ns': 0.5}",
  "matches": {
    "(('miller2_both_0_30_ac3_av_source', 'Desertification (marker)'), ('miller2_both_0_30_ac3_av_target', 'dsrtfctn(mrkr)'))": 0.7666666666666666,
    "(('miller2_both_0_30_ac3_av_source', 'Status'), ('miller2_both_0_30_ac3_av_target', 'sctnd'))": 0.7666666666666666,
    "(('miller2_both_0_30_ac3_av_source', 'Climate change adaptation (marker)'), ('miller2_both_0_30_ac3_av_target', 'thsss(mrkr)'))": 0.7634920634920634,
    "(('miller2_both_0_30_ac3_av_source', 'Desertification (marker)'), ('miller2_both_0_30_ac3_av_target', 'thsss(mrkr)'))": 0.7615384615384615,
    "(('miller2_both_0_30_ac3_av_source', 'Trade development (marker)'), ('miller2_both_0_30_ac3_av_target', 'thsss(mrkr)'))": 0.7610389610389611
  },
  "metrics": {
    "precision": 0.3333333333333333,
    "recall": 0.06666666666666667,
    "f1_score": 0.1111111111111111,
    "precision_at_10_percent": 1.0,
    "precision_at_20_percent": 1.0,
    "precision_at_30_percent": 0.5,
    "precision_at_40_percent": 0.5,
    "precision_at_50_percent": 0.3333333333333333,
    "precision_at_60_percent": 0.3333333333333333,
    "precision_at_70_percent": 0.25,
    "precision_at_80_percent": 0.25,
    "precision_at_90_percent": 0.2,
    "recall_at_sizeof_ground_truth": 0.06666666666666667
  },
  "run_times": {
    "total_time": 11.741910516000644,
    "algorithm_time": 11.741710151000007
  }
}