{
  "name": "miller2_both_0_30_ac4_ev__Cupid{'leaf_w_struct': 0.2, 'w_struct': 0.2, 'th_accept': 0.8, 'th_high': 0.6, 'th_low': 0.35, 'c_inc': 1.2, 'c_dec': 0.9, 'th_ns': 0.5}",
  "matches": {
    "(('miller2_both_0_30_ac4_ev_source', 'Sector ID'), ('miller2_both_0_30_ac4_ev_target', 'Sector ID'))": 1.0,
    "(('miller2_both_0_30_ac4_ev_source', 'Fund centre ID'), ('miller2_both_0_30_ac4_ev_target', 'Sector ID'))": 0.8514285714285714
  },
  "metrics": {
    "precision": 1.0,
    "recall": 0.06666666666666667,
    "f1_score": 0.125,
    "precision_at_10_percent": 1.0,
    "precision_at_20_percent": 1.0,
    "precision_at_30_percent": 1.0,
    "precision_at_40_percent": 1.0,
    "precision_at_50_percent": 1.0,
    "precision_at_60_percent": 0.5,
    "precision_at_70_percent": 0.5,
    "precision_at_80_percent": 0.5,
    "precision_at_90_percent": 0.5,
    "recall_at_sizeof_ground_truth": 0.06666666666666667
  },
  "run_times": {
    "total_time": 23.863279158000296,
    "algorithm_time": 23.863050571000713
  }
}