{
  "name": "miller2_both_0_70_ac5_av__Cupid{'leaf_w_struct': 0.2, 'w_struct': 0.2, 'th_accept': 0.5, 'th_high': 0.6, 'th_low': 0.35, 'c_inc': 1.2, 'c_dec': 0.9, 'th_ns': 0.5}",
  "matches": {
    "(('miller2_both_0_70_ac5_av_source', 'CFLI (marker)'), ('miller2_both_0_70_ac5_av_target', 'miller2_cfl(mrkr)'))": 0.6685714285714286,
    "(('miller2_both_0_70_ac5_av_source', 'Youth issues (marker)'), ('miller2_both_0_70_ac5_av_target', 'miller2_thsss(mrkr)'))": 0.6126984126984127,
    "(('miller2_both_0_70_ac5_av_source', 'Climate change adaptation (marker)'), ('miller2_both_0_70_ac5_av_target', 'miller2_thsss(mrkr)'))": 0.5482993197278911,
    "(('miller2_both_0_70_ac5_av_source', 'Climate change mitigation (marker)'), ('miller2_both_0_70_ac5_av_target', 'miller2_thsss(mrkr)'))": 0.5387755102040817,
    "(('miller2_both_0_70_ac5_av_source', 'Biodiversity (marker)'), ('miller2_both_0_70_ac5_av_target', 'miller2_bdvrst(mrkr)'))": 0.5352380952380953,
    "(('miller2_both_0_70_ac5_av_source', 'Desertification (marker)'), ('miller2_both_0_70_ac5_av_target', 'miller2_dsrtfctn(mrkr)'))": 0.5352380952380953,
    "(('miller2_both_0_70_ac5_av_source', 'Bilateral aid (international marker)'), ('miller2_both_0_70_ac5_av_target', 'miller2_thsss(mrkr)'))": 0.5284780578898226,
    "(('miller2_both_0_70_ac5_av_source', 'Children issues (marker)'), ('miller2_both_0_70_ac5_av_target', 'miller2_chldrnsss(mrkr)'))": 0.5280423280423281,
    "(('miller2_both_0_70_ac5_av_source', 'Desertification (marker)'), ('miller2_both_0_70_ac5_av_target', 'miller2_thsss(mrkr)'))": 0.527032967032967,
    "(('miller2_both_0_70_ac5_av_source', 'Children issues (marker)'), ('miller2_both_0_70_ac5_av_target', 'miller2_thsss(mrkr)'))": 0.5238095238095237,
    "(('miller2_both_0_70_ac5_av_source', 'Branch ID'), ('miller2_both_0_70_ac5_av_target', 'miller2_brnchd'))": 0.519047619047619,
    "(('miller2_both_0_70_ac5_av_source', 'Biodiversity (marker)'), ('miller2_both_0_70_ac5_av_target', 'miller2_thsss(mrkr)'))": 0.5178021978021978,
    "(('miller2_both_0_70_ac5_av_source', 'CFLI (marker)'), ('miller2_both_0_70_ac5_av_target', 'miller2_chldrnsss(mrkr)'))": 0.5174603174603175,
    "(('miller2_both_0_70_ac5_av_source', 'Climate change mitigation (marker)'), ('miller2_both_0_70_ac5_av_target', 'miller2_chldrnsss(mrkr)'))": 0.5061224489795919,
    "(('miller2_both_0_70_ac5_av_source', 'Urban issues (marker)'), ('miller2_both_0_70_ac5_av_target', 'miller2_thsss(mrkr)'))": 0.506031746031746,
    "(('miller2_both_0_70_ac5_av_source', 'Gender equality (marker)'), ('miller2_both_0_70_ac5_av_target', 'miller2_thsss(mrkr)'))": 0.5051526251526252,
    "(('miller2_both_0_70_ac5_av_source', 'Biodiversity (marker)'), ('miller2_both_0_70_ac5_av_target', 'miller2_trddvlpmnt(mrkr)'))": 0.5019047619047619,
    "(('miller2_both_0_70_ac5_av_source', 'CFLI (marker)'), ('miller2_both_0_70_ac5_av_target', 'miller2_thsss(mrkr)'))": 0.5006593406593407
  },
  "metrics": {
    "precision": 1.0,
    "recall": 0.17142857142857143,
    "f1_score": 0.2926829268292683,
    "precision_at_10_percent": 1.0,
    "precision_at_20_percent": 0.5,
    "precision_at_30_percent": 0.6666666666666666,
    "precision_at_40_percent": 0.625,
    "precision_at_50_percent": 0.5555555555555556,
    "precision_at_60_percent": 0.5454545454545454,
    "precision_at_70_percent": 0.46153846153846156,
    "precision_at_80_percent": 0.4,
    "precision_at_90_percent": 0.35294117647058826,
    "recall_at_sizeof_ground_truth": 0.17142857142857143
  },
  "run_times": {
    "total_time": 19.650814122000156,
    "algorithm_time": 19.650575076999303
  }
}