{
  "name": "miller2_both_0_50_ac4_av__Cupid{'leaf_w_struct': 0.2, 'w_struct': 0, 'th_accept': 0.7, 'th_high': 0.6, 'th_low': 0.35, 'c_inc': 1.2, 'c_dec': 0.9, 'th_ns': 0.5}",
  "matches": {
    "(('miller2_both_0_50_ac4_av_source', 'Division ID'), ('miller2_both_0_50_ac4_av_target', 'Section ID'))": 1.0,
    "(('miller2_both_0_50_ac4_av_source', 'Section ID'), ('miller2_both_0_50_ac4_av_target', 'Section ID'))": 1.0,
    "(('miller2_both_0_50_ac4_av_source', 'Branch ID'), ('miller2_both_0_50_ac4_av_target', 'Section ID'))": 0.9444444444444444,
    "(('miller2_both_0_50_ac4_av_source', 'Project number'), ('miller2_both_0_50_ac4_av_target', 'Section ID'))": 0.7916666666666666,
    "(('miller2_both_0_50_ac4_av_source', 'CountryRegion name'), ('miller2_both_0_50_ac4_av_target', 'Section ID'))": 0.7914529914529916,
    "(('miller2_both_0_50_ac4_av_source', 'Section name'), ('miller2_both_0_50_ac4_av_target', 'Section ID'))": 0.7720588235294118,
    "(('miller2_both_0_50_ac4_av_source', 'Division ID'), ('miller2_both_0_50_ac4_av_target', 'miller2_OrganID'))": 0.7579831932773109,
    "(('miller2_both_0_50_ac4_av_source', 'Organisation type'), ('miller2_both_0_50_ac4_av_target', 'Section ID'))": 0.7539682539682541,
    "(('miller2_both_0_50_ac4_av_source', 'Division name'), ('miller2_both_0_50_ac4_av_target', 'Section ID'))": 0.7500000000000001,
    "(('miller2_both_0_50_ac4_av_source', 'Section ID'), ('miller2_both_0_50_ac4_av_target', 'miller2_OrganID'))": 0.7396825396825397,
    "(('miller2_both_0_50_ac4_av_source', 'Branch ID'), ('miller2_both_0_50_ac4_av_target', 'miller2_OrganID'))": 0.7396825396825397,
    "(('miller2_both_0_50_ac4_av_source', 'CFLI (marker)'), ('miller2_both_0_50_ac4_av_target', 'miller2_CFLI'))": 0.7142857142857143
  },
  "metrics": {
    "precision": 0.0,
    "recall": 0.0,
    "f1_score": 0,
    "precision_at_10_percent": 0.5,
    "precision_at_20_percent": 0.3333333333333333,
    "precision_at_30_percent": 0.25,
    "precision_at_40_percent": 0.2,
    "precision_at_50_percent": 0.16666666666666666,
    "precision_at_60_percent": 0.125,
    "precision_at_70_percent": 0.1111111111111111,
    "precision_at_80_percent": 0.1,
    "precision_at_90_percent": 0.09090909090909091,
    "recall_at_sizeof_ground_truth": 0.08
  },
  "run_times": {
    "total_time": 27.309161602999666,
    "algorithm_time": 27.308925974000886
  }
}