{
  "name": "miller2_both_50_70_ac4_ev__Cupid{'leaf_w_struct': 0.4, 'w_struct': 0.4, 'th_accept': 0.8, 'th_high': 0.6, 'th_low': 0.35, 'c_inc': 1.2, 'c_dec': 0.9, 'th_ns': 0.5}",
  "matches": {
    "(('miller2_both_50_70_ac4_ev_source', 'Sector ID'), ('miller2_both_50_70_ac4_ev_target', 'Sector ID'))": 1.0,
    "(('miller2_both_50_70_ac4_ev_source', 'Fund centre ID'), ('miller2_both_50_70_ac4_ev_target', 'Sector ID'))": 0.8885714285714286,
    "(('miller2_both_50_70_ac4_ev_source', 'Division ID'), ('miller2_both_50_70_ac4_ev_target', 'miller2_OrganID'))": 0.8547899159663865,
    "(('miller2_both_50_70_ac4_ev_source', 'Continent ID'), ('miller2_both_50_70_ac4_ev_target', 'miller2_FCeID'))": 0.8476190476190475,
    "(('miller2_both_50_70_ac4_ev_source', 'Section ID'), ('miller2_both_50_70_ac4_ev_target', 'miller2_OrganID'))": 0.8438095238095238,
    "(('miller2_both_50_70_ac4_ev_source', 'Branch ID'), ('miller2_both_50_70_ac4_ev_target', 'miller2_OrganID'))": 0.8438095238095238,
    "(('miller2_both_50_70_ac4_ev_source', 'Division ID'), ('miller2_both_50_70_ac4_ev_target', 'miller2_SecID'))": 0.8438095238095238,
    "(('miller2_both_50_70_ac4_ev_source', 'Section ID'), ('miller2_both_50_70_ac4_ev_target', 'miller2_SecID'))": 0.8339849624060149,
    "(('miller2_both_50_70_ac4_ev_source', 'Branch ID'), ('miller2_both_50_70_ac4_ev_target', 'miller2_SecID'))": 0.8339849624060149,
    "(('miller2_both_50_70_ac4_ev_source', 'CFLI (marker)'), ('miller2_both_50_70_ac4_ev_target', 'miller2_CFLI'))": 0.8285714285714285,
    "(('miller2_both_50_70_ac4_ev_source', 'Organisation ID'), ('miller2_both_50_70_ac4_ev_target', 'miller2_OrganID'))": 0.8285714285714285,
    "(('miller2_both_50_70_ac4_ev_source', 'PBA type'), ('miller2_both_50_70_ac4_ev_target', 'miller2_FCeN'))": 0.8202650290885585,
    "(('miller2_both_50_70_ac4_ev_source', 'Organisation ID'), ('miller2_both_50_70_ac4_ev_target', 'miller2_SecID'))": 0.8171428571428572,
    "(('miller2_both_50_70_ac4_ev_source', 'Organisation sub-class'), ('miller2_both_50_70_ac4_ev_target', 'miller2_SecN'))": 0.8133333333333334,
    "(('miller2_both_50_70_ac4_ev_source', 'Participatory development and good governance'), ('miller2_both_50_70_ac4_ev_target', 'miller2_FCeID'))": 0.8127005347593583,
    "(('miller2_both_50_70_ac4_ev_source', 'CIDA business delivery model (old)'), ('miller2_both_50_70_ac4_ev_target', 'miller2_FCeN'))": 0.809047619047619,
    "(('miller2_both_50_70_ac4_ev_source', 'Project number'), ('miller2_both_50_70_ac4_ev_target', 'miller2_OrganID'))": 0.808896103896104,
    "(('miller2_both_50_70_ac4_ev_source', 'Continent name'), ('miller2_both_50_70_ac4_ev_target', 'miller2_FCeN'))": 0.805982905982906,
    "(('miller2_both_50_70_ac4_ev_source', 'Knowledge for development (marker)'), ('miller2_both_50_70_ac4_ev_target', 'Sector ID'))": 0.8052012383900928,
    "(('miller2_both_50_70_ac4_ev_source', 'Organisation ID'), ('miller2_both_50_70_ac4_ev_target', 'miller2_BrID'))": 0.8048351648351648,
    "(('miller2_both_50_70_ac4_ev_source', 'Organisation sub-class'), ('miller2_both_50_70_ac4_ev_target', 'miller2_FCeN'))": 0.8018803418803417,
    "(('miller2_both_50_70_ac4_ev_source', 'Division ID'), ('miller2_both_50_70_ac4_ev_target', 'miller2_BrID'))": 0.8011428571428572,
    "(('miller2_both_50_70_ac4_ev_source', 'CIDA business delivery model (old)'), ('miller2_both_50_70_ac4_ev_target', 'miller2_SecN'))": 0.8002888655462184
  },
  "metrics": {
    "precision": 0.375,
    "recall": 0.08571428571428572,
    "f1_score": 0.1395348837209302,
    "precision_at_10_percent": 0.3333333333333333,
    "precision_at_20_percent": 0.2,
    "precision_at_30_percent": 0.14285714285714285,
    "precision_at_40_percent": 0.3,
    "precision_at_50_percent": 0.3333333333333333,
    "precision_at_60_percent": 0.2857142857142857,
    "precision_at_70_percent": 0.23529411764705882,
    "precision_at_80_percent": 0.21052631578947367,
    "precision_at_90_percent": 0.19047619047619047,
    "recall_at_sizeof_ground_truth": 0.11428571428571428
  },
  "run_times": {
    "total_time": 31.26282947299842,
    "algorithm_time": 31.262586337998073
  }
}