{
  "name": "miller2_both_0_30_ac1_av__Cupid{'leaf_w_struct': 0, 'w_struct': 0, 'th_accept': 0.8, 'th_high': 0.6, 'th_low': 0.35, 'c_inc': 1.2, 'c_dec': 0.9, 'th_ns': 0.5}",
  "matches": {
    "(('miller2_both_0_30_ac1_av_source', 'Knowledge for development (marker)'), ('miller2_both_0_30_ac1_av_target', 'miller2_KnowledgeForDevelopment(marker)'))": 0.927437641723356,
    "(('miller2_both_0_30_ac1_av_source', 'Indigenous issues (marker)'), ('miller2_both_0_30_ac1_av_target', 'miller2_IndigenousIssues(marker)'))": 0.9183673469387755,
    "(('miller2_both_0_30_ac1_av_source', 'Regional program (marker)'), ('miller2_both_0_30_ac1_av_target', 'miller2_RegionalProgram(marker)'))": 0.9183673469387755,
    "(('miller2_both_0_30_ac1_av_source', 'Gender equality (marker)'), ('miller2_both_0_30_ac1_av_target', 'miller2_GenderEquality(marker)'))": 0.9183673469387755,
    "(('miller2_both_0_30_ac1_av_source', 'Untied amount(Project-level budget)'), ('miller2_both_0_30_ac1_av_target', 'miller2_UntiedAmount(Project-levelBudget)'))": 0.9059829059829059,
    "(('miller2_both_0_30_ac1_av_source', 'CFLI (marker)'), ('miller2_both_0_30_ac1_av_target', 'miller2_CFLI(marker)'))": 0.8857142857142858,
    "(('miller2_both_0_30_ac1_av_source', 'Biodiversity (marker)'), ('miller2_both_0_30_ac1_av_target', 'miller2_Biodiversity(marker)'))": 0.8857142857142858,
    "(('miller2_both_0_30_ac1_av_source', 'Fund centre ID'), ('miller2_both_0_30_ac1_av_target', 'miller2_FundCentreID'))": 0.8775510204081632,
    "(('miller2_both_0_30_ac1_av_source', 'Fund centre name'), ('miller2_both_0_30_ac1_av_target', 'miller2_FundCentreName'))": 0.8775510204081632,
    "(('miller2_both_0_30_ac1_av_source', 'Project number'), ('miller2_both_0_30_ac1_av_target', 'miller2_ProjectNumber'))": 0.842857142857143,
    "(('miller2_both_0_30_ac1_av_source', 'Climate change adaptation (marker)'), ('miller2_both_0_30_ac1_av_target', 'miller2_TradeDevelopment(marker)'))": 0.8304945054945057,
    "(('miller2_both_0_30_ac1_av_source', 'Fiscal year'), ('miller2_both_0_30_ac1_av_target', 'miller2_FiscalYear'))": 0.8285714285714285,
    "(('miller2_both_0_30_ac1_av_source', 'Sector percent'), ('miller2_both_0_30_ac1_av_target', 'miller2_SectorPercent'))": 0.8285714285714285,
    "(('miller2_both_0_30_ac1_av_source', 'Division name'), ('miller2_both_0_30_ac1_av_target', 'miller2_DivisionName'))": 0.825,
    "(('miller2_both_0_30_ac1_av_source', 'Organisation sub-class'), ('miller2_both_0_30_ac1_av_target', 'miller2_OrganisationSub-class'))": 0.8222222222222222,
    "(('miller2_both_0_30_ac1_av_source', 'Climate change mitigation (marker)'), ('miller2_both_0_30_ac1_av_target', 'miller2_TradeDevelopment(marker)'))": 0.8179945054945056,
    "(('miller2_both_0_30_ac1_av_source', 'Knowledge for development (marker)'), ('miller2_both_0_30_ac1_av_target', 'miller2_TradeDevelopment(marker)'))": 0.8177179962894249,
    "(('miller2_both_0_30_ac1_av_source', 'Organisation type'), ('miller2_both_0_30_ac1_av_target', 'miller2_OrganisationType'))": 0.8166666666666668,
    "(('miller2_both_0_30_ac1_av_source', 'Section name'), ('miller2_both_0_30_ac1_av_target', 'miller2_DivisionName'))": 0.8142857142857143,
    "(('miller2_both_0_30_ac1_av_source', 'Climate change adaptation (marker)'), ('miller2_both_0_30_ac1_av_target', 'miller2_KnowledgeForDevelopment(marker)'))": 0.8054945054945056,
    "(('miller2_both_0_30_ac1_av_source', 'Section ID'), ('miller2_both_0_30_ac1_av_target', 'miller2_CountryRegionID'))": 0.8037240537240539,
    "(('miller2_both_0_30_ac1_av_source', 'Indigenous issues (marker)'), ('miller2_both_0_30_ac1_av_target', 'miller2_ChildrenIssues(marker)'))": 0.8037056928034373
  },
  "metrics": {
    "precision": 0.9333333333333333,
    "recall": 0.9333333333333333,
    "f1_score": 0.9333333333333333,
    "precision_at_10_percent": 1.0,
    "precision_at_20_percent": 1.0,
    "precision_at_30_percent": 1.0,
    "precision_at_40_percent": 1.0,
    "precision_at_50_percent": 0.9090909090909091,
    "precision_at_60_percent": 0.9285714285714286,
    "precision_at_70_percent": 0.875,
    "precision_at_80_percent": 0.8333333333333334,
    "precision_at_90_percent": 0.75,
    "recall_at_sizeof_ground_truth": 0.9333333333333333
  },
  "run_times": {
    "total_time": 32.356658889000755,
    "algorithm_time": 32.35642631200062
  }
}