{
  "name": "miller2_both_0_1_ac2_ev__Cupid{'leaf_w_struct': 0.6, 'w_struct': 0.2, 'th_accept': 0.7, 'th_high': 0.6, 'th_low': 0.35, 'c_inc': 1.2, 'c_dec': 0.9, 'th_ns': 0.5}",
  "matches": {
    "(('miller2_both_0_1_ac2_ev_source', 'Division ID'), ('miller2_both_0_1_ac2_ev_target', 'OrganID'))": 0.9294117647058824,
    "(('miller2_both_0_1_ac2_ev_source', 'Section ID'), ('miller2_both_0_1_ac2_ev_target', 'OrganID'))": 0.9111111111111112,
    "(('miller2_both_0_1_ac2_ev_source', 'PBA type'), ('miller2_both_0_1_ac2_ev_target', 'OrganN'))": 0.8823529411764708,
    "(('miller2_both_0_1_ac2_ev_source', 'Project number'), ('miller2_both_0_1_ac2_ev_target', 'OrganID'))": 0.8386363636363636,
    "(('miller2_both_0_1_ac2_ev_source', 'PBA type'), ('miller2_both_0_1_ac2_ev_target', 'SeN'))": 0.8313725490196078,
    "(('miller2_both_0_1_ac2_ev_source', 'Project number'), ('miller2_both_0_1_ac2_ev_target', 'OrganN'))": 0.8251748251748252,
    "(('miller2_both_0_1_ac2_ev_source', 'Fiscal year'), ('miller2_both_0_1_ac2_ev_target', 'OrganN'))": 0.8157575757575757,
    "(('miller2_both_0_1_ac2_ev_source', 'Branch ID'), ('miller2_both_0_1_ac2_ev_target', 'OrganID'))": 0.8155555555555556,
    "(('miller2_both_0_1_ac2_ev_source', 'CIDA business delivery model (old)'), ('miller2_both_0_1_ac2_ev_target', 'OrganN'))": 0.8076262083780881,
    "(('miller2_both_0_1_ac2_ev_source', 'Fund centre name'), ('miller2_both_0_1_ac2_ev_target', 'OrganN'))": 0.7759218559218559,
    "(('miller2_both_0_1_ac2_ev_source', 'Division name'), ('miller2_both_0_1_ac2_ev_target', 'OrganN'))": 0.7755656108597286,
    "(('miller2_both_0_1_ac2_ev_source', 'Fiscal year'), ('miller2_both_0_1_ac2_ev_target', 'SeN'))": 0.7706293706293708,
    "(('miller2_both_0_1_ac2_ev_source', 'Branch name'), ('miller2_both_0_1_ac2_ev_target', 'OrganN'))": 0.7675213675213675,
    "(('miller2_both_0_1_ac2_ev_source', 'Section name'), ('miller2_both_0_1_ac2_ev_target', 'OrganN'))": 0.7675213675213675,
    "(('miller2_both_0_1_ac2_ev_source', 'Fund centre ID'), ('miller2_both_0_1_ac2_ev_target', 'ConID'))": 0.7664985994397759,
    "(('miller2_both_0_1_ac2_ev_source', 'PBA type'), ('miller2_both_0_1_ac2_ev_target', 'ContN'))": 0.7647058823529411,
    "(('miller2_both_0_1_ac2_ev_source', 'Division name'), ('miller2_both_0_1_ac2_ev_target', 'OrganT'))": 0.7577342047930282,
    "(('miller2_both_0_1_ac2_ev_source', 'Section ID'), ('miller2_both_0_1_ac2_ev_target', 'PrBrCounID'))": 0.7514472455648928,
    "(('miller2_both_0_1_ac2_ev_source', 'Project number'), ('miller2_both_0_1_ac2_ev_target', 'OrganT'))": 0.7475935828877005,
    "(('miller2_both_0_1_ac2_ev_source', 'Fund centre ID'), ('miller2_both_0_1_ac2_ev_target', 'SeID'))": 0.7446439628482973,
    "(('miller2_both_0_1_ac2_ev_source', 'Section ID'), ('miller2_both_0_1_ac2_ev_target', 'CoReNa'))": 0.7443137254901961,
    "(('miller2_both_0_1_ac2_ev_source', 'Division ID'), ('miller2_both_0_1_ac2_ev_target', 'PrBrCounID'))": 0.7416666666666667,
    "(('miller2_both_0_1_ac2_ev_source', 'Section name'), ('miller2_both_0_1_ac2_ev_target', 'OrganT'))": 0.7333333333333334,
    "(('miller2_both_0_1_ac2_ev_source', 'Division ID'), ('miller2_both_0_1_ac2_ev_target', 'OrganT'))": 0.7192156862745098,
    "(('miller2_both_0_1_ac2_ev_source', 'CIDA business delivery model (old)'), ('miller2_both_0_1_ac2_ev_target', 'ContN'))": 0.7185034013605442,
    "(('miller2_both_0_1_ac2_ev_source', 'Division name'), ('miller2_both_0_1_ac2_ev_target', 'OrganID'))": 0.7183006535947711,
    "(('miller2_both_0_1_ac2_ev_source', 'Section name'), ('miller2_both_0_1_ac2_ev_target', 'OrganID'))": 0.7176470588235295,
    "(('miller2_both_0_1_ac2_ev_source', 'Section ID'), ('miller2_both_0_1_ac2_ev_target', 'OrganN'))": 0.715032679738562,
    "(('miller2_both_0_1_ac2_ev_source', 'Branch ID'), ('miller2_both_0_1_ac2_ev_target', 'PrBrCounID'))": 0.7138562091503269,
    "(('miller2_both_0_1_ac2_ev_source', 'CIDA business delivery model (old)'), ('miller2_both_0_1_ac2_ev_target', 'SeN'))": 0.7137414965986395,
    "(('miller2_both_0_1_ac2_ev_source', 'Branch name'), ('miller2_both_0_1_ac2_ev_target', 'SeN'))": 0.7128205128205127,
    "(('miller2_both_0_1_ac2_ev_source', 'Section name'), ('miller2_both_0_1_ac2_ev_target', 'SeN'))": 0.7128205128205127,
    "(('miller2_both_0_1_ac2_ev_source', 'Fund centre name'), ('miller2_both_0_1_ac2_ev_target', 'SeN'))": 0.7107692307692308,
    "(('miller2_both_0_1_ac2_ev_source', 'Fiscal year'), ('miller2_both_0_1_ac2_ev_target', 'ContN'))": 0.7090909090909092,
    "(('miller2_both_0_1_ac2_ev_source', 'Branch ID'), ('miller2_both_0_1_ac2_ev_target', 'CoReNa'))": 0.7041176470588235
  },
  "metrics": {
    "precision": 0.0,
    "recall": 0.0,
    "f1_score": 0,
    "precision_at_10_percent": 0.0,
    "precision_at_20_percent": 0.0,
    "precision_at_30_percent": 0.0,
    "precision_at_40_percent": 0.0,
    "precision_at_50_percent": 0.0,
    "precision_at_60_percent": 0.0,
    "precision_at_70_percent": 0.0,
    "precision_at_80_percent": 0.0,
    "precision_at_90_percent": 0.0,
    "recall_at_sizeof_ground_truth": 0.0
  },
  "run_times": {
    "total_time": 14.91675751999901,
    "algorithm_time": 14.916552781000064
  }
}