{
  "name": "miller2_both_50_1_ac2_av__Cupid{'leaf_w_struct': 0.2, 'w_struct': 0.4, 'th_accept': 0.7, 'th_high': 0.6, 'th_low': 0.35, 'c_inc': 1.2, 'c_dec': 0.9, 'th_ns': 0.5}",
  "matches": {
    "(('miller2_both_50_1_ac2_av_source', 'PBA type'), ('miller2_both_50_1_ac2_av_target', 'SeN'))": 0.8735294117647059,
    "(('miller2_both_50_1_ac2_av_source', 'PBA type'), ('miller2_both_50_1_ac2_av_target', 'OrgaN'))": 0.8422794117647059,
    "(('miller2_both_50_1_ac2_av_source', 'Fiscal year'), ('miller2_both_50_1_ac2_av_target', 'SeN'))": 0.827972027972028,
    "(('miller2_both_50_1_ac2_av_source', 'Section ID'), ('miller2_both_50_1_ac2_av_target', 'CounReID'))": 0.8203781512605042,
    "(('miller2_both_50_1_ac2_av_source', 'Fund centre ID'), ('miller2_both_50_1_ac2_av_target', 'SecID'))": 0.8173824936673233,
    "(('miller2_both_50_1_ac2_av_source', 'Section ID'), ('miller2_both_50_1_ac2_av_target', 'PrBrCounID'))": 0.8135854341736695,
    "(('miller2_both_50_1_ac2_av_source', 'Participatory development and good governance'), ('miller2_both_50_1_ac2_av_target', 'KnoFDevel'))": 0.8090909090909091,
    "(('miller2_both_50_1_ac2_av_source', 'Division ID'), ('miller2_both_50_1_ac2_av_target', 'PrBrCounID'))": 0.80625,
    "(('miller2_both_50_1_ac2_av_source', 'Fund centre ID'), ('miller2_both_50_1_ac2_av_target', 'ContID'))": 0.8005882352941177,
    "(('miller2_both_50_1_ac2_av_source', 'Fiscal year'), ('miller2_both_50_1_ac2_av_target', 'OrgaN'))": 0.7943181818181817,
    "(('miller2_both_50_1_ac2_av_source', 'Bilateral aid (international marker)'), ('miller2_both_50_1_ac2_av_target', 'KnoFDevel'))": 0.7914285714285714,
    "(('miller2_both_50_1_ac2_av_source', 'CIDA business delivery model (old)'), ('miller2_both_50_1_ac2_av_target', 'OrgaN'))": 0.788877551020408,
    "(('miller2_both_50_1_ac2_av_source', 'Section ID'), ('miller2_both_50_1_ac2_av_target', 'OrganiID'))": 0.7882352941176471,
    "(('miller2_both_50_1_ac2_av_source', 'Branch ID'), ('miller2_both_50_1_ac2_av_target', 'OrganiID'))": 0.7875,
    "(('miller2_both_50_1_ac2_av_source', 'Branch ID'), ('miller2_both_50_1_ac2_av_target', 'PrBrCounID'))": 0.7853921568627451,
    "(('miller2_both_50_1_ac2_av_source', 'CIDA business delivery model (old)'), ('miller2_both_50_1_ac2_av_target', 'SeN'))": 0.7853061224489795,
    "(('miller2_both_50_1_ac2_av_source', 'Division ID'), ('miller2_both_50_1_ac2_av_target', 'OrganiID'))": 0.784375,
    "(('miller2_both_50_1_ac2_av_source', 'Division ID'), ('miller2_both_50_1_ac2_av_target', 'CounReID'))": 0.784375
  },
  "metrics": {
    "precision": 0.0,
    "recall": 0.0,
    "f1_score": 0,
    "precision_at_10_percent": 0.0,
    "precision_at_20_percent": 0.0,
    "precision_at_30_percent": 0.0,
    "precision_at_40_percent": 0.0,
    "precision_at_50_percent": 0.0,
    "precision_at_60_percent": 0.0,
    "precision_at_70_percent": 0.0,
    "precision_at_80_percent": 0.0,
    "precision_at_90_percent": 0.0,
    "recall_at_sizeof_ground_truth": 0.0
  },
  "run_times": {
    "total_time": 13.528292176999457,
    "algorithm_time": 13.528102233998652
  }
}