{
  "name": "miller2_horizontal_0_ac2_ev__Cupid{'leaf_w_struct': 0.2, 'w_struct': 0, 'th_accept': 0.7, 'th_high': 0.6, 'th_low': 0.35, 'c_inc': 1.2, 'c_dec': 0.9, 'th_ns': 0.5}",
  "matches": {
    "(('miller2_horizontal_0_ac2_ev_source', 'Sector ID'), ('miller2_horizontal_0_ac2_ev_target', 'Sector ID'))": 1.0,
    "(('miller2_horizontal_0_ac2_ev_source', 'Organisation sub-class'), ('miller2_horizontal_0_ac2_ev_target', 'SecN'))": 0.8333333333333333,
    "(('miller2_horizontal_0_ac2_ev_source', 'Fund centre ID'), ('miller2_horizontal_0_ac2_ev_target', 'Sector ID'))": 0.8142857142857143,
    "(('miller2_horizontal_0_ac2_ev_source', 'CountryRegion ID'), ('miller2_horizontal_0_ac2_ev_target', 'BrID'))": 0.808888888888889,
    "(('miller2_horizontal_0_ac2_ev_source', 'Organisation ID'), ('miller2_horizontal_0_ac2_ev_target', 'BrID'))": 0.8076923076923077,
    "(('miller2_horizontal_0_ac2_ev_source', 'Division ID'), ('miller2_horizontal_0_ac2_ev_target', 'BrID'))": 0.8000000000000002,
    "(('miller2_horizontal_0_ac2_ev_source', 'Organisation type'), ('miller2_horizontal_0_ac2_ev_target', 'SecN'))": 0.7892156862745098,
    "(('miller2_horizontal_0_ac2_ev_source', 'Section ID'), ('miller2_horizontal_0_ac2_ev_target', 'BrID'))": 0.7803921568627451,
    "(('miller2_horizontal_0_ac2_ev_source', 'Fiscal year'), ('miller2_horizontal_0_ac2_ev_target', 'SecN'))": 0.7727272727272727,
    "(('miller2_horizontal_0_ac2_ev_source', 'Division ID'), ('miller2_horizontal_0_ac2_ev_target', 'DiviID'))": 0.765625,
    "(('miller2_horizontal_0_ac2_ev_source', 'CountryRegion ID'), ('miller2_horizontal_0_ac2_ev_target', 'SeID'))": 0.7616161616161616,
    "(('miller2_horizontal_0_ac2_ev_source', 'CountryRegion ID'), ('miller2_horizontal_0_ac2_ev_target', 'CounRegID'))": 0.7526455026455027,
    "(('miller2_horizontal_0_ac2_ev_source', 'Organisation ID'), ('miller2_horizontal_0_ac2_ev_target', 'OrgID'))": 0.7470238095238094,
    "(('miller2_horizontal_0_ac2_ev_source', 'Continent ID'), ('miller2_horizontal_0_ac2_ev_target', 'Sector ID'))": 0.7460317460317459,
    "(('miller2_horizontal_0_ac2_ev_source', 'Branch ID'), ('miller2_horizontal_0_ac2_ev_target', 'BrID'))": 0.7426470588235293,
    "(('miller2_horizontal_0_ac2_ev_source', 'CountryRegion ID'), ('miller2_horizontal_0_ac2_ev_target', 'DiviID'))": 0.7388888888888889,
    "(('miller2_horizontal_0_ac2_ev_source', 'Section ID'), ('miller2_horizontal_0_ac2_ev_target', 'SeID'))": 0.7379679144385027,
    "(('miller2_horizontal_0_ac2_ev_source', 'CountryRegion ID'), ('miller2_horizontal_0_ac2_ev_target', 'OrgID'))": 0.7317460317460318,
    "(('miller2_horizontal_0_ac2_ev_source', 'Division name'), ('miller2_horizontal_0_ac2_ev_target', 'SecN'))": 0.7302350427350427,
    "(('miller2_horizontal_0_ac2_ev_source', 'Organisation ID'), ('miller2_horizontal_0_ac2_ev_target', 'SeID'))": 0.7261904761904762,
    "(('miller2_horizontal_0_ac2_ev_source', 'Continent ID'), ('miller2_horizontal_0_ac2_ev_target', 'ConID'))": 0.71875,
    "(('miller2_horizontal_0_ac2_ev_source', 'CountryRegion ID'), ('miller2_horizontal_0_ac2_ev_target', 'ProjBrowCouID'))": 0.7118437118437119,
    "(('miller2_horizontal_0_ac2_ev_source', 'Section name'), ('miller2_horizontal_0_ac2_ev_target', 'SecN'))": 0.7097672064777328,
    "(('miller2_horizontal_0_ac2_ev_source', 'Section ID'), ('miller2_horizontal_0_ac2_ev_target', 'DiviID'))": 0.7095588235294118,
    "(('miller2_horizontal_0_ac2_ev_source', 'Division ID'), ('miller2_horizontal_0_ac2_ev_target', 'SeID'))": 0.7083333333333333,
    "(('miller2_horizontal_0_ac2_ev_source', 'PBA type'), ('miller2_horizontal_0_ac2_ev_target', 'SecN'))": 0.7058823529411764,
    "(('miller2_horizontal_0_ac2_ev_source', 'PBA type'), ('miller2_horizontal_0_ac2_ev_target', 'ConN'))": 0.7058823529411764,
    "(('miller2_horizontal_0_ac2_ev_source', 'CIDA business delivery model (old)'), ('miller2_horizontal_0_ac2_ev_target', 'SecN'))": 0.7054821928771507,
    "(('miller2_horizontal_0_ac2_ev_source', 'Organisation ID'), ('miller2_horizontal_0_ac2_ev_target', 'DiviID'))": 0.7053571428571428,
    "(('miller2_horizontal_0_ac2_ev_source', 'Sector ID'), ('miller2_horizontal_0_ac2_ev_target', 'ConID'))": 0.7013888888888888
  },
  "metrics": {
    "precision": 0.625,
    "recall": 0.09803921568627451,
    "f1_score": 0.1694915254237288,
    "precision_at_10_percent": 0.3333333333333333,
    "precision_at_20_percent": 0.16666666666666666,
    "precision_at_30_percent": 0.1111111111111111,
    "precision_at_40_percent": 0.25,
    "precision_at_50_percent": 0.3333333333333333,
    "precision_at_60_percent": 0.3333333333333333,
    "precision_at_70_percent": 0.3333333333333333,
    "precision_at_80_percent": 0.3333333333333333,
    "precision_at_90_percent": 0.2962962962962963,
    "recall_at_sizeof_ground_truth": 0.1568627450980392
  },
  "run_times": {
    "total_time": 44.565468822000014,
    "algorithm_time": 44.56522529900002
  }
}