{
  "name": "miller2_both_50_1_ac1_ev__Cupid{'leaf_w_struct': 0, 'w_struct': 0, 'th_accept': 0.8, 'th_high': 0.6, 'th_low': 0.35, 'c_inc': 1.2, 'c_dec': 0.9, 'th_ns': 0.5}",
  "matches": {
    "(('miller2_both_50_1_ac1_ev_source', 'Climate change adaptation (marker)'), ('miller2_both_50_1_ac1_ev_target', 'miller2_TradeDevelopment(marker)'))": 0.8304945054945057,
    "(('miller2_both_50_1_ac1_ev_source', 'Fiscal year'), ('miller2_both_50_1_ac1_ev_target', 'miller2_FiscalYear'))": 0.8285714285714285,
    "(('miller2_both_50_1_ac1_ev_source', 'Climate change mitigation (marker)'), ('miller2_both_50_1_ac1_ev_target', 'miller2_TradeDevelopment(marker)'))": 0.8179945054945056,
    "(('miller2_both_50_1_ac1_ev_source', 'Climate change adaptation (marker)'), ('miller2_both_50_1_ac1_ev_target', 'miller2_KnowledgeForDevelopment(marker)'))": 0.8054945054945056,
    "(('miller2_both_50_1_ac1_ev_source', 'Section ID'), ('miller2_both_50_1_ac1_ev_target', 'miller2_CountryRegionID'))": 0.8037240537240539
  },
  "metrics": {
    "precision": 0.3333333333333333,
    "recall": 1.0,
    "f1_score": 0.5,
    "precision_at_10_percent": 0.0,
    "precision_at_20_percent": 0.0,
    "precision_at_30_percent": 0.5,
    "precision_at_40_percent": 0.5,
    "precision_at_50_percent": 0.3333333333333333,
    "precision_at_60_percent": 0.3333333333333333,
    "precision_at_70_percent": 0.25,
    "precision_at_80_percent": 0.25,
    "precision_at_90_percent": 0.2,
    "recall_at_sizeof_ground_truth": 0.0
  },
  "run_times": {
    "total_time": 23.980404452000585,
    "algorithm_time": 23.980206352000096
  }
}