{
  "name": "miller2_both_50_50_ac5_av__Cupid{'leaf_w_struct': 0.4, 'w_struct': 0, 'th_accept': 0.4, 'th_high': 0.6, 'th_low': 0.35, 'c_inc': 1.2, 'c_dec': 0.9, 'th_ns': 0.5}",
  "matches": {
    "(('miller2_both_50_50_ac5_av_source', 'CFLI (marker)'), ('miller2_both_50_50_ac5_av_target', 'miller2_cfl(mrkr)'))": 0.5857142857142857,
    "(('miller2_both_50_50_ac5_av_source', 'Biodiversity (marker)'), ('miller2_both_50_50_ac5_av_target', 'miller2_bdvrst(mrkr)'))": 0.41904761904761906,
    "(('miller2_both_50_50_ac5_av_source', 'Children issues (marker)'), ('miller2_both_50_50_ac5_av_target', 'miller2_chldrnsss(mrkr)'))": 0.41005291005291006,
    "(('miller2_both_50_50_ac5_av_source', 'Trade development (marker)'), ('miller2_both_50_50_ac5_av_target', 'miller2_trddvlpmnt(mrkr)'))": 0.4002164502164502
  },
  "metrics": {
    "precision": 1.0,
    "recall": 0.12,
    "f1_score": 0.21428571428571425,
    "precision_at_10_percent": 1.0,
    "precision_at_20_percent": 1.0,
    "precision_at_30_percent": 1.0,
    "precision_at_40_percent": 1.0,
    "precision_at_50_percent": 1.0,
    "precision_at_60_percent": 1.0,
    "precision_at_70_percent": 1.0,
    "precision_at_80_percent": 1.0,
    "precision_at_90_percent": 1.0,
    "recall_at_sizeof_ground_truth": 0.16
  },
  "run_times": {
    "total_time": 13.173965822003083,
    "algorithm_time": 13.173750876001577
  }
}