{
  "name": "miller2_both_0_1_ac3_av__Cupid{'leaf_w_struct': 0, 'w_struct': 0.6, 'th_accept': 0.4, 'th_high': 0.6, 'th_low': 0.35, 'c_inc': 1.2, 'c_dec': 0.9, 'th_ns': 0.5}",
  "matches": {
    "(('miller2_both_0_1_ac3_av_source', 'Climate change adaptation (marker)'), ('miller2_both_0_1_ac3_av_target', 'thsss(mrkr)'))": 0.7634920634920634,
    "(('miller2_both_0_1_ac3_av_source', 'Desertification (marker)'), ('miller2_both_0_1_ac3_av_target', 'thsss(mrkr)'))": 0.7615384615384615
  },
  "metrics": {
    "precision": 0.0,
    "recall": 0.0,
    "f1_score": 0,
    "precision_at_10_percent": 0.0,
    "precision_at_20_percent": 0.0,
    "precision_at_30_percent": 0.0,
    "precision_at_40_percent": 0.0,
    "precision_at_50_percent": 0.0,
    "precision_at_60_percent": 0.0,
    "precision_at_70_percent": 0.0,
    "precision_at_80_percent": 0.0,
    "precision_at_90_percent": 0.0,
    "recall_at_sizeof_ground_truth": 0.0
  },
  "run_times": {
    "total_time": 8.402190115000849,
    "algorithm_time": 8.401973147001627
  }
}