{
  "name": "miller2_both_0_1_ac4_av__Cupid{'leaf_w_struct': 0.6, 'w_struct': 0.4, 'th_accept': 0.7, 'th_high': 0.6, 'th_low': 0.35, 'c_inc': 1.2, 'c_dec': 0.9, 'th_ns': 0.5}",
  "matches": {
    "(('miller2_both_0_1_ac4_av_source', 'PBA type'), ('miller2_both_0_1_ac4_av_target', 'miller2_SeN'))": 0.7873949579831934,
    "(('miller2_both_0_1_ac4_av_source', 'Bilateral aid (international marker)'), ('miller2_both_0_1_ac4_av_target', 'miller2_KnoFDevel'))": 0.7758333333333334,
    "(('miller2_both_0_1_ac4_av_source', 'Participatory development and good governance'), ('miller2_both_0_1_ac4_av_target', 'miller2_KnoFDevel'))": 0.7715909090909092,
    "(('miller2_both_0_1_ac4_av_source', 'CIDA business delivery model (old)'), ('miller2_both_0_1_ac4_av_target', 'miller2_SeN'))": 0.7670535714285714,
    "(('miller2_both_0_1_ac4_av_source', 'CIDA business delivery model (old)'), ('miller2_both_0_1_ac4_av_target', 'miller2_ContiN'))": 0.7645535714285714,
    "(('miller2_both_0_1_ac4_av_source', 'Fund centre ID'), ('miller2_both_0_1_ac4_av_target', 'miller2_SecID'))": 0.7621044590084838,
    "(('miller2_both_0_1_ac4_av_source', 'Fiscal year'), ('miller2_both_0_1_ac4_av_target', 'miller2_SeN'))": 0.7595204795204795,
    "(('miller2_both_0_1_ac4_av_source', 'Fund centre ID'), ('miller2_both_0_1_ac4_av_target', 'miller2_ContiID'))": 0.7564425770308123,
    "(('miller2_both_0_1_ac4_av_source', 'CFLI (marker)'), ('miller2_both_0_1_ac4_av_target', 'miller2_ChiIss'))": 0.7514285714285713,
    "(('miller2_both_0_1_ac4_av_source', 'Branch ID'), ('miller2_both_0_1_ac4_av_target', 'miller2_ProBroCoID'))": 0.7511524609843938,
    "(('miller2_both_0_1_ac4_av_source', 'PBA type'), ('miller2_both_0_1_ac4_av_target', 'miller2_ContiN'))": 0.7473949579831933,
    "(('miller2_both_0_1_ac4_av_source', 'Climate change adaptation (marker)'), ('miller2_both_0_1_ac4_av_target', 'miller2_ChiIss'))": 0.7463450834879406,
    "(('miller2_both_0_1_ac4_av_source', 'CIDA business delivery model (old)'), ('miller2_both_0_1_ac4_av_target', 'miller2_CouRegN'))": 0.7457142857142858,
    "(('miller2_both_0_1_ac4_av_source', 'CFLI (marker)'), ('miller2_both_0_1_ac4_av_target', 'miller2_KnoFDevel'))": 0.7428571428571429,
    "(('miller2_both_0_1_ac4_av_source', 'Climate change mitigation (marker)'), ('miller2_both_0_1_ac4_av_target', 'miller2_ChiIss'))": 0.7391270383751587,
    "(('miller2_both_0_1_ac4_av_source', 'Enviromental sustainability (marker)'), ('miller2_both_0_1_ac4_av_target', 'miller2_KnoFDevel'))": 0.7388775510204082,
    "(('miller2_both_0_1_ac4_av_source', 'Fund centre name'), ('miller2_both_0_1_ac4_av_target', 'miller2_ContiN'))": 0.7386446886446887,
    "(('miller2_both_0_1_ac4_av_source', 'Desertification (marker)'), ('miller2_both_0_1_ac4_av_target', 'miller2_ChiIss'))": 0.7314285714285715,
    "(('miller2_both_0_1_ac4_av_source', 'Regional program (marker)'), ('miller2_both_0_1_ac4_av_target', 'miller2_KnoFDevel'))": 0.7299489795918368,
    "(('miller2_both_0_1_ac4_av_source', 'Section ID'), ('miller2_both_0_1_ac4_av_target', 'miller2_OrganiID'))": 0.7277310924369749,
    "(('miller2_both_0_1_ac4_av_source', 'Branch ID'), ('miller2_both_0_1_ac4_av_target', 'miller2_OrganiID'))": 0.7271428571428572,
    "(('miller2_both_0_1_ac4_av_source', 'Division ID'), ('miller2_both_0_1_ac4_av_target', 'miller2_ProBroCoID'))": 0.7251020408163265,
    "(('miller2_both_0_1_ac4_av_source', 'Division ID'), ('miller2_both_0_1_ac4_av_target', 'miller2_OrganiID'))": 0.7246428571428571,
    "(('miller2_both_0_1_ac4_av_source', 'Section ID'), ('miller2_both_0_1_ac4_av_target', 'miller2_ProBroCoID'))": 0.7234813925570229,
    "(('miller2_both_0_1_ac4_av_source', 'Fiscal year'), ('miller2_both_0_1_ac4_av_target', 'miller2_ContiN'))": 0.7225974025974026,
    "(('miller2_both_0_1_ac4_av_source', 'Fund centre name'), ('miller2_both_0_1_ac4_av_target', 'miller2_SeN'))": 0.721978021978022,
    "(('miller2_both_0_1_ac4_av_source', 'Fiscal year'), ('miller2_both_0_1_ac4_av_target', 'miller2_CouRegN'))": 0.7104978354978355,
    "(('miller2_both_0_1_ac4_av_source', 'Section ID'), ('miller2_both_0_1_ac4_av_target', 'miller2_CouRegID'))": 0.7088235294117647,
    "(('miller2_both_0_1_ac4_av_source', 'Fund centre ID'), ('miller2_both_0_1_ac4_av_target', 'miller2_UrIss'))": 0.7038095238095239,
    "(('miller2_both_0_1_ac4_av_source', 'Enviromental sustainability (marker)'), ('miller2_both_0_1_ac4_av_target', 'miller2_ChiIss'))": 0.7023809523809523,
    "(('miller2_both_0_1_ac4_av_source', 'Division ID'), ('miller2_both_0_1_ac4_av_target', 'miller2_CouRegID'))": 0.7017857142857142
  },
  "metrics": {
    "precision": 0.0,
    "recall": 0.0,
    "f1_score": 0,
    "precision_at_10_percent": 0.0,
    "precision_at_20_percent": 0.0,
    "precision_at_30_percent": 0.0,
    "precision_at_40_percent": 0.0,
    "precision_at_50_percent": 0.0,
    "precision_at_60_percent": 0.0,
    "precision_at_70_percent": 0.0,
    "precision_at_80_percent": 0.0,
    "precision_at_90_percent": 0.0,
    "recall_at_sizeof_ground_truth": 0.0
  },
  "run_times": {
    "total_time": 10.830027562999021,
    "algorithm_time": 10.829823432999547
  }
}