{
  "name": "miller2_both_50_70_ac5_av__Cupid{'leaf_w_struct': 0, 'w_struct': 0.6, 'th_accept': 0.4, 'th_high': 0.6, 'th_low': 0.35, 'c_inc': 1.2, 'c_dec': 0.9, 'th_ns': 0.5}",
  "matches": {
    "(('miller2_both_50_70_ac5_av_source', 'Youth issues (marker)'), ('miller2_both_50_70_ac5_av_target', 'miller2_thsss(mrkr)'))": 0.8063492063492064,
    "(('miller2_both_50_70_ac5_av_source', 'Knowledge for development (marker)'), ('miller2_both_50_70_ac5_av_target', 'miller2_thsss(mrkr)'))": 0.7659451659451659,
    "(('miller2_both_50_70_ac5_av_source', 'Climate change adaptation (marker)'), ('miller2_both_50_70_ac5_av_target', 'miller2_thsss(mrkr)'))": 0.7646258503401361,
    "(('miller2_both_50_70_ac5_av_source', 'Bilateral aid (international marker)'), ('miller2_both_50_70_ac5_av_target', 'miller2_thsss(mrkr)'))": 0.7642390289449112,
    "(('miller2_both_50_70_ac5_av_source', 'Children issues (marker)'), ('miller2_both_50_70_ac5_av_target', 'miller2_chldrnsss(mrkr)'))": 0.764021164021164,
    "(('miller2_both_50_70_ac5_av_source', 'Trade development (marker)'), ('miller2_both_50_70_ac5_av_target', 'miller2_thsss(mrkr)'))": 0.7627705627705628,
    "(('miller2_both_50_70_ac5_av_source', 'Children issues (marker)'), ('miller2_both_50_70_ac5_av_target', 'miller2_thsss(mrkr)'))": 0.7619047619047619,
    "(('miller2_both_50_70_ac5_av_source', 'Trade development (marker)'), ('miller2_both_50_70_ac5_av_target', 'miller2_trddvlpmnt(mrkr)'))": 0.76008658008658
  },
  "metrics": {
    "precision": 1.0,
    "recall": 0.02857142857142857,
    "f1_score": 0.05555555555555556,
    "precision_at_10_percent": 1.0,
    "precision_at_20_percent": 0.5,
    "precision_at_30_percent": 0.3333333333333333,
    "precision_at_40_percent": 0.25,
    "precision_at_50_percent": 0.25,
    "precision_at_60_percent": 0.4,
    "precision_at_70_percent": 0.3333333333333333,
    "precision_at_80_percent": 0.2857142857142857,
    "precision_at_90_percent": 0.375,
    "recall_at_sizeof_ground_truth": 0.08571428571428572
  },
  "run_times": {
    "total_time": 18.277369498999178,
    "algorithm_time": 18.277110324001114
  }
}