{
  "name": "miller2_both_50_50_ac3_ev__Cupid{'leaf_w_struct': 0, 'w_struct': 0, 'th_accept': 0.4, 'th_high': 0.6, 'th_low': 0.35, 'c_inc': 1.2, 'c_dec': 0.9, 'th_ns': 0.5}",
  "matches": {
    "(('miller2_both_50_50_ac3_ev_source', 'Status'), ('miller2_both_50_50_ac3_ev_target', 'stts'))": 0.5,
    "(('miller2_both_50_50_ac3_ev_source', 'Climate change adaptation (marker)'), ('miller2_both_50_50_ac3_ev_target', 'thsss(mrkr)'))": 0.4365079365079365,
    "(('miller2_both_50_50_ac3_ev_source', 'Climate change mitigation (marker)'), ('miller2_both_50_50_ac3_ev_target', 'thsss(mrkr)'))": 0.41798941798941797,
    "(('miller2_both_50_50_ac3_ev_source', 'Desertification (marker)'), ('miller2_both_50_50_ac3_ev_target', 'dsrtfctn(mrkr)'))": 0.4166666666666667,
    "(('miller2_both_50_50_ac3_ev_source', 'PBA type'), ('miller2_both_50_50_ac3_ev_target', 'pbtp'))": 0.4166666666666667,
    "(('miller2_both_50_50_ac3_ev_source', 'Status'), ('miller2_both_50_50_ac3_ev_target', 'sctnd'))": 0.41666666666666663,
    "(('miller2_both_50_50_ac3_ev_source', 'FSTC percent'), ('miller2_both_50_50_ac3_ev_target', 'fstcprcnt'))": 0.40740740740740744,
    "(('miller2_both_50_50_ac3_ev_source', 'Desertification (marker)'), ('miller2_both_50_50_ac3_ev_target', 'thsss(mrkr)'))": 0.40384615384615385,
    "(('miller2_both_50_50_ac3_ev_source', 'Trade development (marker)'), ('miller2_both_50_50_ac3_ev_target', 'thsss(mrkr)'))": 0.4025974025974026
  },
  "metrics": {
    "precision": 0.75,
    "recall": 0.12,
    "f1_score": 0.20689655172413793,
    "precision_at_10_percent": 1.0,
    "precision_at_20_percent": 0.5,
    "precision_at_30_percent": 0.3333333333333333,
    "precision_at_40_percent": 0.5,
    "precision_at_50_percent": 0.6,
    "precision_at_60_percent": 0.5,
    "precision_at_70_percent": 0.5714285714285714,
    "precision_at_80_percent": 0.5,
    "precision_at_90_percent": 0.4444444444444444,
    "recall_at_sizeof_ground_truth": 0.16
  },
  "run_times": {
    "total_time": 8.714315924997209,
    "algorithm_time": 8.71409753899934
  }
}