{
  "name": "miller2_both_50_1_ac5_ev__Cupid{'leaf_w_struct': 0.6, 'w_struct': 0.2, 'th_accept': 0.5, 'th_high': 0.6, 'th_low': 0.35, 'c_inc': 1.2, 'c_dec': 0.9, 'th_ns': 0.5}",
  "matches": {
    "(('miller2_both_50_1_ac5_ev_source', 'Climate change adaptation (marker)'), ('miller2_both_50_1_ac5_ev_target', 'miller2_thsss(mrkr)'))": 0.5292517006802722,
    "(('miller2_both_50_1_ac5_ev_source', 'Desertification (marker)'), ('miller2_both_50_1_ac5_ev_target', 'miller2_thsss(mrkr)'))": 0.527032967032967,
    "(('miller2_both_50_1_ac5_ev_source', 'Bilateral aid (international marker)'), ('miller2_both_50_1_ac5_ev_target', 'miller2_thsss(mrkr)'))": 0.5207857501975149,
    "(('miller2_both_50_1_ac5_ev_source', 'CFLI (marker)'), ('miller2_both_50_1_ac5_ev_target', 'miller2_chldrnsss(mrkr)'))": 0.5174603174603175,
    "(('miller2_both_50_1_ac5_ev_source', 'Climate change mitigation (marker)'), ('miller2_both_50_1_ac5_ev_target', 'miller2_thsss(mrkr)'))": 0.5167974882260598,
    "(('miller2_both_50_1_ac5_ev_source', 'Climate change mitigation (marker)'), ('miller2_both_50_1_ac5_ev_target', 'miller2_chldrnsss(mrkr)'))": 0.5061224489795919,
    "(('miller2_both_50_1_ac5_ev_source', 'CFLI (marker)'), ('miller2_both_50_1_ac5_ev_target', 'miller2_thsss(mrkr)'))": 0.5006593406593407
  },
  "metrics": {
    "precision": 0.0,
    "recall": 0.0,
    "f1_score": 0,
    "precision_at_10_percent": 0.0,
    "precision_at_20_percent": 0.0,
    "precision_at_30_percent": 0.0,
    "precision_at_40_percent": 0.0,
    "precision_at_50_percent": 0.0,
    "precision_at_60_percent": 0.0,
    "precision_at_70_percent": 0.0,
    "precision_at_80_percent": 0.0,
    "precision_at_90_percent": 0.0,
    "recall_at_sizeof_ground_truth": 0.0
  },
  "run_times": {
    "total_time": 10.17398069200135,
    "algorithm_time": 10.173765979001473
  }
}