{
  "name": "miller2_both_0_70_ac3_ev__Cupid{'leaf_w_struct': 0.2, 'w_struct': 0.4, 'th_accept': 0.5, 'th_high': 0.6, 'th_low': 0.35, 'c_inc': 1.2, 'c_dec': 0.9, 'th_ns': 0.5}",
  "matches": {
    "(('miller2_both_0_70_ac3_ev_source', 'CFLI (marker)'), ('miller2_both_0_70_ac3_ev_target', 'cfl(mrkr)'))": 0.775,
    "(('miller2_both_0_70_ac3_ev_source', 'Youth issues (marker)'), ('miller2_both_0_70_ac3_ev_target', 'thsss(mrkr)'))": 0.72,
    "(('miller2_both_0_70_ac3_ev_source', 'Status'), ('miller2_both_0_70_ac3_ev_target', 'stts'))": 0.7,
    "(('miller2_both_0_70_ac3_ev_source', 'Status'), ('miller2_both_0_70_ac3_ev_target', 'sctnd'))": 0.65,
    "(('miller2_both_0_70_ac3_ev_source', 'Biodiversity (marker)'), ('miller2_both_0_70_ac3_ev_target', 'bdvrst(mrkr)'))": 0.65,
    "(('miller2_both_0_70_ac3_ev_source', 'Knowledge for development (marker)'), ('miller2_both_0_70_ac3_ev_target', 'thsss(mrkr)'))": 0.6472727272727272,
    "(('miller2_both_0_70_ac3_ev_source', 'Climate change adaptation (marker)'), ('miller2_both_0_70_ac3_ev_target', 'thsss(mrkr)'))": 0.6452380952380953,
    "(('miller2_both_0_70_ac3_ev_source', 'FSTC percent'), ('miller2_both_0_70_ac3_ev_target', 'fstcprcnt'))": 0.6444444444444445,
    "(('miller2_both_0_70_ac3_ev_source', 'Desertification (marker)'), ('miller2_both_0_70_ac3_ev_target', 'thsss(mrkr)'))": 0.6423076923076924,
    "(('miller2_both_0_70_ac3_ev_source', 'Trade development (marker)'), ('miller2_both_0_70_ac3_ev_target', 'thsss(mrkr)'))": 0.6415584415584416,
    "(('miller2_both_0_70_ac3_ev_source', 'Children issues (marker)'), ('miller2_both_0_70_ac3_ev_target', 'thsss(mrkr)'))": 0.64,
    "(('miller2_both_0_70_ac3_ev_source', 'Trade development (marker)'), ('miller2_both_0_70_ac3_ev_target', 'trddvlpmnt(mrkr)'))": 0.6367272727272727,
    "(('miller2_both_0_70_ac3_ev_source', 'Programming process (new)'), ('miller2_both_0_70_ac3_ev_target', 'prgrmmngprcss(nw)'))": 0.6338461538461538,
    "(('miller2_both_0_70_ac3_ev_source', 'Climate change mitigation (marker)'), ('miller2_both_0_70_ac3_ev_target', 'thsss(mrkr)'))": 0.6315628815628815,
    "(('miller2_both_0_70_ac3_ev_source', 'Biodiversity (marker)'), ('miller2_both_0_70_ac3_ev_target', 'thsss(mrkr)'))": 0.6294871794871795,
    "(('miller2_both_0_70_ac3_ev_source', 'Branch name'), ('miller2_both_0_70_ac3_ev_target', 'brnchnm'))": 0.6285714285714286,
    "(('miller2_both_0_70_ac3_ev_source', 'Branch ID'), ('miller2_both_0_70_ac3_ev_target', 'brnchnm'))": 0.6285714285714286,
    "(('miller2_both_0_70_ac3_ev_source', 'Disability issues (marker)'), ('miller2_both_0_70_ac3_ev_target', 'thsss(mrkr)'))": 0.6266666666666667
  },
  "metrics": {
    "precision": 1.0,
    "recall": 0.14285714285714285,
    "f1_score": 0.25,
    "precision_at_10_percent": 1.0,
    "precision_at_20_percent": 0.75,
    "precision_at_30_percent": 0.6666666666666666,
    "precision_at_40_percent": 0.625,
    "precision_at_50_percent": 0.5555555555555556,
    "precision_at_60_percent": 0.45454545454545453,
    "precision_at_70_percent": 0.5384615384615384,
    "precision_at_80_percent": 0.4666666666666667,
    "precision_at_90_percent": 0.47058823529411764,
    "recall_at_sizeof_ground_truth": 0.22857142857142856
  },
  "run_times": {
    "total_time": 16.53920586499953,
    "algorithm_time": 16.53896159499891
  }
}