{
  "name": "miller2_both_0_50_ac3_ev__Cupid{'leaf_w_struct': 0.2, 'w_struct': 0.4, 'th_accept': 0.5, 'th_high': 0.6, 'th_low': 0.35, 'c_inc': 1.2, 'c_dec': 0.9, 'th_ns': 0.5}",
  "matches": {
    "(('miller2_both_0_50_ac3_ev_source', 'Status'), ('miller2_both_0_50_ac3_ev_target', 'stts'))": 0.7,
    "(('miller2_both_0_50_ac3_ev_source', 'Branch ID'), ('miller2_both_0_50_ac3_ev_target', 'brnchd'))": 0.6833333333333333,
    "(('miller2_both_0_50_ac3_ev_source', 'Branch name'), ('miller2_both_0_50_ac3_ev_target', 'brnchd'))": 0.6666666666666666,
    "(('miller2_both_0_50_ac3_ev_source', 'Desertification (marker)'), ('miller2_both_0_50_ac3_ev_target', 'dsrtfctn(mrkr)'))": 0.65,
    "(('miller2_both_0_50_ac3_ev_source', 'PBA type'), ('miller2_both_0_50_ac3_ev_target', 'pbtp'))": 0.65,
    "(('miller2_both_0_50_ac3_ev_source', 'Biodiversity (marker)'), ('miller2_both_0_50_ac3_ev_target', 'bdvrst(mrkr)'))": 0.65,
    "(('miller2_both_0_50_ac3_ev_source', 'Knowledge for development (marker)'), ('miller2_both_0_50_ac3_ev_target', 'thsss(mrkr)'))": 0.6472727272727272,
    "(('miller2_both_0_50_ac3_ev_source', 'Continent name'), ('miller2_both_0_50_ac3_ev_target', 'cntnntnm'))": 0.6472222222222223,
    "(('miller2_both_0_50_ac3_ev_source', 'Climate change adaptation (marker)'), ('miller2_both_0_50_ac3_ev_target', 'thsss(mrkr)'))": 0.6452380952380953,
    "(('miller2_both_0_50_ac3_ev_source', 'Desertification (marker)'), ('miller2_both_0_50_ac3_ev_target', 'thsss(mrkr)'))": 0.6423076923076924,
    "(('miller2_both_0_50_ac3_ev_source', 'Trade development (marker)'), ('miller2_both_0_50_ac3_ev_target', 'thsss(mrkr)'))": 0.6415584415584416,
    "(('miller2_both_0_50_ac3_ev_source', 'Children issues (marker)'), ('miller2_both_0_50_ac3_ev_target', 'thsss(mrkr)'))": 0.64,
    "(('miller2_both_0_50_ac3_ev_source', 'Trade development (marker)'), ('miller2_both_0_50_ac3_ev_target', 'trddvlpmnt(mrkr)'))": 0.6367272727272727,
    "(('miller2_both_0_50_ac3_ev_source', 'Programming process (new)'), ('miller2_both_0_50_ac3_ev_target', 'prgrmmngprcss(nw)'))": 0.6338461538461538,
    "(('miller2_both_0_50_ac3_ev_source', 'Children issues (marker)'), ('miller2_both_0_50_ac3_ev_target', 'chldrnsss(mrkr)'))": 0.6333333333333333,
    "(('miller2_both_0_50_ac3_ev_source', 'CFLI (marker)'), ('miller2_both_0_50_ac3_ev_target', 'chldrnsss(mrkr)'))": 0.6333333333333333,
    "(('miller2_both_0_50_ac3_ev_source', 'Climate change mitigation (marker)'), ('miller2_both_0_50_ac3_ev_target', 'thsss(mrkr)'))": 0.6315628815628815,
    "(('miller2_both_0_50_ac3_ev_source', 'Biodiversity (marker)'), ('miller2_both_0_50_ac3_ev_target', 'thsss(mrkr)'))": 0.6294871794871795
  },
  "metrics": {
    "precision": 0.8571428571428571,
    "recall": 0.24,
    "f1_score": 0.375,
    "precision_at_10_percent": 1.0,
    "precision_at_20_percent": 0.75,
    "precision_at_30_percent": 0.8333333333333334,
    "precision_at_40_percent": 0.75,
    "precision_at_50_percent": 0.6666666666666666,
    "precision_at_60_percent": 0.5454545454545454,
    "precision_at_70_percent": 0.5384615384615384,
    "precision_at_80_percent": 0.6,
    "precision_at_90_percent": 0.5294117647058824,
    "recall_at_sizeof_ground_truth": 0.36
  },
  "run_times": {
    "total_time": 13.582319406999886,
    "algorithm_time": 13.58209810000153
  }
}