{
  "name": "miller2_both_50_30_ac4_av__Cupid{'leaf_w_struct': 0, 'w_struct': 0, 'th_accept': 0.7, 'th_high': 0.6, 'th_low': 0.35, 'c_inc': 1.2, 'c_dec': 0.9, 'th_ns': 0.5}",
  "matches": {
    "(('miller2_both_50_30_ac4_av_source', 'Organisation ID'), ('miller2_both_50_30_ac4_av_target', 'miller2_SectID'))": 0.7362637362637362,
    "(('miller2_both_50_30_ac4_av_source', 'Section ID'), ('miller2_both_50_30_ac4_av_target', 'miller2_CoReID'))": 0.726218487394958,
    "(('miller2_both_50_30_ac4_av_source', 'Organisation ID'), ('miller2_both_50_30_ac4_av_target', 'miller2_CoReID'))": 0.7228571428571426,
    "(('miller2_both_50_30_ac4_av_source', 'Division ID'), ('miller2_both_50_30_ac4_av_target', 'miller2_CoReID'))": 0.7085714285714285,
    "(('miller2_both_50_30_ac4_av_source', 'Branch ID'), ('miller2_both_50_30_ac4_av_target', 'miller2_CoReID'))": 0.7026890756302521
  },
  "metrics": {
    "precision": 0.0,
    "recall": 0.0,
    "f1_score": 0,
    "precision_at_10_percent": 0.0,
    "precision_at_20_percent": 0.0,
    "precision_at_30_percent": 0.0,
    "precision_at_40_percent": 0.0,
    "precision_at_50_percent": 0.0,
    "precision_at_60_percent": 0.0,
    "precision_at_70_percent": 0.0,
    "precision_at_80_percent": 0.0,
    "precision_at_90_percent": 0.0,
    "recall_at_sizeof_ground_truth": 0.0
  },
  "run_times": {
    "total_time": 14.366767808998702,
    "algorithm_time": 14.366523075997975
  }
}