{
  "name": "miller2_both_0_70_ac2_av__Cupid{'leaf_w_struct': 0, 'w_struct': 0.2, 'th_accept': 0.7, 'th_high': 0.6, 'th_low': 0.35, 'c_inc': 1.2, 'c_dec': 0.9, 'th_ns': 0.5}",
  "matches": {
    "(('miller2_both_0_70_ac2_av_source', 'Section ID'), ('miller2_both_0_70_ac2_av_target', 'SectID'))": 0.8666666666666667,
    "(('miller2_both_0_70_ac2_av_source', 'Organisation sub-class'), ('miller2_both_0_70_ac2_av_target', 'SecN'))": 0.8666666666666667,
    "(('miller2_both_0_70_ac2_av_source', 'CountryRegion ID'), ('miller2_both_0_70_ac2_av_target', 'SectID'))": 0.8511111111111112,
    "(('miller2_both_0_70_ac2_av_source', 'Division ID'), ('miller2_both_0_70_ac2_av_target', 'SectID'))": 0.8500000000000001,
    "(('miller2_both_0_70_ac2_av_source', 'CountryRegion ID'), ('miller2_both_0_70_ac2_av_target', 'BrID'))": 0.8471111111111111,
    "(('miller2_both_0_70_ac2_av_source', 'Organisation sub-class'), ('miller2_both_0_70_ac2_av_target', 'BrN'))": 0.8461538461538463,
    "(('miller2_both_0_70_ac2_av_source', 'Division ID'), ('miller2_both_0_70_ac2_av_target', 'BrID'))": 0.8400000000000001,
    "(('miller2_both_0_70_ac2_av_source', 'Branch ID'), ('miller2_both_0_70_ac2_av_target', 'SectID'))": 0.835294117647059,
    "(('miller2_both_0_70_ac2_av_source', 'PBA type'), ('miller2_both_0_70_ac2_av_target', 'BrN'))": 0.831372549019608,
    "(('miller2_both_0_70_ac2_av_source', 'Organisation type'), ('miller2_both_0_70_ac2_av_target', 'SecN'))": 0.8313725490196078,
    "(('miller2_both_0_70_ac2_av_source', 'Fiscal year'), ('miller2_both_0_70_ac2_av_target', 'BrN'))": 0.8285714285714285,
    "(('miller2_both_0_70_ac2_av_source', 'Section ID'), ('miller2_both_0_70_ac2_av_target', 'BrID'))": 0.8243137254901962,
    "(('miller2_both_0_70_ac2_av_source', 'Continent ID'), ('miller2_both_0_70_ac2_av_target', 'ContiID'))": 0.8222222222222222,
    "(('miller2_both_0_70_ac2_av_source', 'Fiscal year'), ('miller2_both_0_70_ac2_av_target', 'SecN'))": 0.8181818181818181,
    "(('miller2_both_0_70_ac2_av_source', 'Organisation type'), ('miller2_both_0_70_ac2_av_target', 'BrN'))": 0.8108597285067873,
    "(('miller2_both_0_70_ac2_av_source', 'CountryRegion ID'), ('miller2_both_0_70_ac2_av_target', 'CouRegID'))": 0.7925925925925927,
    "(('miller2_both_0_70_ac2_av_source', 'Branch ID'), ('miller2_both_0_70_ac2_av_target', 'BrID'))": 0.7882352941176471,
    "(('miller2_both_0_70_ac2_av_source', 'Division ID'), ('miller2_both_0_70_ac2_av_target', 'DiID'))": 0.7875000000000001,
    "(('miller2_both_0_70_ac2_av_source', 'FSTC percent'), ('miller2_both_0_70_ac2_av_target', 'FSTCPer'))": 0.7857142857142858,
    "(('miller2_both_0_70_ac2_av_source', 'Organisation class'), ('miller2_both_0_70_ac2_av_target', 'SecN'))": 0.7777777777777779,
    "(('miller2_both_0_70_ac2_av_source', 'CountryRegion ID'), ('miller2_both_0_70_ac2_av_target', 'DiID'))": 0.7777777777777779,
    "(('miller2_both_0_70_ac2_av_source', 'CountryRegion ID'), ('miller2_both_0_70_ac2_av_target', 'OrganiID'))": 0.7777777777777779,
    "(('miller2_both_0_70_ac2_av_source', 'Sector ID'), ('miller2_both_0_70_ac2_av_target', 'SeID'))": 0.7777777777777779,
    "(('miller2_both_0_70_ac2_av_source', 'CIDA business delivery model (old)'), ('miller2_both_0_70_ac2_av_target', 'BrN'))": 0.7670748299319727,
    "(('miller2_both_0_70_ac2_av_source', 'Organisation class'), ('miller2_both_0_70_ac2_av_target', 'BrN'))": 0.7661538461538462,
    "(('miller2_both_0_70_ac2_av_source', 'PBA type'), ('miller2_both_0_70_ac2_av_target', 'OrgN'))": 0.7647058823529411,
    "(('miller2_both_0_70_ac2_av_source', 'PBA type'), ('miller2_both_0_70_ac2_av_target', 'SecN'))": 0.7647058823529411,
    "(('miller2_both_0_70_ac2_av_source', 'CIDA business delivery model (old)'), ('miller2_both_0_70_ac2_av_target', 'SecN'))": 0.7643857543017207,
    "(('miller2_both_0_70_ac2_av_source', 'Organisation sub-class'), ('miller2_both_0_70_ac2_av_target', 'OrgN'))": 0.7633333333333334
  },
  "metrics": {
    "precision": 0.625,
    "recall": 0.14285714285714285,
    "f1_score": 0.23255813953488372,
    "precision_at_10_percent": 0.3333333333333333,
    "precision_at_20_percent": 0.16666666666666666,
    "precision_at_30_percent": 0.1111111111111111,
    "precision_at_40_percent": 0.08333333333333333,
    "precision_at_50_percent": 0.13333333333333333,
    "precision_at_60_percent": 0.2777777777777778,
    "precision_at_70_percent": 0.2857142857142857,
    "precision_at_80_percent": 0.2916666666666667,
    "precision_at_90_percent": 0.25925925925925924,
    "recall_at_sizeof_ground_truth": 0.2
  },
  "run_times": {
    "total_time": 30.54830396699981,
    "algorithm_time": 30.548055844001283
  }
}