{
  "name": "miller2_both_0_70_ac3_ev__Cupid{'leaf_w_struct': 0, 'w_struct': 0.2, 'th_accept': 0.5, 'th_high': 0.6, 'th_low': 0.35, 'c_inc': 1.2, 'c_dec': 0.9, 'th_ns': 0.5}",
  "matches": {
    "(('miller2_both_0_70_ac3_ev_source', 'CFLI (marker)'), ('miller2_both_0_70_ac3_ev_target', 'cfl(mrkr)'))": 0.7,
    "(('miller2_both_0_70_ac3_ev_source', 'Youth issues (marker)'), ('miller2_both_0_70_ac3_ev_target', 'thsss(mrkr)'))": 0.6266666666666667
  },
  "metrics": {
    "precision": 1.0,
    "recall": 0.05714285714285714,
    "f1_score": 0.1081081081081081,
    "precision_at_10_percent": 1.0,
    "precision_at_20_percent": 1.0,
    "precision_at_30_percent": 1.0,
    "precision_at_40_percent": 1.0,
    "precision_at_50_percent": 1.0,
    "precision_at_60_percent": 1.0,
    "precision_at_70_percent": 1.0,
    "precision_at_80_percent": 1.0,
    "precision_at_90_percent": 1.0,
    "recall_at_sizeof_ground_truth": 0.05714285714285714
  },
  "run_times": {
    "total_time": 18.15765337800076,
    "algorithm_time": 18.15740762799942
  }
}