{
  "name": "miller2_both_0_70_ac3_ev__Cupid{'leaf_w_struct': 0, 'w_struct': 0.6, 'th_accept': 0.4, 'th_high': 0.6, 'th_low': 0.35, 'c_inc': 1.2, 'c_dec': 0.9, 'th_ns': 0.5}",
  "matches": {
    "(('miller2_both_0_70_ac3_ev_source', 'CFLI (marker)'), ('miller2_both_0_70_ac3_ev_target', 'cfl(mrkr)'))": 0.85,
    "(('miller2_both_0_70_ac3_ev_source', 'Youth issues (marker)'), ('miller2_both_0_70_ac3_ev_target', 'thsss(mrkr)'))": 0.8133333333333334,
    "(('miller2_both_0_70_ac3_ev_source', 'Status'), ('miller2_both_0_70_ac3_ev_target', 'stts'))": 0.8,
    "(('miller2_both_0_70_ac3_ev_source', 'Status'), ('miller2_both_0_70_ac3_ev_target', 'sctnd'))": 0.7666666666666666,
    "(('miller2_both_0_70_ac3_ev_source', 'Biodiversity (marker)'), ('miller2_both_0_70_ac3_ev_target', 'bdvrst(mrkr)'))": 0.7666666666666666,
    "(('miller2_both_0_70_ac3_ev_source', 'Knowledge for development (marker)'), ('miller2_both_0_70_ac3_ev_target', 'thsss(mrkr)'))": 0.7648484848484849,
    "(('miller2_both_0_70_ac3_ev_source', 'Climate change adaptation (marker)'), ('miller2_both_0_70_ac3_ev_target', 'thsss(mrkr)'))": 0.7634920634920634,
    "(('miller2_both_0_70_ac3_ev_source', 'FSTC percent'), ('miller2_both_0_70_ac3_ev_target', 'fstcprcnt'))": 0.762962962962963,
    "(('miller2_both_0_70_ac3_ev_source', 'Desertification (marker)'), ('miller2_both_0_70_ac3_ev_target', 'thsss(mrkr)'))": 0.7615384615384615,
    "(('miller2_both_0_70_ac3_ev_source', 'Trade development (marker)'), ('miller2_both_0_70_ac3_ev_target', 'thsss(mrkr)'))": 0.7610389610389611
  },
  "metrics": {
    "precision": 1.0,
    "recall": 0.11428571428571428,
    "f1_score": 0.20512820512820512,
    "precision_at_10_percent": 1.0,
    "precision_at_20_percent": 1.0,
    "precision_at_30_percent": 1.0,
    "precision_at_40_percent": 0.75,
    "precision_at_50_percent": 0.8,
    "precision_at_60_percent": 0.6666666666666666,
    "precision_at_70_percent": 0.5714285714285714,
    "precision_at_80_percent": 0.625,
    "precision_at_90_percent": 0.5555555555555556,
    "recall_at_sizeof_ground_truth": 0.14285714285714285
  },
  "run_times": {
    "total_time": 18.890035061000162,
    "algorithm_time": 18.889799391999986
  }
}