{
  "name": "miller2_both_0_50_ac2_av__Cupid{'leaf_w_struct': 0, 'w_struct': 0.2, 'th_accept': 0.8, 'th_high': 0.6, 'th_low': 0.35, 'c_inc': 1.2, 'c_dec': 0.9, 'th_ns': 0.5}",
  "matches": {
    "(('miller2_both_0_50_ac2_av_source', 'PBA type'), ('miller2_both_0_50_ac2_av_target', 'ConN'))": 0.8910216718266255,
    "(('miller2_both_0_50_ac2_av_source', 'Division ID'), ('miller2_both_0_50_ac2_av_target', 'BrID'))": 0.8400000000000001
  },
  "metrics": {
    "precision": 0.0,
    "recall": 0.0,
    "f1_score": 0,
    "precision_at_10_percent": 0.0,
    "precision_at_20_percent": 0.0,
    "precision_at_30_percent": 0.0,
    "precision_at_40_percent": 0.0,
    "precision_at_50_percent": 0.0,
    "precision_at_60_percent": 0.0,
    "precision_at_70_percent": 0.0,
    "precision_at_80_percent": 0.0,
    "precision_at_90_percent": 0.0,
    "recall_at_sizeof_ground_truth": 0.0
  },
  "run_times": {
    "total_time": 27.038883399000042,
    "algorithm_time": 27.03857661300026
  }
}